{"targets": ["Certification"], "jobs": 2, "clean_requested": true}
All targets up-to-date (1588 jobs).

{"module": "CircuitCorrectness.Pratt", "exit_code": 0, "seconds": 3.5801559579999775, "maximum_child_rss_bytes": 1152499712, "user_seconds": 1.7763769999999999, "system_seconds": 1.831786, "log": "results/clean_build_modules/CircuitCorrectness.Pratt.log", "command": ["/Users/hanbunko/Downloads/zkCNN/VerImgCmp/circuit_correctness/.elan/toolchains/leanprover--lean4---v4.28.0/bin/lake", "--no-cache", "build", "+CircuitCorrectness.Pratt"]}
✔ [1587/1587] Built CircuitCorrectness.Pratt (2.1s)
Build completed successfully (1587 jobs).

{"module": "CircuitCorrectness.Field", "exit_code": 0, "seconds": 4.876885958000003, "maximum_child_rss_bytes": 2134769664, "user_seconds": 4.685887, "system_seconds": 3.12062, "log": "results/clean_build_modules/CircuitCorrectness.Field.log", "command": ["/Users/hanbunko/Downloads/zkCNN/VerImgCmp/circuit_correctness/.elan/toolchains/leanprover--lean4---v4.28.0/bin/lake", "--no-cache", "build", "+CircuitCorrectness.Field"]}
✔ [1588/1588] Built CircuitCorrectness.Field (3.2s)
Build completed successfully (1588 jobs).

{"module": "CircuitCorrectness.R1CS", "exit_code": 0, "seconds": 4.1400974580001275, "maximum_child_rss_bytes": 2053275648, "user_seconds": 1.899012, "system_seconds": 2.606674, "log": "results/clean_build_modules/CircuitCorrectness.R1CS.log", "command": ["/Users/hanbunko/Downloads/zkCNN/VerImgCmp/circuit_correctness/.elan/toolchains/leanprover--lean4---v4.28.0/bin/lake", "--no-cache", "build", "+CircuitCorrectness.R1CS"]}
✔ [1589/1589] Built CircuitCorrectness.R1CS (2.3s)
Build completed successfully (1589 jobs).

{"module": "CircuitCorrectness.Parameters", "exit_code": 0, "seconds": 5.050685833999978, "maximum_child_rss_bytes": 2069774336, "user_seconds": 3.108171, "system_seconds": 2.621747, "log": "results/clean_build_modules/CircuitCorrectness.Parameters.log", "command": ["/Users/hanbunko/Downloads/zkCNN/VerImgCmp/circuit_correctness/.elan/toolchains/leanprover--lean4---v4.28.0/bin/lake", "--no-cache", "build", "+CircuitCorrectness.Parameters"]}
✔ [1589/1589] Built CircuitCorrectness.Parameters (3.2s)
Build completed successfully (1589 jobs).

{"module": "CircuitCorrectness.Affine", "exit_code": 0, "seconds": 4.064772833000006, "maximum_child_rss_bytes": 2062401536, "user_seconds": 2.252372, "system_seconds": 2.455683, "log": "results/clean_build_modules/CircuitCorrectness.Affine.log", "command": ["/Users/hanbunko/Downloads/zkCNN/VerImgCmp/circuit_correctness/.elan/toolchains/leanprover--lean4---v4.28.0/bin/lake", "--no-cache", "build", "+CircuitCorrectness.Affine"]}
⚠ [1590/1590] Built CircuitCorrectness.Affine (2.4s)
warning: CircuitCorrectness/Affine.lean:52:33: This simp argument is unused:
  add_assoc

Hint: Omit it from the simp argument list.
  simp [ih, add_left_comm,̵ ̵a̵d̵d̵_̵a̵s̵s̵o̵c̵]

Note: This linter can be disabled with `set_option linter.unusedSimpArgs false`
Build completed successfully (1590 jobs).

{"module": "CircuitCorrectness.Example", "exit_code": 0, "seconds": 4.041281165999862, "maximum_child_rss_bytes": 2062925824, "user_seconds": 2.265611, "system_seconds": 2.390205, "log": "results/clean_build_modules/CircuitCorrectness.Example.log", "command": ["/Users/hanbunko/Downloads/zkCNN/VerImgCmp/circuit_correctness/.elan/toolchains/leanprover--lean4---v4.28.0/bin/lake", "--no-cache", "build", "+CircuitCorrectness.Example"]}
✔ [1590/1590] Built CircuitCorrectness.Example (2.3s)
Build completed successfully (1590 jobs).

{"module": "CircuitCorrectness.Gadgets", "exit_code": 0, "seconds": 4.004780541999935, "maximum_child_rss_bytes": 2068168704, "user_seconds": 2.045562, "system_seconds": 2.526568, "log": "results/clean_build_modules/CircuitCorrectness.Gadgets.log", "command": ["/Users/hanbunko/Downloads/zkCNN/VerImgCmp/circuit_correctness/.elan/toolchains/leanprover--lean4---v4.28.0/bin/lake", "--no-cache", "build", "+CircuitCorrectness.Gadgets"]}
✔ [1593/1593] Built CircuitCorrectness.Gadgets (2.2s)
Build completed successfully (1593 jobs).

{"module": "CircuitCorrectness.Arithmetic", "exit_code": 0, "seconds": 4.249988459000178, "maximum_child_rss_bytes": 2069905408, "user_seconds": 2.172102, "system_seconds": 2.620299, "log": "results/clean_build_modules/CircuitCorrectness.Arithmetic.log", "command": ["/Users/hanbunko/Downloads/zkCNN/VerImgCmp/circuit_correctness/.elan/toolchains/leanprover--lean4---v4.28.0/bin/lake", "--no-cache", "build", "+CircuitCorrectness.Arithmetic"]}
✔ [1594/1594] Built CircuitCorrectness.Arithmetic (2.5s)
Build completed successfully (1594 jobs).

{"module": "CircuitCorrectness.Byte", "exit_code": 0, "seconds": 4.821486166999875, "maximum_child_rss_bytes": 2206597120, "user_seconds": 3.243266, "system_seconds": 2.635255, "log": "results/clean_build_modules/CircuitCorrectness.Byte.log", "command": ["/Users/hanbunko/Downloads/zkCNN/VerImgCmp/circuit_correctness/.elan/toolchains/leanprover--lean4---v4.28.0/bin/lake", "--no-cache", "build", "+CircuitCorrectness.Byte"]}
✔ [1595/1595] Built CircuitCorrectness.Byte (3.0s)
Build completed successfully (1595 jobs).

{"module": "CircuitCorrectness.Spec", "exit_code": 0, "seconds": 4.151122916999611, "maximum_child_rss_bytes": 2061582336, "user_seconds": 2.087373, "system_seconds": 2.477966, "log": "results/clean_build_modules/CircuitCorrectness.Spec.log", "command": ["/Users/hanbunko/Downloads/zkCNN/VerImgCmp/circuit_correctness/.elan/toolchains/leanprover--lean4---v4.28.0/bin/lake", "--no-cache", "build", "+CircuitCorrectness.Spec"]}
✔ [1595/1595] Built CircuitCorrectness.Spec (2.4s)
Build completed successfully (1595 jobs).

{"module": "CircuitCorrectness.ParameterChecks", "exit_code": 0, "seconds": 4.9162654589999875, "maximum_child_rss_bytes": 2196422656, "user_seconds": 3.093529, "system_seconds": 2.4847989999999998, "log": "results/clean_build_modules/CircuitCorrectness.ParameterChecks.log", "command": ["/Users/hanbunko/Downloads/zkCNN/VerImgCmp/circuit_correctness/.elan/toolchains/leanprover--lean4---v4.28.0/bin/lake", "--no-cache", "build", "+CircuitCorrectness.ParameterChecks"]}
✔ [1596/1596] Built CircuitCorrectness.ParameterChecks (3.1s)
Build completed successfully (1596 jobs).

{"module": "CircuitCorrectness.DctSpec", "exit_code": 0, "seconds": 17.231335040999966, "maximum_child_rss_bytes": 3802660864, "user_seconds": 15.851045, "system_seconds": 3.094062, "log": "results/clean_build_modules/CircuitCorrectness.DctSpec.log", "command": ["/Users/hanbunko/Downloads/zkCNN/VerImgCmp/circuit_correctness/.elan/toolchains/leanprover--lean4---v4.28.0/bin/lake", "--no-cache", "build", "+CircuitCorrectness.DctSpec"]}
✔ [1598/1598] Built CircuitCorrectness.DctSpec (15s)
Build completed successfully (1598 jobs).

{"module": "CircuitCorrectness.StraightLine", "exit_code": 0, "seconds": 4.314311209000152, "maximum_child_rss_bytes": 2077638656, "user_seconds": 2.392638, "system_seconds": 2.674734, "log": "results/clean_build_modules/CircuitCorrectness.StraightLine.log", "command": ["/Users/hanbunko/Downloads/zkCNN/VerImgCmp/circuit_correctness/.elan/toolchains/leanprover--lean4---v4.28.0/bin/lake", "--no-cache", "build", "+CircuitCorrectness.StraightLine"]}
✔ [1590/1590] Built CircuitCorrectness.StraightLine (2.4s)
Build completed successfully (1590 jobs).

{"module": "CircuitCorrectness.DctProgram", "exit_code": 0, "seconds": 7.080004041999928, "maximum_child_rss_bytes": 2613084160, "user_seconds": 7.064333, "system_seconds": 2.663374, "log": "results/clean_build_modules/CircuitCorrectness.DctProgram.log", "command": ["/Users/hanbunko/Downloads/zkCNN/VerImgCmp/circuit_correctness/.elan/toolchains/leanprover--lean4---v4.28.0/bin/lake", "--no-cache", "build", "+CircuitCorrectness.DctProgram"]}
⚠ [1599/1601] Replayed CircuitCorrectness.Affine
warning: CircuitCorrectness/Affine.lean:52:33: This simp argument is unused:
  add_assoc

Hint: Omit it from the simp argument list.
  simp [ih, add_left_comm,̵ ̵a̵d̵d̵_̵a̵s̵s̵o̵c̵]

Note: This linter can be disabled with `set_option linter.unusedSimpArgs false`
⚠ [1601/1601] Built CircuitCorrectness.DctProgram (5.3s)
warning: CircuitCorrectness/DctProgram.lean:71:2: try 'simp' instead of 'simpa'

Note: This linter can be disabled with `set_option linter.unnecessarySimpa false`
warning: CircuitCorrectness/DctProgram.lean:239:31: Used `tac1 <;> tac2` where `(tac1; tac2)` would suffice

Note: This linter can be disabled with `set_option linter.unnecessarySeqFocus false`
Build completed successfully (1601 jobs).

{"module": "CircuitCorrectness.PoseidonProgram", "exit_code": 0, "seconds": 4.697874167000009, "maximum_child_rss_bytes": 2098987008, "user_seconds": 3.202288, "system_seconds": 2.501943, "log": "results/clean_build_modules/CircuitCorrectness.PoseidonProgram.log", "command": ["/Users/hanbunko/Downloads/zkCNN/VerImgCmp/circuit_correctness/.elan/toolchains/leanprover--lean4---v4.28.0/bin/lake", "--no-cache", "build", "+CircuitCorrectness.PoseidonProgram"]}
⚠ [1590/1598] Replayed CircuitCorrectness.Affine
warning: CircuitCorrectness/Affine.lean:52:33: This simp argument is unused:
  add_assoc

Hint: Omit it from the simp argument list.
  simp [ih, add_left_comm,̵ ̵a̵d̵d̵_̵a̵s̵s̵o̵c̵]

Note: This linter can be disabled with `set_option linter.unusedSimpArgs false`
⚠ [1598/1598] Built CircuitCorrectness.PoseidonProgram (2.9s)
warning: CircuitCorrectness/PoseidonProgram.lean:38:15: unused variable `one`

Note: This linter can be disabled with `set_option linter.unusedVariables false`
warning: CircuitCorrectness/PoseidonProgram.lean:137:14: This simp argument is unused:
  Function.comp_def

Hint: Omit it from the simp argument list.
  simp [hc,̵ ̵F̵u̵n̵c̵t̵i̵o̵n̵.̵c̵o̵m̵p̵_̵d̵e̵f̵]

Note: This linter can be disabled with `set_option linter.unusedSimpArgs false`
warning: CircuitCorrectness/PoseidonProgram.lean:194:68: This simp argument is unused:
  one_mul

Hint: Omit it from the simp argument list.
  simp only [Instruction.value, Affine.eval_constant, Nat.cast_one, o̵n̵e̵_̵m̵u̵l̵,̵
  ̵ ̵ ̵ ̵ ̵h1, mul_one, Affine.eval_nil,
  ̲  ̲ ̲ ̲add_zero] at ho

Note: This linter can be disabled with `set_option linter.unusedSimpArgs false`
Build completed successfully (1598 jobs).

{"module": "CircuitCorrectness.HashProgram", "exit_code": 0, "seconds": 4.388734332999775, "maximum_child_rss_bytes": 2080505856, "user_seconds": 2.576761, "system_seconds": 2.627581, "log": "results/clean_build_modules/CircuitCorrectness.HashProgram.log", "command": ["/Users/hanbunko/Downloads/zkCNN/VerImgCmp/circuit_correctness/.elan/toolchains/leanprover--lean4---v4.28.0/bin/lake", "--no-cache", "build", "+CircuitCorrectness.HashProgram"]}
⚠ [1590/1602] Replayed CircuitCorrectness.Affine
warning: CircuitCorrectness/Affine.lean:52:33: This simp argument is unused:
  add_assoc

Hint: Omit it from the simp argument list.
  simp [ih, add_left_comm,̵ ̵a̵d̵d̵_̵a̵s̵s̵o̵c̵]

Note: This linter can be disabled with `set_option linter.unusedSimpArgs false`
⚠ [1598/1602] Replayed CircuitCorrectness.PoseidonProgram
warning: CircuitCorrectness/PoseidonProgram.lean:38:15: unused variable `one`

Note: This linter can be disabled with `set_option linter.unusedVariables false`
warning: CircuitCorrectness/PoseidonProgram.lean:137:14: This simp argument is unused:
  Function.comp_def

Hint: Omit it from the simp argument list.
  simp [hc,̵ ̵F̵u̵n̵c̵t̵i̵o̵n̵.̵c̵o̵m̵p̵_̵d̵e̵f̵]

Note: This linter can be disabled with `set_option linter.unusedSimpArgs false`
warning: CircuitCorrectness/PoseidonProgram.lean:194:68: This simp argument is unused:
  one_mul

Hint: Omit it from the simp argument list.
  simp only [Instruction.value, Affine.eval_constant, Nat.cast_one, o̵n̵e̵_̵m̵u̵l̵,̵
  ̵ ̵ ̵ ̵ ̵h1, mul_one, Affine.eval_nil,
  ̲  ̲ ̲ ̲add_zero] at ho

Note: This linter can be disabled with `set_option linter.unusedSimpArgs false`
✔ [1602/1602] Built CircuitCorrectness.HashProgram (2.5s)
Build completed successfully (1602 jobs).

{"module": "CircuitCorrectness.HashTrace", "exit_code": 0, "seconds": 3.9906385000003866, "maximum_child_rss_bytes": 2048049152, "user_seconds": 1.833593, "system_seconds": 2.477734, "log": "results/clean_build_modules/CircuitCorrectness.HashTrace.log", "command": ["/Users/hanbunko/Downloads/zkCNN/VerImgCmp/circuit_correctness/.elan/toolchains/leanprover--lean4---v4.28.0/bin/lake", "--no-cache", "build", "+CircuitCorrectness.HashTrace"]}
⚠ [1590/1599] Replayed CircuitCorrectness.Affine
warning: CircuitCorrectness/Affine.lean:52:33: This simp argument is unused:
  add_assoc

Hint: Omit it from the simp argument list.
  simp [ih, add_left_comm,̵ ̵a̵d̵d̵_̵a̵s̵s̵o̵c̵]

Note: This linter can be disabled with `set_option linter.unusedSimpArgs false`
⚠ [1598/1599] Replayed CircuitCorrectness.PoseidonProgram
warning: CircuitCorrectness/PoseidonProgram.lean:38:15: unused variable `one`

Note: This linter can be disabled with `set_option linter.unusedVariables false`
warning: CircuitCorrectness/PoseidonProgram.lean:137:14: This simp argument is unused:
  Function.comp_def

Hint: Omit it from the simp argument list.
  simp [hc,̵ ̵F̵u̵n̵c̵t̵i̵o̵n̵.̵c̵o̵m̵p̵_̵d̵e̵f̵]

Note: This linter can be disabled with `set_option linter.unusedSimpArgs false`
warning: CircuitCorrectness/PoseidonProgram.lean:194:68: This simp argument is unused:
  one_mul

Hint: Omit it from the simp argument list.
  simp only [Instruction.value, Affine.eval_constant, Nat.cast_one, o̵n̵e̵_̵m̵u̵l̵,̵
  ̵ ̵ ̵ ̵ ̵h1, mul_one, Affine.eval_nil,
  ̲  ̲ ̲ ̲add_zero] at ho

Note: This linter can be disabled with `set_option linter.unusedSimpArgs false`
✔ [1599/1599] Built CircuitCorrectness.HashTrace (2.2s)
Build completed successfully (1599 jobs).

{"module": "CircuitCorrectness.HashTree", "exit_code": 0, "seconds": 3.9589985829998113, "maximum_child_rss_bytes": 2052177920, "user_seconds": 1.876242, "system_seconds": 2.455274, "log": "results/clean_build_modules/CircuitCorrectness.HashTree.log", "command": ["/Users/hanbunko/Downloads/zkCNN/VerImgCmp/circuit_correctness/.elan/toolchains/leanprover--lean4---v4.28.0/bin/lake", "--no-cache", "build", "+CircuitCorrectness.HashTree"]}
⚠ [1590/1603] Replayed CircuitCorrectness.Affine
warning: CircuitCorrectness/Affine.lean:52:33: This simp argument is unused:
  add_assoc

Hint: Omit it from the simp argument list.
  simp [ih, add_left_comm,̵ ̵a̵d̵d̵_̵a̵s̵s̵o̵c̵]

Note: This linter can be disabled with `set_option linter.unusedSimpArgs false`
⚠ [1598/1603] Replayed CircuitCorrectness.PoseidonProgram
warning: CircuitCorrectness/PoseidonProgram.lean:38:15: unused variable `one`

Note: This linter can be disabled with `set_option linter.unusedVariables false`
warning: CircuitCorrectness/PoseidonProgram.lean:137:14: This simp argument is unused:
  Function.comp_def

Hint: Omit it from the simp argument list.
  simp [hc,̵ ̵F̵u̵n̵c̵t̵i̵o̵n̵.̵c̵o̵m̵p̵_̵d̵e̵f̵]

Note: This linter can be disabled with `set_option linter.unusedSimpArgs false`
warning: CircuitCorrectness/PoseidonProgram.lean:194:68: This simp argument is unused:
  one_mul

Hint: Omit it from the simp argument list.
  simp only [Instruction.value, Affine.eval_constant, Nat.cast_one, o̵n̵e̵_̵m̵u̵l̵,̵
  ̵ ̵ ̵ ̵ ̵h1, mul_one, Affine.eval_nil,
  ̲  ̲ ̲ ̲add_zero] at ho

Note: This linter can be disabled with `set_option linter.unusedSimpArgs false`
✔ [1603/1603] Built CircuitCorrectness.HashTree (2.2s)
Build completed successfully (1603 jobs).

{"module": "CircuitCorrectness.ExportedData", "exit_code": 0, "seconds": 150.45507720800015, "maximum_child_rss_bytes": 2396536832, "user_seconds": 149.665628, "system_seconds": 4.128874, "log": "results/clean_build_modules/CircuitCorrectness.ExportedData.log", "command": ["/Users/hanbunko/Downloads/zkCNN/VerImgCmp/circuit_correctness/.elan/toolchains/leanprover--lean4---v4.28.0/bin/lake", "--no-cache", "build", "+CircuitCorrectness.ExportedData"]}
✔ [1590/1590] Built CircuitCorrectness.ExportedData (148s)
Build completed successfully (1590 jobs).

{"module": "CircuitCorrectness.Exported", "exit_code": 0, "seconds": 4.2293094589995235, "maximum_child_rss_bytes": 2079506432, "user_seconds": 1.964778, "system_seconds": 2.60977, "log": "results/clean_build_modules/CircuitCorrectness.Exported.log", "command": ["/Users/hanbunko/Downloads/zkCNN/VerImgCmp/circuit_correctness/.elan/toolchains/leanprover--lean4---v4.28.0/bin/lake", "--no-cache", "build", "+CircuitCorrectness.Exported"]}
✔ [1591/1591] Built CircuitCorrectness.Exported (2.3s)
Build completed successfully (1591 jobs).

{"module": "CircuitCorrectness.ByteCertificates.Base", "exit_code": 0, "seconds": 4.344105166999725, "maximum_child_rss_bytes": 2067316736, "user_seconds": 2.145963, "system_seconds": 2.712134, "log": "results/clean_build_modules/CircuitCorrectness.ByteCertificates.Base.log", "command": ["/Users/hanbunko/Downloads/zkCNN/VerImgCmp/circuit_correctness/.elan/toolchains/leanprover--lean4---v4.28.0/bin/lake", "--no-cache", "build", "+CircuitCorrectness.ByteCertificates.Base"]}
✔ [1598/1598] Built CircuitCorrectness.ByteCertificates.Base (2.4s)
Build completed successfully (1598 jobs).

{"module": "CircuitCorrectness.Counter", "exit_code": 0, "seconds": 5.0145041250007125, "maximum_child_rss_bytes": 2229485568, "user_seconds": 2.642068, "system_seconds": 2.7008199999999998, "log": "results/clean_build_modules/CircuitCorrectness.Counter.log", "command": ["/Users/hanbunko/Downloads/zkCNN/VerImgCmp/circuit_correctness/.elan/toolchains/leanprover--lean4---v4.28.0/bin/lake", "--no-cache", "build", "+CircuitCorrectness.Counter"]}
✔ [1596/1596] Built CircuitCorrectness.Counter (3.0s)
Build completed successfully (1596 jobs).

{"module": "CircuitCorrectness.ByteCertificates.Decode", "exit_code": 0, "seconds": 4.447309292000682, "maximum_child_rss_bytes": 2159378432, "user_seconds": 2.419452, "system_seconds": 2.608749, "log": "results/clean_build_modules/CircuitCorrectness.ByteCertificates.Decode.log", "command": ["/Users/hanbunko/Downloads/zkCNN/VerImgCmp/circuit_correctness/.elan/toolchains/leanprover--lean4---v4.28.0/bin/lake", "--no-cache", "build", "+CircuitCorrectness.ByteCertificates.Decode"]}
✔ [1599/1599] Built CircuitCorrectness.ByteCertificates.Decode (2.6s)
Build completed successfully (1599 jobs).

{"module": "CircuitCorrectness.ByteCertificates.PixelBase", "exit_code": 0, "seconds": 3.9646699579998312, "maximum_child_rss_bytes": 2035089408, "user_seconds": 1.799604, "system_seconds": 2.568392, "log": "results/clean_build_modules/CircuitCorrectness.ByteCertificates.PixelBase.log", "command": ["/Users/hanbunko/Downloads/zkCNN/VerImgCmp/circuit_correctness/.elan/toolchains/leanprover--lean4---v4.28.0/bin/lake", "--no-cache", "build", "+CircuitCorrectness.ByteCertificates.PixelBase"]}
✔ [1599/1599] Built CircuitCorrectness.ByteCertificates.PixelBase (2.1s)
Build completed successfully (1599 jobs).

{"module": "CircuitCorrectness.ByteCertificates.Group00", "exit_code": 0, "seconds": 13.1645213339998, "maximum_child_rss_bytes": 2542944256, "user_seconds": 18.216699, "system_seconds": 2.857633, "log": "results/clean_build_modules/CircuitCorrectness.ByteCertificates.Group00.log", "command": ["/Users/hanbunko/Downloads/zkCNN/VerImgCmp/circuit_correctness/.elan/toolchains/leanprover--lean4---v4.28.0/bin/lake", "--no-cache", "build", "+CircuitCorrectness.ByteCertificates.Group00"]}
✔ [1600/1600] Built CircuitCorrectness.ByteCertificates.Group00 (11s)
Build completed successfully (1600 jobs).

{"module": "CircuitCorrectness.ByteCertificates.Group01", "exit_code": 0, "seconds": 13.09625962500013, "maximum_child_rss_bytes": 2619588608, "user_seconds": 18.178885, "system_seconds": 2.714552, "log": "results/clean_build_modules/CircuitCorrectness.ByteCertificates.Group01.log", "command": ["/Users/hanbunko/Downloads/zkCNN/VerImgCmp/circuit_correctness/.elan/toolchains/leanprover--lean4---v4.28.0/bin/lake", "--no-cache", "build", "+CircuitCorrectness.ByteCertificates.Group01"]}
✔ [1600/1600] Built CircuitCorrectness.ByteCertificates.Group01 (11s)
Build completed successfully (1600 jobs).

{"module": "CircuitCorrectness.ByteCertificates.Group02", "exit_code": 0, "seconds": 13.70262137499958, "maximum_child_rss_bytes": 2553430016, "user_seconds": 18.214311, "system_seconds": 3.072481, "log": "results/clean_build_modules/CircuitCorrectness.ByteCertificates.Group02.log", "command": ["/Users/hanbunko/Downloads/zkCNN/VerImgCmp/circuit_correctness/.elan/toolchains/leanprover--lean4---v4.28.0/bin/lake", "--no-cache", "build", "+CircuitCorrectness.ByteCertificates.Group02"]}
✔ [1600/1600] Built CircuitCorrectness.ByteCertificates.Group02 (11s)
Build completed successfully (1600 jobs).

{"module": "CircuitCorrectness.ByteCertificates.Group03", "exit_code": 0, "seconds": 13.589059583000562, "maximum_child_rss_bytes": 2497937408, "user_seconds": 18.535009, "system_seconds": 2.850924, "log": "results/clean_build_modules/CircuitCorrectness.ByteCertificates.Group03.log", "command": ["/Users/hanbunko/Downloads/zkCNN/VerImgCmp/circuit_correctness/.elan/toolchains/leanprover--lean4---v4.28.0/bin/lake", "--no-cache", "build", "+CircuitCorrectness.ByteCertificates.Group03"]}
✔ [1600/1600] Built CircuitCorrectness.ByteCertificates.Group03 (11s)
Build completed successfully (1600 jobs).

{"module": "CircuitCorrectness.ByteCertificates.Group04", "exit_code": 0, "seconds": 13.489849375000631, "maximum_child_rss_bytes": 2578825216, "user_seconds": 18.192577, "system_seconds": 3.016093, "log": "results/clean_build_modules/CircuitCorrectness.ByteCertificates.Group04.log", "command": ["/Users/hanbunko/Downloads/zkCNN/VerImgCmp/circuit_correctness/.elan/toolchains/leanprover--lean4---v4.28.0/bin/lake", "--no-cache", "build", "+CircuitCorrectness.ByteCertificates.Group04"]}
✔ [1601/1601] Built CircuitCorrectness.ByteCertificates.Group04 (11s)
Build completed successfully (1601 jobs).

{"module": "CircuitCorrectness.ByteCertificates.Group05", "exit_code": 0, "seconds": 13.734261915999923, "maximum_child_rss_bytes": 2570698752, "user_seconds": 19.173222, "system_seconds": 3.102, "log": "results/clean_build_modules/CircuitCorrectness.ByteCertificates.Group05.log", "command": ["/Users/hanbunko/Downloads/zkCNN/VerImgCmp/circuit_correctness/.elan/toolchains/leanprover--lean4---v4.28.0/bin/lake", "--no-cache", "build", "+CircuitCorrectness.ByteCertificates.Group05"]}
✔ [1601/1601] Built CircuitCorrectness.ByteCertificates.Group05 (11s)
Build completed successfully (1601 jobs).

{"module": "CircuitCorrectness.ByteCertificates.Group06", "exit_code": 0, "seconds": 13.688607374999265, "maximum_child_rss_bytes": 2525642752, "user_seconds": 18.854322, "system_seconds": 3.031487, "log": "results/clean_build_modules/CircuitCorrectness.ByteCertificates.Group06.log", "command": ["/Users/hanbunko/Downloads/zkCNN/VerImgCmp/circuit_correctness/.elan/toolchains/leanprover--lean4---v4.28.0/bin/lake", "--no-cache", "build", "+CircuitCorrectness.ByteCertificates.Group06"]}
✔ [1601/1601] Built CircuitCorrectness.ByteCertificates.Group06 (11s)
Build completed successfully (1601 jobs).

{"module": "CircuitCorrectness.ByteCertificates.Group07", "exit_code": 0, "seconds": 13.50223166700016, "maximum_child_rss_bytes": 2716467200, "user_seconds": 18.979253, "system_seconds": 2.783223, "log": "results/clean_build_modules/CircuitCorrectness.ByteCertificates.Group07.log", "command": ["/Users/hanbunko/Downloads/zkCNN/VerImgCmp/circuit_correctness/.elan/toolchains/leanprover--lean4---v4.28.0/bin/lake", "--no-cache", "build", "+CircuitCorrectness.ByteCertificates.Group07"]}
✔ [1601/1601] Built CircuitCorrectness.ByteCertificates.Group07 (11s)
Build completed successfully (1601 jobs).

{"module": "CircuitCorrectness.ByteCertificates.Group09", "exit_code": 0, "seconds": 13.656478208999943, "maximum_child_rss_bytes": 2554576896, "user_seconds": 18.413708, "system_seconds": 2.827407, "log": "results/clean_build_modules/CircuitCorrectness.ByteCertificates.Group09.log", "command": ["/Users/hanbunko/Downloads/zkCNN/VerImgCmp/circuit_correctness/.elan/toolchains/leanprover--lean4---v4.28.0/bin/lake", "--no-cache", "build", "+CircuitCorrectness.ByteCertificates.Group09"]}
✔ [1602/1602] Built CircuitCorrectness.ByteCertificates.Group09 (11s)
Build completed successfully (1602 jobs).

{"module": "CircuitCorrectness.ByteCertificates.Group08", "exit_code": 0, "seconds": 14.017402958000275, "maximum_child_rss_bytes": 2552627200, "user_seconds": 20.627607, "system_seconds": 3.280393, "log": "results/clean_build_modules/CircuitCorrectness.ByteCertificates.Group08.log", "command": ["/Users/hanbunko/Downloads/zkCNN/VerImgCmp/circuit_correctness/.elan/toolchains/leanprover--lean4---v4.28.0/bin/lake", "--no-cache", "build", "+CircuitCorrectness.ByteCertificates.Group08"]}
✔ [1602/1602] Built CircuitCorrectness.ByteCertificates.Group08 (12s)
Build completed successfully (1602 jobs).

{"module": "CircuitCorrectness.ByteCertificates.Group10", "exit_code": 0, "seconds": 13.760779500000353, "maximum_child_rss_bytes": 2601140224, "user_seconds": 19.24522, "system_seconds": 2.901663, "log": "results/clean_build_modules/CircuitCorrectness.ByteCertificates.Group10.log", "command": ["/Users/hanbunko/Downloads/zkCNN/VerImgCmp/circuit_correctness/.elan/toolchains/leanprover--lean4---v4.28.0/bin/lake", "--no-cache", "build", "+CircuitCorrectness.ByteCertificates.Group10"]}
✔ [1602/1602] Built CircuitCorrectness.ByteCertificates.Group10 (11s)
Build completed successfully (1602 jobs).

{"module": "CircuitCorrectness.ByteCertificates.Group11", "exit_code": 0, "seconds": 13.83846395799992, "maximum_child_rss_bytes": 2547187712, "user_seconds": 19.831621, "system_seconds": 2.82082, "log": "results/clean_build_modules/CircuitCorrectness.ByteCertificates.Group11.log", "command": ["/Users/hanbunko/Downloads/zkCNN/VerImgCmp/circuit_correctness/.elan/toolchains/leanprover--lean4---v4.28.0/bin/lake", "--no-cache", "build", "+CircuitCorrectness.ByteCertificates.Group11"]}
✔ [1602/1602] Built CircuitCorrectness.ByteCertificates.Group11 (11s)
Build completed successfully (1602 jobs).

{"module": "CircuitCorrectness.ByteCertificates.Group12", "exit_code": 0, "seconds": 14.04128050000054, "maximum_child_rss_bytes": 2531459072, "user_seconds": 20.095669, "system_seconds": 3.098418, "log": "results/clean_build_modules/CircuitCorrectness.ByteCertificates.Group12.log", "command": ["/Users/hanbunko/Downloads/zkCNN/VerImgCmp/circuit_correctness/.elan/toolchains/leanprover--lean4---v4.28.0/bin/lake", "--no-cache", "build", "+CircuitCorrectness.ByteCertificates.Group12"]}
✔ [1603/1603] Built CircuitCorrectness.ByteCertificates.Group12 (12s)
Build completed successfully (1603 jobs).

{"module": "CircuitCorrectness.ByteCertificates.Group13", "exit_code": 0, "seconds": 13.796255000000201, "maximum_child_rss_bytes": 2503835648, "user_seconds": 19.370913, "system_seconds": 2.803652, "log": "results/clean_build_modules/CircuitCorrectness.ByteCertificates.Group13.log", "command": ["/Users/hanbunko/Downloads/zkCNN/VerImgCmp/circuit_correctness/.elan/toolchains/leanprover--lean4---v4.28.0/bin/lake", "--no-cache", "build", "+CircuitCorrectness.ByteCertificates.Group13"]}
✔ [1603/1603] Built CircuitCorrectness.ByteCertificates.Group13 (11s)
Build completed successfully (1603 jobs).

{"module": "CircuitCorrectness.ByteCertificates.Group14", "exit_code": 0, "seconds": 14.15778441600014, "maximum_child_rss_bytes": 2544402432, "user_seconds": 19.832501, "system_seconds": 3.082187, "log": "results/clean_build_modules/CircuitCorrectness.ByteCertificates.Group14.log", "command": ["/Users/hanbunko/Downloads/zkCNN/VerImgCmp/circuit_correctness/.elan/toolchains/leanprover--lean4---v4.28.0/bin/lake", "--no-cache", "build", "+CircuitCorrectness.ByteCertificates.Group14"]}
✔ [1603/1603] Built CircuitCorrectness.ByteCertificates.Group14 (12s)
Build completed successfully (1603 jobs).

{"module": "CircuitCorrectness.ByteCertificates.Group15", "exit_code": 0, "seconds": 14.077790165999431, "maximum_child_rss_bytes": 2556526592, "user_seconds": 19.874992, "system_seconds": 2.835004, "log": "results/clean_build_modules/CircuitCorrectness.ByteCertificates.Group15.log", "command": ["/Users/hanbunko/Downloads/zkCNN/VerImgCmp/circuit_correctness/.elan/toolchains/leanprover--lean4---v4.28.0/bin/lake", "--no-cache", "build", "+CircuitCorrectness.ByteCertificates.Group15"]}
✔ [1603/1603] Built CircuitCorrectness.ByteCertificates.Group15 (12s)
Build completed successfully (1603 jobs).

{"module": "CircuitCorrectness.ByteCertificates.Group16", "exit_code": 0, "seconds": 14.490734999999404, "maximum_child_rss_bytes": 2621685760, "user_seconds": 20.044457, "system_seconds": 3.212779, "log": "results/clean_build_modules/CircuitCorrectness.ByteCertificates.Group16.log", "command": ["/Users/hanbunko/Downloads/zkCNN/VerImgCmp/circuit_correctness/.elan/toolchains/leanprover--lean4---v4.28.0/bin/lake", "--no-cache", "build", "+CircuitCorrectness.ByteCertificates.Group16"]}
✔ [1604/1604] Built CircuitCorrectness.ByteCertificates.Group16 (12s)
Build completed successfully (1604 jobs).

{"module": "CircuitCorrectness.ByteCertificates.Group17", "exit_code": 0, "seconds": 14.490732250000292, "maximum_child_rss_bytes": 2629763072, "user_seconds": 20.281244, "system_seconds": 3.131949, "log": "results/clean_build_modules/CircuitCorrectness.ByteCertificates.Group17.log", "command": ["/Users/hanbunko/Downloads/zkCNN/VerImgCmp/circuit_correctness/.elan/toolchains/leanprover--lean4---v4.28.0/bin/lake", "--no-cache", "build", "+CircuitCorrectness.ByteCertificates.Group17"]}
✔ [1604/1604] Built CircuitCorrectness.ByteCertificates.Group17 (12s)
Build completed successfully (1604 jobs).

{"module": "CircuitCorrectness.ByteCertificates.Group18", "exit_code": 0, "seconds": 14.369811333000143, "maximum_child_rss_bytes": 2702753792, "user_seconds": 20.274172, "system_seconds": 2.974204, "log": "results/clean_build_modules/CircuitCorrectness.ByteCertificates.Group18.log", "command": ["/Users/hanbunko/Downloads/zkCNN/VerImgCmp/circuit_correctness/.elan/toolchains/leanprover--lean4---v4.28.0/bin/lake", "--no-cache", "build", "+CircuitCorrectness.ByteCertificates.Group18"]}
✔ [1604/1604] Built CircuitCorrectness.ByteCertificates.Group18 (12s)
Build completed successfully (1604 jobs).

{"module": "CircuitCorrectness.ByteCertificates.Group19", "exit_code": 0, "seconds": 14.470938833000218, "maximum_child_rss_bytes": 2565996544, "user_seconds": 20.551531, "system_seconds": 2.873288, "log": "results/clean_build_modules/CircuitCorrectness.ByteCertificates.Group19.log", "command": ["/Users/hanbunko/Downloads/zkCNN/VerImgCmp/circuit_correctness/.elan/toolchains/leanprover--lean4---v4.28.0/bin/lake", "--no-cache", "build", "+CircuitCorrectness.ByteCertificates.Group19"]}
✔ [1604/1604] Built CircuitCorrectness.ByteCertificates.Group19 (12s)
Build completed successfully (1604 jobs).

{"module": "CircuitCorrectness.ByteCertificates.Group20", "exit_code": 0, "seconds": 14.23287020799944, "maximum_child_rss_bytes": 2652241920, "user_seconds": 19.866832, "system_seconds": 2.86782, "log": "results/clean_build_modules/CircuitCorrectness.ByteCertificates.Group20.log", "command": ["/Users/hanbunko/Downloads/zkCNN/VerImgCmp/circuit_correctness/.elan/toolchains/leanprover--lean4---v4.28.0/bin/lake", "--no-cache", "build", "+CircuitCorrectness.ByteCertificates.Group20"]}
✔ [1605/1605] Built CircuitCorrectness.ByteCertificates.Group20 (12s)
Build completed successfully (1605 jobs).

{"module": "CircuitCorrectness.ByteCertificates.Group21", "exit_code": 0, "seconds": 14.528480541000135, "maximum_child_rss_bytes": 2626600960, "user_seconds": 22.588811, "system_seconds": 3.032603, "log": "results/clean_build_modules/CircuitCorrectness.ByteCertificates.Group21.log", "command": ["/Users/hanbunko/Downloads/zkCNN/VerImgCmp/circuit_correctness/.elan/toolchains/leanprover--lean4---v4.28.0/bin/lake", "--no-cache", "build", "+CircuitCorrectness.ByteCertificates.Group21"]}
✔ [1605/1605] Built CircuitCorrectness.ByteCertificates.Group21 (12s)
Build completed successfully (1605 jobs).

{"module": "CircuitCorrectness.ByteCertificates.Group22", "exit_code": 0, "seconds": 14.677993584000433, "maximum_child_rss_bytes": 2632564736, "user_seconds": 21.30613, "system_seconds": 3.140497, "log": "results/clean_build_modules/CircuitCorrectness.ByteCertificates.Group22.log", "command": ["/Users/hanbunko/Downloads/zkCNN/VerImgCmp/circuit_correctness/.elan/toolchains/leanprover--lean4---v4.28.0/bin/lake", "--no-cache", "build", "+CircuitCorrectness.ByteCertificates.Group22"]}
✔ [1605/1605] Built CircuitCorrectness.ByteCertificates.Group22 (12s)
Build completed successfully (1605 jobs).

{"module": "CircuitCorrectness.ByteCertificates.Group23", "exit_code": 0, "seconds": 14.664894749999803, "maximum_child_rss_bytes": 2596126720, "user_seconds": 21.259296, "system_seconds": 2.928302, "log": "results/clean_build_modules/CircuitCorrectness.ByteCertificates.Group23.log", "command": ["/Users/hanbunko/Downloads/zkCNN/VerImgCmp/circuit_correctness/.elan/toolchains/leanprover--lean4---v4.28.0/bin/lake", "--no-cache", "build", "+CircuitCorrectness.ByteCertificates.Group23"]}
✔ [1605/1605] Built CircuitCorrectness.ByteCertificates.Group23 (12s)
Build completed successfully (1605 jobs).

{"module": "CircuitCorrectness.ByteCertificates.Group24", "exit_code": 0, "seconds": 14.742641041000752, "maximum_child_rss_bytes": 2612101120, "user_seconds": 21.064009, "system_seconds": 2.971705, "log": "results/clean_build_modules/CircuitCorrectness.ByteCertificates.Group24.log", "command": ["/Users/hanbunko/Downloads/zkCNN/VerImgCmp/circuit_correctness/.elan/toolchains/leanprover--lean4---v4.28.0/bin/lake", "--no-cache", "build", "+CircuitCorrectness.ByteCertificates.Group24"]}
✔ [1606/1606] Built CircuitCorrectness.ByteCertificates.Group24 (12s)
Build completed successfully (1606 jobs).

{"module": "CircuitCorrectness.ByteCertificates.Group25", "exit_code": 0, "seconds": 14.745434791000662, "maximum_child_rss_bytes": 2595536896, "user_seconds": 21.507708, "system_seconds": 2.941518, "log": "results/clean_build_modules/CircuitCorrectness.ByteCertificates.Group25.log", "command": ["/Users/hanbunko/Downloads/zkCNN/VerImgCmp/circuit_correctness/.elan/toolchains/leanprover--lean4---v4.28.0/bin/lake", "--no-cache", "build", "+CircuitCorrectness.ByteCertificates.Group25"]}
✔ [1606/1606] Built CircuitCorrectness.ByteCertificates.Group25 (12s)
Build completed successfully (1606 jobs).

{"module": "CircuitCorrectness.ByteCertificates.PixelGroup00", "exit_code": 0, "seconds": 4.117883208999956, "maximum_child_rss_bytes": 2051637248, "user_seconds": 1.973517, "system_seconds": 2.636685, "log": "results/clean_build_modules/CircuitCorrectness.ByteCertificates.PixelGroup00.log", "command": ["/Users/hanbunko/Downloads/zkCNN/VerImgCmp/circuit_correctness/.elan/toolchains/leanprover--lean4---v4.28.0/bin/lake", "--no-cache", "build", "+CircuitCorrectness.ByteCertificates.PixelGroup00"]}
✔ [1600/1600] Built CircuitCorrectness.ByteCertificates.PixelGroup00 (2.3s)
Build completed successfully (1600 jobs).

{"module": "CircuitCorrectness.ByteCertificates.PixelGroup01", "exit_code": 0, "seconds": 4.245288291000179, "maximum_child_rss_bytes": 2054881280, "user_seconds": 1.945659, "system_seconds": 2.546437, "log": "results/clean_build_modules/CircuitCorrectness.ByteCertificates.PixelGroup01.log", "command": ["/Users/hanbunko/Downloads/zkCNN/VerImgCmp/circuit_correctness/.elan/toolchains/leanprover--lean4---v4.28.0/bin/lake", "--no-cache", "build", "+CircuitCorrectness.ByteCertificates.PixelGroup01"]}
✔ [1601/1601] Built CircuitCorrectness.ByteCertificates.PixelGroup01 (2.2s)
Build completed successfully (1601 jobs).

{"module": "CircuitCorrectness.ByteCertificates.PixelGroup02", "exit_code": 0, "seconds": 4.036401125000339, "maximum_child_rss_bytes": 2053603328, "user_seconds": 1.916031, "system_seconds": 2.478606, "log": "results/clean_build_modules/CircuitCorrectness.ByteCertificates.PixelGroup02.log", "command": ["/Users/hanbunko/Downloads/zkCNN/VerImgCmp/circuit_correctness/.elan/toolchains/leanprover--lean4---v4.28.0/bin/lake", "--no-cache", "build", "+CircuitCorrectness.ByteCertificates.PixelGroup02"]}
✔ [1602/1602] Built CircuitCorrectness.ByteCertificates.PixelGroup02 (2.2s)
Build completed successfully (1602 jobs).

{"module": "CircuitCorrectness.ByteCertificates.Group26", "exit_code": 0, "seconds": 13.930607041999792, "maximum_child_rss_bytes": 2638364672, "user_seconds": 22.117355, "system_seconds": 3.087111, "log": "results/clean_build_modules/CircuitCorrectness.ByteCertificates.Group26.log", "command": ["/Users/hanbunko/Downloads/zkCNN/VerImgCmp/circuit_correctness/.elan/toolchains/leanprover--lean4---v4.28.0/bin/lake", "--no-cache", "build", "+CircuitCorrectness.ByteCertificates.Group26"]}
✔ [1606/1606] Built CircuitCorrectness.ByteCertificates.Group26 (12s)
Build completed successfully (1606 jobs).

{"module": "CircuitCorrectness.ByteCertificates.PixelGroup03", "exit_code": 0, "seconds": 4.167789125000127, "maximum_child_rss_bytes": 2054930432, "user_seconds": 1.9163839999999999, "system_seconds": 2.56417, "log": "results/clean_build_modules/CircuitCorrectness.ByteCertificates.PixelGroup03.log", "command": ["/Users/hanbunko/Downloads/zkCNN/VerImgCmp/circuit_correctness/.elan/toolchains/leanprover--lean4---v4.28.0/bin/lake", "--no-cache", "build", "+CircuitCorrectness.ByteCertificates.PixelGroup03"]}
✔ [1603/1603] Built CircuitCorrectness.ByteCertificates.PixelGroup03 (2.3s)
Build completed successfully (1603 jobs).

{"module": "CircuitCorrectness.ConcreteBytes", "exit_code": 0, "seconds": 4.4447879170002125, "maximum_child_rss_bytes": 2097627136, "user_seconds": 2.4059019999999998, "system_seconds": 2.546497, "log": "results/clean_build_modules/CircuitCorrectness.ConcreteBytes.log", "command": ["/Users/hanbunko/Downloads/zkCNN/VerImgCmp/circuit_correctness/.elan/toolchains/leanprover--lean4---v4.28.0/bin/lake", "--no-cache", "build", "+CircuitCorrectness.ConcreteBytes"]}
✔ [1627/1627] Built CircuitCorrectness.ConcreteBytes (2.5s)
Build completed successfully (1627 jobs).

{"module": "CircuitCorrectness.ByteCertificates.PixelGroup04", "exit_code": 0, "seconds": 4.058366125000248, "maximum_child_rss_bytes": 2055503872, "user_seconds": 1.924213, "system_seconds": 2.549228, "log": "results/clean_build_modules/CircuitCorrectness.ByteCertificates.PixelGroup04.log", "command": ["/Users/hanbunko/Downloads/zkCNN/VerImgCmp/circuit_correctness/.elan/toolchains/leanprover--lean4---v4.28.0/bin/lake", "--no-cache", "build", "+CircuitCorrectness.ByteCertificates.PixelGroup04"]}
✔ [1604/1604] Built CircuitCorrectness.ByteCertificates.PixelGroup04 (2.2s)
Build completed successfully (1604 jobs).

{"module": "CircuitCorrectness.ConcreteProgram", "exit_code": 0, "seconds": 4.411095208999541, "maximum_child_rss_bytes": 2112028672, "user_seconds": 2.883186, "system_seconds": 2.60599, "log": "results/clean_build_modules/CircuitCorrectness.ConcreteProgram.log", "command": ["/Users/hanbunko/Downloads/zkCNN/VerImgCmp/circuit_correctness/.elan/toolchains/leanprover--lean4---v4.28.0/bin/lake", "--no-cache", "build", "+CircuitCorrectness.ConcreteProgram"]}
⚠ [1601/1602] Replayed CircuitCorrectness.Affine
warning: CircuitCorrectness/Affine.lean:52:33: This simp argument is unused:
  add_assoc

Hint: Omit it from the simp argument list.
  simp [ih, add_left_comm,̵ ̵a̵d̵d̵_̵a̵s̵s̵o̵c̵]

Note: This linter can be disabled with `set_option linter.unusedSimpArgs false`
⚠ [1602/1602] Built CircuitCorrectness.ConcreteProgram (2.5s)
warning: CircuitCorrectness/ConcreteProgram.lean:257:61: This simp argument is unused:
  one_mul

Hint: Omit it from the simp argument list.
  simp only [expandLC, ̲List.map_cons, ̲List.map_nil, ̲evalLC, ̲List.sum_cons, ̲List.sum_nil,
        one_expand, ̲neg_one_expand, ̲cast_neg_one, ̲Nat.cast_one, ̲h1,o̵n̵e̵_̵m̵u̵l̵,̵ ̲add_zero, ̲mul_one]

Note: This linter can be disabled with `set_option linter.unusedSimpArgs false`
Build completed successfully (1602 jobs).

{"module": "CircuitCorrectness.ByteCertificates.PixelGroup05", "exit_code": 0, "seconds": 4.106060083000557, "maximum_child_rss_bytes": 2055520256, "user_seconds": 1.9332799999999999, "system_seconds": 2.560844, "log": "results/clean_build_modules/CircuitCorrectness.ByteCertificates.PixelGroup05.log", "command": ["/Users/hanbunko/Downloads/zkCNN/VerImgCmp/circuit_correctness/.elan/toolchains/leanprover--lean4---v4.28.0/bin/lake", "--no-cache", "build", "+CircuitCorrectness.ByteCertificates.PixelGroup05"]}
✔ [1605/1605] Built CircuitCorrectness.ByteCertificates.PixelGroup05 (2.2s)
Build completed successfully (1605 jobs).

{"module": "CircuitCorrectness.ByteCertificates.PixelGroup06", "exit_code": 0, "seconds": 4.044103209000241, "maximum_child_rss_bytes": 2053914624, "user_seconds": 1.927661, "system_seconds": 2.507434, "log": "results/clean_build_modules/CircuitCorrectness.ByteCertificates.PixelGroup06.log", "command": ["/Users/hanbunko/Downloads/zkCNN/VerImgCmp/circuit_correctness/.elan/toolchains/leanprover--lean4---v4.28.0/bin/lake", "--no-cache", "build", "+CircuitCorrectness.ByteCertificates.PixelGroup06"]}
✔ [1606/1606] Built CircuitCorrectness.ByteCertificates.PixelGroup06 (2.2s)
Build completed successfully (1606 jobs).

{"module": "CircuitCorrectness.DctProgramCertificates.Data", "exit_code": 0, "seconds": 9.628453541999988, "maximum_child_rss_bytes": 3165011968, "user_seconds": 7.463178, "system_seconds": 2.737964, "log": "results/clean_build_modules/CircuitCorrectness.DctProgramCertificates.Data.log", "command": ["/Users/hanbunko/Downloads/zkCNN/VerImgCmp/circuit_correctness/.elan/toolchains/leanprover--lean4---v4.28.0/bin/lake", "--no-cache", "build", "+CircuitCorrectness.DctProgramCertificates.Data"]}
⚠ [1598/1602] Replayed CircuitCorrectness.Affine
warning: CircuitCorrectness/Affine.lean:52:33: This simp argument is unused:
  add_assoc

Hint: Omit it from the simp argument list.
  simp [ih, add_left_comm,̵ ̵a̵d̵d̵_̵a̵s̵s̵o̵c̵]

Note: This linter can be disabled with `set_option linter.unusedSimpArgs false`
⚠ [1600/1602] Replayed CircuitCorrectness.DctProgram
warning: CircuitCorrectness/DctProgram.lean:71:2: try 'simp' instead of 'simpa'

Note: This linter can be disabled with `set_option linter.unnecessarySimpa false`
warning: CircuitCorrectness/DctProgram.lean:239:31: Used `tac1 <;> tac2` where `(tac1; tac2)` would suffice

Note: This linter can be disabled with `set_option linter.unnecessarySeqFocus false`
✔ [1607/1607] Built CircuitCorrectness.DctProgramCertificates.Data (7.7s)
Build completed successfully (1607 jobs).

{"module": "CircuitCorrectness.ByteCertificates.PixelGroup07", "exit_code": 0, "seconds": 4.046661125000355, "maximum_child_rss_bytes": 2055553024, "user_seconds": 1.930927, "system_seconds": 2.518498, "log": "results/clean_build_modules/CircuitCorrectness.ByteCertificates.PixelGroup07.log", "command": ["/Users/hanbunko/Downloads/zkCNN/VerImgCmp/circuit_correctness/.elan/toolchains/leanprover--lean4---v4.28.0/bin/lake", "--no-cache", "build", "+CircuitCorrectness.ByteCertificates.PixelGroup07"]}
✔ [1607/1607] Built CircuitCorrectness.ByteCertificates.PixelGroup07 (2.2s)
Build completed successfully (1607 jobs).

{"module": "CircuitCorrectness.ByteCertificates.PixelGroup08", "exit_code": 0, "seconds": 4.4251844589998655, "maximum_child_rss_bytes": 2055569408, "user_seconds": 1.99423, "system_seconds": 2.513009, "log": "results/clean_build_modules/CircuitCorrectness.ByteCertificates.PixelGroup08.log", "command": ["/Users/hanbunko/Downloads/zkCNN/VerImgCmp/circuit_correctness/.elan/toolchains/leanprover--lean4---v4.28.0/bin/lake", "--no-cache", "build", "+CircuitCorrectness.ByteCertificates.PixelGroup08"]}
✔ [1608/1608] Built CircuitCorrectness.ByteCertificates.PixelGroup08 (2.5s)
Build completed successfully (1608 jobs).

{"module": "CircuitCorrectness.ByteCertificates.PixelGroup09", "exit_code": 0, "seconds": 4.360785124999893, "maximum_child_rss_bytes": 2055798784, "user_seconds": 1.980959, "system_seconds": 2.573825, "log": "results/clean_build_modules/CircuitCorrectness.ByteCertificates.PixelGroup09.log", "command": ["/Users/hanbunko/Downloads/zkCNN/VerImgCmp/circuit_correctness/.elan/toolchains/leanprover--lean4---v4.28.0/bin/lake", "--no-cache", "build", "+CircuitCorrectness.ByteCertificates.PixelGroup09"]}
✔ [1609/1609] Built CircuitCorrectness.ByteCertificates.PixelGroup09 (2.2s)
Build completed successfully (1609 jobs).

{"module": "CircuitCorrectness.ByteCertificates.PixelGroup10", "exit_code": 0, "seconds": 4.058297166000557, "maximum_child_rss_bytes": 2055405568, "user_seconds": 1.937411, "system_seconds": 2.517889, "log": "results/clean_build_modules/CircuitCorrectness.ByteCertificates.PixelGroup10.log", "command": ["/Users/hanbunko/Downloads/zkCNN/VerImgCmp/circuit_correctness/.elan/toolchains/leanprover--lean4---v4.28.0/bin/lake", "--no-cache", "build", "+CircuitCorrectness.ByteCertificates.PixelGroup10"]}
✔ [1610/1610] Built CircuitCorrectness.ByteCertificates.PixelGroup10 (2.2s)
Build completed successfully (1610 jobs).

{"module": "CircuitCorrectness.ByteCertificates.PixelGroup11", "exit_code": 0, "seconds": 4.156380750000608, "maximum_child_rss_bytes": 2055225344, "user_seconds": 1.958509, "system_seconds": 2.521073, "log": "results/clean_build_modules/CircuitCorrectness.ByteCertificates.PixelGroup11.log", "command": ["/Users/hanbunko/Downloads/zkCNN/VerImgCmp/circuit_correctness/.elan/toolchains/leanprover--lean4---v4.28.0/bin/lake", "--no-cache", "build", "+CircuitCorrectness.ByteCertificates.PixelGroup11"]}
✔ [1611/1611] Built CircuitCorrectness.ByteCertificates.PixelGroup11 (2.2s)
Build completed successfully (1611 jobs).

{"module": "CircuitCorrectness.ByteCertificates.PixelWires", "exit_code": 0, "seconds": 4.137155166999946, "maximum_child_rss_bytes": 2054176768, "user_seconds": 1.917662, "system_seconds": 2.512582, "log": "results/clean_build_modules/CircuitCorrectness.ByteCertificates.PixelWires.log", "command": ["/Users/hanbunko/Downloads/zkCNN/VerImgCmp/circuit_correctness/.elan/toolchains/leanprover--lean4---v4.28.0/bin/lake", "--no-cache", "build", "+CircuitCorrectness.ByteCertificates.PixelWires"]}
✔ [1641/1641] Built CircuitCorrectness.ByteCertificates.PixelWires (2.3s)
Build completed successfully (1641 jobs).

{"module": "CircuitCorrectness.HashTrace2.Initial", "exit_code": 0, "seconds": 4.007933167000374, "maximum_child_rss_bytes": 2038202368, "user_seconds": 1.805227, "system_seconds": 2.516207, "log": "results/clean_build_modules/CircuitCorrectness.HashTrace2.Initial.log", "command": ["/Users/hanbunko/Downloads/zkCNN/VerImgCmp/circuit_correctness/.elan/toolchains/leanprover--lean4---v4.28.0/bin/lake", "--no-cache", "build", "+CircuitCorrectness.HashTrace2.Initial"]}
⚠ [1589/1600] Replayed CircuitCorrectness.Affine
warning: CircuitCorrectness/Affine.lean:52:33: This simp argument is unused:
  add_assoc

Hint: Omit it from the simp argument list.
  simp [ih, add_left_comm,̵ ̵a̵d̵d̵_̵a̵s̵s̵o̵c̵]

Note: This linter can be disabled with `set_option linter.unusedSimpArgs false`
⚠ [1597/1600] Replayed CircuitCorrectness.PoseidonProgram
warning: CircuitCorrectness/PoseidonProgram.lean:38:15: unused variable `one`

Note: This linter can be disabled with `set_option linter.unusedVariables false`
warning: CircuitCorrectness/PoseidonProgram.lean:137:14: This simp argument is unused:
  Function.comp_def

Hint: Omit it from the simp argument list.
  simp [hc,̵ ̵F̵u̵n̵c̵t̵i̵o̵n̵.̵c̵o̵m̵p̵_̵d̵e̵f̵]

Note: This linter can be disabled with `set_option linter.unusedSimpArgs false`
warning: CircuitCorrectness/PoseidonProgram.lean:194:68: This simp argument is unused:
  one_mul

Hint: Omit it from the simp argument list.
  simp only [Instruction.value, Affine.eval_constant, Nat.cast_one, o̵n̵e̵_̵m̵u̵l̵,̵
  ̵ ̵ ̵ ̵ ̵h1, mul_one, Affine.eval_nil,
  ̲  ̲ ̲ ̲add_zero] at ho

Note: This linter can be disabled with `set_option linter.unusedSimpArgs false`
⚠ [1605/1606] Replayed CircuitCorrectness.ConcreteProgram
warning: CircuitCorrectness/ConcreteProgram.lean:257:61: This simp argument is unused:
  one_mul

Hint: Omit it from the simp argument list.
  simp only [expandLC, ̲List.map_cons, ̲List.map_nil, ̲evalLC, ̲List.sum_cons, ̲List.sum_nil,
        one_expand, ̲neg_one_expand, ̲cast_neg_one, ̲Nat.cast_one, ̲h1,o̵n̵e̵_̵m̵u̵l̵,̵ ̲add_zero, ̲mul_one]

Note: This linter can be disabled with `set_option linter.unusedSimpArgs false`
✔ [1606/1606] Built CircuitCorrectness.HashTrace2.Initial (2.2s)
Build completed successfully (1606 jobs).

{"module": "CircuitCorrectness.HashTrace2.Round00", "exit_code": 0, "seconds": 4.3575928750005914, "maximum_child_rss_bytes": 2146615296, "user_seconds": 2.225962, "system_seconds": 2.524734, "log": "results/clean_build_modules/CircuitCorrectness.HashTrace2.Round00.log", "command": ["/Users/hanbunko/Downloads/zkCNN/VerImgCmp/circuit_correctness/.elan/toolchains/leanprover--lean4---v4.28.0/bin/lake", "--no-cache", "build", "+CircuitCorrectness.HashTrace2.Round00"]}
⚠ [1589/1600] Replayed CircuitCorrectness.Affine
warning: CircuitCorrectness/Affine.lean:52:33: This simp argument is unused:
  add_assoc

Hint: Omit it from the simp argument list.
  simp [ih, add_left_comm,̵ ̵a̵d̵d̵_̵a̵s̵s̵o̵c̵]

Note: This linter can be disabled with `set_option linter.unusedSimpArgs false`
⚠ [1597/1600] Replayed CircuitCorrectness.PoseidonProgram
warning: CircuitCorrectness/PoseidonProgram.lean:38:15: unused variable `one`

Note: This linter can be disabled with `set_option linter.unusedVariables false`
warning: CircuitCorrectness/PoseidonProgram.lean:137:14: This simp argument is unused:
  Function.comp_def

Hint: Omit it from the simp argument list.
  simp [hc,̵ ̵F̵u̵n̵c̵t̵i̵o̵n̵.̵c̵o̵m̵p̵_̵d̵e̵f̵]

Note: This linter can be disabled with `set_option linter.unusedSimpArgs false`
warning: CircuitCorrectness/PoseidonProgram.lean:194:68: This simp argument is unused:
  one_mul

Hint: Omit it from the simp argument list.
  simp only [Instruction.value, Affine.eval_constant, Nat.cast_one, o̵n̵e̵_̵m̵u̵l̵,̵
  ̵ ̵ ̵ ̵ ̵h1, mul_one, Affine.eval_nil,
  ̲  ̲ ̲ ̲add_zero] at ho

Note: This linter can be disabled with `set_option linter.unusedSimpArgs false`
⚠ [1605/1607] Replayed CircuitCorrectness.ConcreteProgram
warning: CircuitCorrectness/ConcreteProgram.lean:257:61: This simp argument is unused:
  one_mul

Hint: Omit it from the simp argument list.
  simp only [expandLC, ̲List.map_cons, ̲List.map_nil, ̲evalLC, ̲List.sum_cons, ̲List.sum_nil,
        one_expand, ̲neg_one_expand, ̲cast_neg_one, ̲Nat.cast_one, ̲h1,o̵n̵e̵_̵m̵u̵l̵,̵ ̲add_zero, ̲mul_one]

Note: This linter can be disabled with `set_option linter.unusedSimpArgs false`
✔ [1607/1607] Built CircuitCorrectness.HashTrace2.Round00 (2.5s)
Build completed successfully (1607 jobs).

{"module": "CircuitCorrectness.DctProgramCertificates.Fused0", "exit_code": 0, "seconds": 31.233574290999968, "maximum_child_rss_bytes": 3956686848, "user_seconds": 44.234651, "system_seconds": 3.270877, "log": "results/clean_build_modules/CircuitCorrectness.DctProgramCertificates.Fused0.log", "command": ["/Users/hanbunko/Downloads/zkCNN/VerImgCmp/circuit_correctness/.elan/toolchains/leanprover--lean4---v4.28.0/bin/lake", "--no-cache", "build", "+CircuitCorrectness.DctProgramCertificates.Fused0"]}
⚠ [1598/1602] Replayed CircuitCorrectness.Affine
warning: CircuitCorrectness/Affine.lean:52:33: This simp argument is unused:
  add_assoc

Hint: Omit it from the simp argument list.
  simp [ih, add_left_comm,̵ ̵a̵d̵d̵_̵a̵s̵s̵o̵c̵]

Note: This linter can be disabled with `set_option linter.unusedSimpArgs false`
⚠ [1600/1602] Replayed CircuitCorrectness.DctProgram
warning: CircuitCorrectness/DctProgram.lean:71:2: try 'simp' instead of 'simpa'

Note: This linter can be disabled with `set_option linter.unnecessarySimpa false`
warning: CircuitCorrectness/DctProgram.lean:239:31: Used `tac1 <;> tac2` where `(tac1; tac2)` would suffice

Note: This linter can be disabled with `set_option linter.unnecessarySeqFocus false`
✔ [1608/1608] Built CircuitCorrectness.DctProgramCertificates.Fused0 (29s)
Build completed successfully (1608 jobs).

{"module": "CircuitCorrectness.HashTrace2.Round01", "exit_code": 0, "seconds": 4.924024083000404, "maximum_child_rss_bytes": 2234122240, "user_seconds": 2.58445, "system_seconds": 2.646048, "log": "results/clean_build_modules/CircuitCorrectness.HashTrace2.Round01.log", "command": ["/Users/hanbunko/Downloads/zkCNN/VerImgCmp/circuit_correctness/.elan/toolchains/leanprover--lean4---v4.28.0/bin/lake", "--no-cache", "build", "+CircuitCorrectness.HashTrace2.Round01"]}
⚠ [1589/1600] Replayed CircuitCorrectness.Affine
warning: CircuitCorrectness/Affine.lean:52:33: This simp argument is unused:
  add_assoc

Hint: Omit it from the simp argument list.
  simp [ih, add_left_comm,̵ ̵a̵d̵d̵_̵a̵s̵s̵o̵c̵]

Note: This linter can be disabled with `set_option linter.unusedSimpArgs false`
⚠ [1597/1600] Replayed CircuitCorrectness.PoseidonProgram
warning: CircuitCorrectness/PoseidonProgram.lean:38:15: unused variable `one`

Note: This linter can be disabled with `set_option linter.unusedVariables false`
warning: CircuitCorrectness/PoseidonProgram.lean:137:14: This simp argument is unused:
  Function.comp_def

Hint: Omit it from the simp argument list.
  simp [hc,̵ ̵F̵u̵n̵c̵t̵i̵o̵n̵.̵c̵o̵m̵p̵_̵d̵e̵f̵]

Note: This linter can be disabled with `set_option linter.unusedSimpArgs false`
warning: CircuitCorrectness/PoseidonProgram.lean:194:68: This simp argument is unused:
  one_mul

Hint: Omit it from the simp argument list.
  simp only [Instruction.value, Affine.eval_constant, Nat.cast_one, o̵n̵e̵_̵m̵u̵l̵,̵
  ̵ ̵ ̵ ̵ ̵h1, mul_one, Affine.eval_nil,
  ̲  ̲ ̲ ̲add_zero] at ho

Note: This linter can be disabled with `set_option linter.unusedSimpArgs false`
⚠ [1605/1608] Replayed CircuitCorrectness.ConcreteProgram
warning: CircuitCorrectness/ConcreteProgram.lean:257:61: This simp argument is unused:
  one_mul

Hint: Omit it from the simp argument list.
  simp only [expandLC, ̲List.map_cons, ̲List.map_nil, ̲evalLC, ̲List.sum_cons, ̲List.sum_nil,
        one_expand, ̲neg_one_expand, ̲cast_neg_one, ̲Nat.cast_one, ̲h1,o̵n̵e̵_̵m̵u̵l̵,̵ ̲add_zero, ̲mul_one]

Note: This linter can be disabled with `set_option linter.unusedSimpArgs false`
✔ [1608/1608] Built CircuitCorrectness.HashTrace2.Round01 (3.0s)
Build completed successfully (1608 jobs).

{"module": "CircuitCorrectness.HashTrace2.Round02", "exit_code": 0, "seconds": 4.794967957999688, "maximum_child_rss_bytes": 2253766656, "user_seconds": 2.624645, "system_seconds": 2.533184, "log": "results/clean_build_modules/CircuitCorrectness.HashTrace2.Round02.log", "command": ["/Users/hanbunko/Downloads/zkCNN/VerImgCmp/circuit_correctness/.elan/toolchains/leanprover--lean4---v4.28.0/bin/lake", "--no-cache", "build", "+CircuitCorrectness.HashTrace2.Round02"]}
⚠ [1589/1600] Replayed CircuitCorrectness.Affine
warning: CircuitCorrectness/Affine.lean:52:33: This simp argument is unused:
  add_assoc

Hint: Omit it from the simp argument list.
  simp [ih, add_left_comm,̵ ̵a̵d̵d̵_̵a̵s̵s̵o̵c̵]

Note: This linter can be disabled with `set_option linter.unusedSimpArgs false`
⚠ [1597/1600] Replayed CircuitCorrectness.PoseidonProgram
warning: CircuitCorrectness/PoseidonProgram.lean:38:15: unused variable `one`

Note: This linter can be disabled with `set_option linter.unusedVariables false`
warning: CircuitCorrectness/PoseidonProgram.lean:137:14: This simp argument is unused:
  Function.comp_def

Hint: Omit it from the simp argument list.
  simp [hc,̵ ̵F̵u̵n̵c̵t̵i̵o̵n̵.̵c̵o̵m̵p̵_̵d̵e̵f̵]

Note: This linter can be disabled with `set_option linter.unusedSimpArgs false`
warning: CircuitCorrectness/PoseidonProgram.lean:194:68: This simp argument is unused:
  one_mul

Hint: Omit it from the simp argument list.
  simp only [Instruction.value, Affine.eval_constant, Nat.cast_one, o̵n̵e̵_̵m̵u̵l̵,̵
  ̵ ̵ ̵ ̵ ̵h1, mul_one, Affine.eval_nil,
  ̲  ̲ ̲ ̲add_zero] at ho

Note: This linter can be disabled with `set_option linter.unusedSimpArgs false`
⚠ [1605/1609] Replayed CircuitCorrectness.ConcreteProgram
warning: CircuitCorrectness/ConcreteProgram.lean:257:61: This simp argument is unused:
  one_mul

Hint: Omit it from the simp argument list.
  simp only [expandLC, ̲List.map_cons, ̲List.map_nil, ̲evalLC, ̲List.sum_cons, ̲List.sum_nil,
        one_expand, ̲neg_one_expand, ̲cast_neg_one, ̲Nat.cast_one, ̲h1,o̵n̵e̵_̵m̵u̵l̵,̵ ̲add_zero, ̲mul_one]

Note: This linter can be disabled with `set_option linter.unusedSimpArgs false`
✔ [1609/1609] Built CircuitCorrectness.HashTrace2.Round02 (2.0s)
Build completed successfully (1609 jobs).

{"module": "CircuitCorrectness.DctProgramCertificates.Fused1", "exit_code": 0, "seconds": 12.188664499999504, "maximum_child_rss_bytes": 3035283456, "user_seconds": 13.155371, "system_seconds": 2.758242, "log": "results/clean_build_modules/CircuitCorrectness.DctProgramCertificates.Fused1.log", "command": ["/Users/hanbunko/Downloads/zkCNN/VerImgCmp/circuit_correctness/.elan/toolchains/leanprover--lean4---v4.28.0/bin/lake", "--no-cache", "build", "+CircuitCorrectness.DctProgramCertificates.Fused1"]}
⚠ [1598/1602] Replayed CircuitCorrectness.Affine
warning: CircuitCorrectness/Affine.lean:52:33: This simp argument is unused:
  add_assoc

Hint: Omit it from the simp argument list.
  simp [ih, add_left_comm,̵ ̵a̵d̵d̵_̵a̵s̵s̵o̵c̵]

Note: This linter can be disabled with `set_option linter.unusedSimpArgs false`
⚠ [1600/1602] Replayed CircuitCorrectness.DctProgram
warning: CircuitCorrectness/DctProgram.lean:71:2: try 'simp' instead of 'simpa'

Note: This linter can be disabled with `set_option linter.unnecessarySimpa false`
warning: CircuitCorrectness/DctProgram.lean:239:31: Used `tac1 <;> tac2` where `(tac1; tac2)` would suffice

Note: This linter can be disabled with `set_option linter.unnecessarySeqFocus false`
✔ [1609/1609] Built CircuitCorrectness.DctProgramCertificates.Fused1 (10s)
Build completed successfully (1609 jobs).

{"module": "CircuitCorrectness.HashTrace2.Round03", "exit_code": 0, "seconds": 4.8047828750004555, "maximum_child_rss_bytes": 2235187200, "user_seconds": 2.566667, "system_seconds": 2.535813, "log": "results/clean_build_modules/CircuitCorrectness.HashTrace2.Round03.log", "command": ["/Users/hanbunko/Downloads/zkCNN/VerImgCmp/circuit_correctness/.elan/toolchains/leanprover--lean4---v4.28.0/bin/lake", "--no-cache", "build", "+CircuitCorrectness.HashTrace2.Round03"]}
⚠ [1589/1600] Replayed CircuitCorrectness.Affine
warning: CircuitCorrectness/Affine.lean:52:33: This simp argument is unused:
  add_assoc

Hint: Omit it from the simp argument list.
  simp [ih, add_left_comm,̵ ̵a̵d̵d̵_̵a̵s̵s̵o̵c̵]

Note: This linter can be disabled with `set_option linter.unusedSimpArgs false`
⚠ [1597/1600] Replayed CircuitCorrectness.PoseidonProgram
warning: CircuitCorrectness/PoseidonProgram.lean:38:15: unused variable `one`

Note: This linter can be disabled with `set_option linter.unusedVariables false`
warning: CircuitCorrectness/PoseidonProgram.lean:137:14: This simp argument is unused:
  Function.comp_def

Hint: Omit it from the simp argument list.
  simp [hc,̵ ̵F̵u̵n̵c̵t̵i̵o̵n̵.̵c̵o̵m̵p̵_̵d̵e̵f̵]

Note: This linter can be disabled with `set_option linter.unusedSimpArgs false`
warning: CircuitCorrectness/PoseidonProgram.lean:194:68: This simp argument is unused:
  one_mul

Hint: Omit it from the simp argument list.
  simp only [Instruction.value, Affine.eval_constant, Nat.cast_one, o̵n̵e̵_̵m̵u̵l̵,̵
  ̵ ̵ ̵ ̵ ̵h1, mul_one, Affine.eval_nil,
  ̲  ̲ ̲ ̲add_zero] at ho

Note: This linter can be disabled with `set_option linter.unusedSimpArgs false`
⚠ [1605/1610] Replayed CircuitCorrectness.ConcreteProgram
warning: CircuitCorrectness/ConcreteProgram.lean:257:61: This simp argument is unused:
  one_mul

Hint: Omit it from the simp argument list.
  simp only [expandLC, ̲List.map_cons, ̲List.map_nil, ̲evalLC, ̲List.sum_cons, ̲List.sum_nil,
        one_expand, ̲neg_one_expand, ̲cast_neg_one, ̲Nat.cast_one, ̲h1,o̵n̵e̵_̵m̵u̵l̵,̵ ̲add_zero, ̲mul_one]

Note: This linter can be disabled with `set_option linter.unusedSimpArgs false`
✔ [1610/1610] Built CircuitCorrectness.HashTrace2.Round03 (2.9s)
Build completed successfully (1610 jobs).

{"module": "CircuitCorrectness.HashTrace2.Round04", "exit_code": 0, "seconds": 4.488052457999402, "maximum_child_rss_bytes": 2148614144, "user_seconds": 2.217944, "system_seconds": 2.539363, "log": "results/clean_build_modules/CircuitCorrectness.HashTrace2.Round04.log", "command": ["/Users/hanbunko/Downloads/zkCNN/VerImgCmp/circuit_correctness/.elan/toolchains/leanprover--lean4---v4.28.0/bin/lake", "--no-cache", "build", "+CircuitCorrectness.HashTrace2.Round04"]}
⚠ [1589/1600] Replayed CircuitCorrectness.Affine
warning: CircuitCorrectness/Affine.lean:52:33: This simp argument is unused:
  add_assoc

Hint: Omit it from the simp argument list.
  simp [ih, add_left_comm,̵ ̵a̵d̵d̵_̵a̵s̵s̵o̵c̵]

Note: This linter can be disabled with `set_option linter.unusedSimpArgs false`
⚠ [1597/1600] Replayed CircuitCorrectness.PoseidonProgram
warning: CircuitCorrectness/PoseidonProgram.lean:38:15: unused variable `one`

Note: This linter can be disabled with `set_option linter.unusedVariables false`
warning: CircuitCorrectness/PoseidonProgram.lean:137:14: This simp argument is unused:
  Function.comp_def

Hint: Omit it from the simp argument list.
  simp [hc,̵ ̵F̵u̵n̵c̵t̵i̵o̵n̵.̵c̵o̵m̵p̵_̵d̵e̵f̵]

Note: This linter can be disabled with `set_option linter.unusedSimpArgs false`
warning: CircuitCorrectness/PoseidonProgram.lean:194:68: This simp argument is unused:
  one_mul

Hint: Omit it from the simp argument list.
  simp only [Instruction.value, Affine.eval_constant, Nat.cast_one, o̵n̵e̵_̵m̵u̵l̵,̵
  ̵ ̵ ̵ ̵ ̵h1, mul_one, Affine.eval_nil,
  ̲  ̲ ̲ ̲add_zero] at ho

Note: This linter can be disabled with `set_option linter.unusedSimpArgs false`
⚠ [1605/1611] Replayed CircuitCorrectness.ConcreteProgram
warning: CircuitCorrectness/ConcreteProgram.lean:257:61: This simp argument is unused:
  one_mul

Hint: Omit it from the simp argument list.
  simp only [expandLC, ̲List.map_cons, ̲List.map_nil, ̲evalLC, ̲List.sum_cons, ̲List.sum_nil,
        one_expand, ̲neg_one_expand, ̲cast_neg_one, ̲Nat.cast_one, ̲h1,o̵n̵e̵_̵m̵u̵l̵,̵ ̲add_zero, ̲mul_one]

Note: This linter can be disabled with `set_option linter.unusedSimpArgs false`
✔ [1611/1611] Built CircuitCorrectness.HashTrace2.Round04 (2.6s)
Build completed successfully (1611 jobs).

{"module": "CircuitCorrectness.HashTrace2.Round05", "exit_code": 0, "seconds": 4.624706499999775, "maximum_child_rss_bytes": 2204499968, "user_seconds": 2.435192, "system_seconds": 2.531303, "log": "results/clean_build_modules/CircuitCorrectness.HashTrace2.Round05.log", "command": ["/Users/hanbunko/Downloads/zkCNN/VerImgCmp/circuit_correctness/.elan/toolchains/leanprover--lean4---v4.28.0/bin/lake", "--no-cache", "build", "+CircuitCorrectness.HashTrace2.Round05"]}
⚠ [1589/1600] Replayed CircuitCorrectness.Affine
warning: CircuitCorrectness/Affine.lean:52:33: This simp argument is unused:
  add_assoc

Hint: Omit it from the simp argument list.
  simp [ih, add_left_comm,̵ ̵a̵d̵d̵_̵a̵s̵s̵o̵c̵]

Note: This linter can be disabled with `set_option linter.unusedSimpArgs false`
⚠ [1597/1600] Replayed CircuitCorrectness.PoseidonProgram
warning: CircuitCorrectness/PoseidonProgram.lean:38:15: unused variable `one`

Note: This linter can be disabled with `set_option linter.unusedVariables false`
warning: CircuitCorrectness/PoseidonProgram.lean:137:14: This simp argument is unused:
  Function.comp_def

Hint: Omit it from the simp argument list.
  simp [hc,̵ ̵F̵u̵n̵c̵t̵i̵o̵n̵.̵c̵o̵m̵p̵_̵d̵e̵f̵]

Note: This linter can be disabled with `set_option linter.unusedSimpArgs false`
warning: CircuitCorrectness/PoseidonProgram.lean:194:68: This simp argument is unused:
  one_mul

Hint: Omit it from the simp argument list.
  simp only [Instruction.value, Affine.eval_constant, Nat.cast_one, o̵n̵e̵_̵m̵u̵l̵,̵
  ̵ ̵ ̵ ̵ ̵h1, mul_one, Affine.eval_nil,
  ̲  ̲ ̲ ̲add_zero] at ho

Note: This linter can be disabled with `set_option linter.unusedSimpArgs false`
⚠ [1605/1612] Replayed CircuitCorrectness.ConcreteProgram
warning: CircuitCorrectness/ConcreteProgram.lean:257:61: This simp argument is unused:
  one_mul

Hint: Omit it from the simp argument list.
  simp only [expandLC, ̲List.map_cons, ̲List.map_nil, ̲evalLC, ̲List.sum_cons, ̲List.sum_nil,
        one_expand, ̲neg_one_expand, ̲cast_neg_one, ̲Nat.cast_one, ̲h1,o̵n̵e̵_̵m̵u̵l̵,̵ ̲add_zero, ̲mul_one]

Note: This linter can be disabled with `set_option linter.unusedSimpArgs false`
✔ [1612/1612] Built CircuitCorrectness.HashTrace2.Round05 (2.8s)
Build completed successfully (1612 jobs).

{"module": "CircuitCorrectness.DctProgramCertificates.Fused2", "exit_code": 0, "seconds": 12.228483666999637, "maximum_child_rss_bytes": 3021471744, "user_seconds": 12.932301, "system_seconds": 2.762202, "log": "results/clean_build_modules/CircuitCorrectness.DctProgramCertificates.Fused2.log", "command": ["/Users/hanbunko/Downloads/zkCNN/VerImgCmp/circuit_correctness/.elan/toolchains/leanprover--lean4---v4.28.0/bin/lake", "--no-cache", "build", "+CircuitCorrectness.DctProgramCertificates.Fused2"]}
⚠ [1598/1603] Replayed CircuitCorrectness.Affine
warning: CircuitCorrectness/Affine.lean:52:33: This simp argument is unused:
  add_assoc

Hint: Omit it from the simp argument list.
  simp [ih, add_left_comm,̵ ̵a̵d̵d̵_̵a̵s̵s̵o̵c̵]

Note: This linter can be disabled with `set_option linter.unusedSimpArgs false`
⚠ [1600/1603] Replayed CircuitCorrectness.DctProgram
warning: CircuitCorrectness/DctProgram.lean:71:2: try 'simp' instead of 'simpa'

Note: This linter can be disabled with `set_option linter.unnecessarySimpa false`
warning: CircuitCorrectness/DctProgram.lean:239:31: Used `tac1 <;> tac2` where `(tac1; tac2)` would suffice

Note: This linter can be disabled with `set_option linter.unnecessarySeqFocus false`
✔ [1610/1610] Built CircuitCorrectness.DctProgramCertificates.Fused2 (10s)
Build completed successfully (1610 jobs).

{"module": "CircuitCorrectness.HashTrace2.Round06", "exit_code": 0, "seconds": 4.713449833000595, "maximum_child_rss_bytes": 2209595392, "user_seconds": 2.468521, "system_seconds": 2.591724, "log": "results/clean_build_modules/CircuitCorrectness.HashTrace2.Round06.log", "command": ["/Users/hanbunko/Downloads/zkCNN/VerImgCmp/circuit_correctness/.elan/toolchains/leanprover--lean4---v4.28.0/bin/lake", "--no-cache", "build", "+CircuitCorrectness.HashTrace2.Round06"]}
⚠ [1589/1600] Replayed CircuitCorrectness.Affine
warning: CircuitCorrectness/Affine.lean:52:33: This simp argument is unused:
  add_assoc

Hint: Omit it from the simp argument list.
  simp [ih, add_left_comm,̵ ̵a̵d̵d̵_̵a̵s̵s̵o̵c̵]

Note: This linter can be disabled with `set_option linter.unusedSimpArgs false`
⚠ [1597/1600] Replayed CircuitCorrectness.PoseidonProgram
warning: CircuitCorrectness/PoseidonProgram.lean:38:15: unused variable `one`

Note: This linter can be disabled with `set_option linter.unusedVariables false`
warning: CircuitCorrectness/PoseidonProgram.lean:137:14: This simp argument is unused:
  Function.comp_def

Hint: Omit it from the simp argument list.
  simp [hc,̵ ̵F̵u̵n̵c̵t̵i̵o̵n̵.̵c̵o̵m̵p̵_̵d̵e̵f̵]

Note: This linter can be disabled with `set_option linter.unusedSimpArgs false`
warning: CircuitCorrectness/PoseidonProgram.lean:194:68: This simp argument is unused:
  one_mul

Hint: Omit it from the simp argument list.
  simp only [Instruction.value, Affine.eval_constant, Nat.cast_one, o̵n̵e̵_̵m̵u̵l̵,̵
  ̵ ̵ ̵ ̵ ̵h1, mul_one, Affine.eval_nil,
  ̲  ̲ ̲ ̲add_zero] at ho

Note: This linter can be disabled with `set_option linter.unusedSimpArgs false`
⚠ [1605/1613] Replayed CircuitCorrectness.ConcreteProgram
warning: CircuitCorrectness/ConcreteProgram.lean:257:61: This simp argument is unused:
  one_mul

Hint: Omit it from the simp argument list.
  simp only [expandLC, ̲List.map_cons, ̲List.map_nil, ̲evalLC, ̲List.sum_cons, ̲List.sum_nil,
        one_expand, ̲neg_one_expand, ̲cast_neg_one, ̲Nat.cast_one, ̲h1,o̵n̵e̵_̵m̵u̵l̵,̵ ̲add_zero, ̲mul_one]

Note: This linter can be disabled with `set_option linter.unusedSimpArgs false`
✔ [1613/1613] Built CircuitCorrectness.HashTrace2.Round06 (2.8s)
Build completed successfully (1613 jobs).

{"module": "CircuitCorrectness.DctProgramCertificates.Base", "exit_code": 0, "seconds": 4.236049500000263, "maximum_child_rss_bytes": 2098593792, "user_seconds": 2.581029, "system_seconds": 2.58467, "log": "results/clean_build_modules/CircuitCorrectness.DctProgramCertificates.Base.log", "command": ["/Users/hanbunko/Downloads/zkCNN/VerImgCmp/circuit_correctness/.elan/toolchains/leanprover--lean4---v4.28.0/bin/lake", "--no-cache", "build", "+CircuitCorrectness.DctProgramCertificates.Base"]}
⚠ [1598/1602] Replayed CircuitCorrectness.Affine
warning: CircuitCorrectness/Affine.lean:52:33: This simp argument is unused:
  add_assoc

Hint: Omit it from the simp argument list.
  simp [ih, add_left_comm,̵ ̵a̵d̵d̵_̵a̵s̵s̵o̵c̵]

Note: This linter can be disabled with `set_option linter.unusedSimpArgs false`
⚠ [1600/1602] Replayed CircuitCorrectness.DctProgram
warning: CircuitCorrectness/DctProgram.lean:71:2: try 'simp' instead of 'simpa'

Note: This linter can be disabled with `set_option linter.unnecessarySimpa false`
warning: CircuitCorrectness/DctProgram.lean:239:31: Used `tac1 <;> tac2` where `(tac1; tac2)` would suffice

Note: This linter can be disabled with `set_option linter.unnecessarySeqFocus false`
⚠ [1611/1612] Replayed CircuitCorrectness.ConcreteProgram
warning: CircuitCorrectness/ConcreteProgram.lean:257:61: This simp argument is unused:
  one_mul

Hint: Omit it from the simp argument list.
  simp only [expandLC, ̲List.map_cons, ̲List.map_nil, ̲evalLC, ̲List.sum_cons, ̲List.sum_nil,
        one_expand, ̲neg_one_expand, ̲cast_neg_one, ̲Nat.cast_one, ̲h1,o̵n̵e̵_̵m̵u̵l̵,̵ ̲add_zero, ̲mul_one]

Note: This linter can be disabled with `set_option linter.unusedSimpArgs false`
✔ [1612/1612] Built CircuitCorrectness.DctProgramCertificates.Base (2.4s)
Build completed successfully (1612 jobs).

{"module": "CircuitCorrectness.HashTrace2.Round07", "exit_code": 0, "seconds": 5.020378959000482, "maximum_child_rss_bytes": 2240118784, "user_seconds": 2.608708, "system_seconds": 2.793413, "log": "results/clean_build_modules/CircuitCorrectness.HashTrace2.Round07.log", "command": ["/Users/hanbunko/Downloads/zkCNN/VerImgCmp/circuit_correctness/.elan/toolchains/leanprover--lean4---v4.28.0/bin/lake", "--no-cache", "build", "+CircuitCorrectness.HashTrace2.Round07"]}
⚠ [1589/1600] Replayed CircuitCorrectness.Affine
warning: CircuitCorrectness/Affine.lean:52:33: This simp argument is unused:
  add_assoc

Hint: Omit it from the simp argument list.
  simp [ih, add_left_comm,̵ ̵a̵d̵d̵_̵a̵s̵s̵o̵c̵]

Note: This linter can be disabled with `set_option linter.unusedSimpArgs false`
⚠ [1597/1600] Replayed CircuitCorrectness.PoseidonProgram
warning: CircuitCorrectness/PoseidonProgram.lean:38:15: unused variable `one`

Note: This linter can be disabled with `set_option linter.unusedVariables false`
warning: CircuitCorrectness/PoseidonProgram.lean:137:14: This simp argument is unused:
  Function.comp_def

Hint: Omit it from the simp argument list.
  simp [hc,̵ ̵F̵u̵n̵c̵t̵i̵o̵n̵.̵c̵o̵m̵p̵_̵d̵e̵f̵]

Note: This linter can be disabled with `set_option linter.unusedSimpArgs false`
warning: CircuitCorrectness/PoseidonProgram.lean:194:68: This simp argument is unused:
  one_mul

Hint: Omit it from the simp argument list.
  simp only [Instruction.value, Affine.eval_constant, Nat.cast_one, o̵n̵e̵_̵m̵u̵l̵,̵
  ̵ ̵ ̵ ̵ ̵h1, mul_one, Affine.eval_nil,
  ̲  ̲ ̲ ̲add_zero] at ho

Note: This linter can be disabled with `set_option linter.unusedSimpArgs false`
⚠ [1605/1614] Replayed CircuitCorrectness.ConcreteProgram
warning: CircuitCorrectness/ConcreteProgram.lean:257:61: This simp argument is unused:
  one_mul

Hint: Omit it from the simp argument list.
  simp only [expandLC, ̲List.map_cons, ̲List.map_nil, ̲evalLC, ̲List.sum_cons, ̲List.sum_nil,
        one_expand, ̲neg_one_expand, ̲cast_neg_one, ̲Nat.cast_one, ̲h1,o̵n̵e̵_̵m̵u̵l̵,̵ ̲add_zero, ̲mul_one]

Note: This linter can be disabled with `set_option linter.unusedSimpArgs false`
✔ [1614/1614] Built CircuitCorrectness.HashTrace2.Round07 (3.1s)
Build completed successfully (1614 jobs).

{"module": "CircuitCorrectness.DctProgramCertificates.Coordinates", "exit_code": 0, "seconds": 12.31005279100009, "maximum_child_rss_bytes": 3106308096, "user_seconds": 14.238291, "system_seconds": 2.8705089999999998, "log": "results/clean_build_modules/CircuitCorrectness.DctProgramCertificates.Coordinates.log", "command": ["/Users/hanbunko/Downloads/zkCNN/VerImgCmp/circuit_correctness/.elan/toolchains/leanprover--lean4---v4.28.0/bin/lake", "--no-cache", "build", "+CircuitCorrectness.DctProgramCertificates.Coordinates"]}
⚠ [1599/1613] Replayed CircuitCorrectness.Affine
warning: CircuitCorrectness/Affine.lean:52:33: This simp argument is unused:
  add_assoc

Hint: Omit it from the simp argument list.
  simp [ih, add_left_comm,̵ ̵a̵d̵d̵_̵a̵s̵s̵o̵c̵]

Note: This linter can be disabled with `set_option linter.unusedSimpArgs false`
⚠ [1601/1613] Replayed CircuitCorrectness.DctProgram
warning: CircuitCorrectness/DctProgram.lean:71:2: try 'simp' instead of 'simpa'

Note: This linter can be disabled with `set_option linter.unnecessarySimpa false`
warning: CircuitCorrectness/DctProgram.lean:239:31: Used `tac1 <;> tac2` where `(tac1; tac2)` would suffice

Note: This linter can be disabled with `set_option linter.unnecessarySeqFocus false`
⚠ [1611/1613] Replayed CircuitCorrectness.ConcreteProgram
warning: CircuitCorrectness/ConcreteProgram.lean:257:61: This simp argument is unused:
  one_mul

Hint: Omit it from the simp argument list.
  simp only [expandLC, ̲List.map_cons, ̲List.map_nil, ̲evalLC, ̲List.sum_cons, ̲List.sum_nil,
        one_expand, ̲neg_one_expand, ̲cast_neg_one, ̲Nat.cast_one, ̲h1,o̵n̵e̵_̵m̵u̵l̵,̵ ̲add_zero, ̲mul_one]

Note: This linter can be disabled with `set_option linter.unusedSimpArgs false`
✔ [1613/1613] Built CircuitCorrectness.DctProgramCertificates.Coordinates (10s)
Build completed successfully (1613 jobs).

{"module": "CircuitCorrectness.DctProgramCertificates.Group00", "exit_code": 0, "seconds": 18.84634829100014, "maximum_child_rss_bytes": 2855354368, "user_seconds": 28.515599, "system_seconds": 2.936976, "log": "results/clean_build_modules/CircuitCorrectness.DctProgramCertificates.Group00.log", "command": ["/Users/hanbunko/Downloads/zkCNN/VerImgCmp/circuit_correctness/.elan/toolchains/leanprover--lean4---v4.28.0/bin/lake", "--no-cache", "build", "+CircuitCorrectness.DctProgramCertificates.Group00"]}
⚠ [1598/1602] Replayed CircuitCorrectness.Affine
warning: CircuitCorrectness/Affine.lean:52:33: This simp argument is unused:
  add_assoc

Hint: Omit it from the simp argument list.
  simp [ih, add_left_comm,̵ ̵a̵d̵d̵_̵a̵s̵s̵o̵c̵]

Note: This linter can be disabled with `set_option linter.unusedSimpArgs false`
⚠ [1600/1602] Replayed CircuitCorrectness.DctProgram
warning: CircuitCorrectness/DctProgram.lean:71:2: try 'simp' instead of 'simpa'

Note: This linter can be disabled with `set_option linter.unnecessarySimpa false`
warning: CircuitCorrectness/DctProgram.lean:239:31: Used `tac1 <;> tac2` where `(tac1; tac2)` would suffice

Note: This linter can be disabled with `set_option linter.unnecessarySeqFocus false`
⚠ [1611/1613] Replayed CircuitCorrectness.ConcreteProgram
warning: CircuitCorrectness/ConcreteProgram.lean:257:61: This simp argument is unused:
  one_mul

Hint: Omit it from the simp argument list.
  simp only [expandLC, ̲List.map_cons, ̲List.map_nil, ̲evalLC, ̲List.sum_cons, ̲List.sum_nil,
        one_expand, ̲neg_one_expand, ̲cast_neg_one, ̲Nat.cast_one, ̲h1,o̵n̵e̵_̵m̵u̵l̵,̵ ̲add_zero, ̲mul_one]

Note: This linter can be disabled with `set_option linter.unusedSimpArgs false`
✔ [1613/1613] Built CircuitCorrectness.DctProgramCertificates.Group00 (16s)
Build completed successfully (1613 jobs).

{"module": "CircuitCorrectness.DctProgramCertificates.Group01", "exit_code": 0, "seconds": 19.647458249999545, "maximum_child_rss_bytes": 2919628800, "user_seconds": 30.189095, "system_seconds": 2.860126, "log": "results/clean_build_modules/CircuitCorrectness.DctProgramCertificates.Group01.log", "command": ["/Users/hanbunko/Downloads/zkCNN/VerImgCmp/circuit_correctness/.elan/toolchains/leanprover--lean4---v4.28.0/bin/lake", "--no-cache", "build", "+CircuitCorrectness.DctProgramCertificates.Group01"]}
⚠ [1598/1602] Replayed CircuitCorrectness.Affine
warning: CircuitCorrectness/Affine.lean:52:33: This simp argument is unused:
  add_assoc

Hint: Omit it from the simp argument list.
  simp [ih, add_left_comm,̵ ̵a̵d̵d̵_̵a̵s̵s̵o̵c̵]

Note: This linter can be disabled with `set_option linter.unusedSimpArgs false`
⚠ [1600/1602] Replayed CircuitCorrectness.DctProgram
warning: CircuitCorrectness/DctProgram.lean:71:2: try 'simp' instead of 'simpa'

Note: This linter can be disabled with `set_option linter.unnecessarySimpa false`
warning: CircuitCorrectness/DctProgram.lean:239:31: Used `tac1 <;> tac2` where `(tac1; tac2)` would suffice

Note: This linter can be disabled with `set_option linter.unnecessarySeqFocus false`
⚠ [1611/1613] Replayed CircuitCorrectness.ConcreteProgram
warning: CircuitCorrectness/ConcreteProgram.lean:257:61: This simp argument is unused:
  one_mul

Hint: Omit it from the simp argument list.
  simp only [expandLC, ̲List.map_cons, ̲List.map_nil, ̲evalLC, ̲List.sum_cons, ̲List.sum_nil,
        one_expand, ̲neg_one_expand, ̲cast_neg_one, ̲Nat.cast_one, ̲h1,o̵n̵e̵_̵m̵u̵l̵,̵ ̲add_zero, ̲mul_one]

Note: This linter can be disabled with `set_option linter.unusedSimpArgs false`
✔ [1613/1613] Built CircuitCorrectness.DctProgramCertificates.Group01 (17s)
Build completed successfully (1613 jobs).

{"module": "CircuitCorrectness.DctProgramCertificates.Group02", "exit_code": 0, "seconds": 20.68804983300015, "maximum_child_rss_bytes": 3058139136, "user_seconds": 31.655894, "system_seconds": 2.878642, "log": "results/clean_build_modules/CircuitCorrectness.DctProgramCertificates.Group02.log", "command": ["/Users/hanbunko/Downloads/zkCNN/VerImgCmp/circuit_correctness/.elan/toolchains/leanprover--lean4---v4.28.0/bin/lake", "--no-cache", "build", "+CircuitCorrectness.DctProgramCertificates.Group02"]}
⚠ [1598/1602] Replayed CircuitCorrectness.Affine
warning: CircuitCorrectness/Affine.lean:52:33: This simp argument is unused:
  add_assoc

Hint: Omit it from the simp argument list.
  simp [ih, add_left_comm,̵ ̵a̵d̵d̵_̵a̵s̵s̵o̵c̵]

Note: This linter can be disabled with `set_option linter.unusedSimpArgs false`
⚠ [1600/1602] Replayed CircuitCorrectness.DctProgram
warning: CircuitCorrectness/DctProgram.lean:71:2: try 'simp' instead of 'simpa'

Note: This linter can be disabled with `set_option linter.unnecessarySimpa false`
warning: CircuitCorrectness/DctProgram.lean:239:31: Used `tac1 <;> tac2` where `(tac1; tac2)` would suffice

Note: This linter can be disabled with `set_option linter.unnecessarySeqFocus false`
⚠ [1611/1614] Replayed CircuitCorrectness.ConcreteProgram
warning: CircuitCorrectness/ConcreteProgram.lean:257:61: This simp argument is unused:
  one_mul

Hint: Omit it from the simp argument list.
  simp only [expandLC, ̲List.map_cons, ̲List.map_nil, ̲evalLC, ̲List.sum_cons, ̲List.sum_nil,
        one_expand, ̲neg_one_expand, ̲cast_neg_one, ̲Nat.cast_one, ̲h1,o̵n̵e̵_̵m̵u̵l̵,̵ ̲add_zero, ̲mul_one]

Note: This linter can be disabled with `set_option linter.unusedSimpArgs false`
✔ [1614/1614] Built CircuitCorrectness.DctProgramCertificates.Group02 (18s)
Build completed successfully (1614 jobs).

{"module": "CircuitCorrectness.DctProgramCertificates.Group03", "exit_code": 0, "seconds": 21.988608749999912, "maximum_child_rss_bytes": 3051667456, "user_seconds": 33.509269, "system_seconds": 3.10885, "log": "results/clean_build_modules/CircuitCorrectness.DctProgramCertificates.Group03.log", "command": ["/Users/hanbunko/Downloads/zkCNN/VerImgCmp/circuit_correctness/.elan/toolchains/leanprover--lean4---v4.28.0/bin/lake", "--no-cache", "build", "+CircuitCorrectness.DctProgramCertificates.Group03"]}
⚠ [1598/1602] Replayed CircuitCorrectness.Affine
warning: CircuitCorrectness/Affine.lean:52:33: This simp argument is unused:
  add_assoc

Hint: Omit it from the simp argument list.
  simp [ih, add_left_comm,̵ ̵a̵d̵d̵_̵a̵s̵s̵o̵c̵]

Note: This linter can be disabled with `set_option linter.unusedSimpArgs false`
⚠ [1600/1602] Replayed CircuitCorrectness.DctProgram
warning: CircuitCorrectness/DctProgram.lean:71:2: try 'simp' instead of 'simpa'

Note: This linter can be disabled with `set_option linter.unnecessarySimpa false`
warning: CircuitCorrectness/DctProgram.lean:239:31: Used `tac1 <;> tac2` where `(tac1; tac2)` would suffice

Note: This linter can be disabled with `set_option linter.unnecessarySeqFocus false`
⚠ [1611/1614] Replayed CircuitCorrectness.ConcreteProgram
warning: CircuitCorrectness/ConcreteProgram.lean:257:61: This simp argument is unused:
  one_mul

Hint: Omit it from the simp argument list.
  simp only [expandLC, ̲List.map_cons, ̲List.map_nil, ̲evalLC, ̲List.sum_cons, ̲List.sum_nil,
        one_expand, ̲neg_one_expand, ̲cast_neg_one, ̲Nat.cast_one, ̲h1,o̵n̵e̵_̵m̵u̵l̵,̵ ̲add_zero, ̲mul_one]

Note: This linter can be disabled with `set_option linter.unusedSimpArgs false`
✔ [1614/1614] Built CircuitCorrectness.DctProgramCertificates.Group03 (20s)
Build completed successfully (1614 jobs).

{"module": "CircuitCorrectness.DctProgramCertificates.Group04", "exit_code": 0, "seconds": 18.803484166999624, "maximum_child_rss_bytes": 3069853696, "user_seconds": 27.083068, "system_seconds": 2.870511, "log": "results/clean_build_modules/CircuitCorrectness.DctProgramCertificates.Group04.log", "command": ["/Users/hanbunko/Downloads/zkCNN/VerImgCmp/circuit_correctness/.elan/toolchains/leanprover--lean4---v4.28.0/bin/lake", "--no-cache", "build", "+CircuitCorrectness.DctProgramCertificates.Group04"]}
⚠ [1598/1602] Replayed CircuitCorrectness.Affine
warning: CircuitCorrectness/Affine.lean:52:33: This simp argument is unused:
  add_assoc

Hint: Omit it from the simp argument list.
  simp [ih, add_left_comm,̵ ̵a̵d̵d̵_̵a̵s̵s̵o̵c̵]

Note: This linter can be disabled with `set_option linter.unusedSimpArgs false`
⚠ [1600/1602] Replayed CircuitCorrectness.DctProgram
warning: CircuitCorrectness/DctProgram.lean:71:2: try 'simp' instead of 'simpa'

Note: This linter can be disabled with `set_option linter.unnecessarySimpa false`
warning: CircuitCorrectness/DctProgram.lean:239:31: Used `tac1 <;> tac2` where `(tac1; tac2)` would suffice

Note: This linter can be disabled with `set_option linter.unnecessarySeqFocus false`
⚠ [1611/1615] Replayed CircuitCorrectness.ConcreteProgram
warning: CircuitCorrectness/ConcreteProgram.lean:257:61: This simp argument is unused:
  one_mul

Hint: Omit it from the simp argument list.
  simp only [expandLC, ̲List.map_cons, ̲List.map_nil, ̲evalLC, ̲List.sum_cons, ̲List.sum_nil,
        one_expand, ̲neg_one_expand, ̲cast_neg_one, ̲Nat.cast_one, ̲h1,o̵n̵e̵_̵m̵u̵l̵,̵ ̲add_zero, ̲mul_one]

Note: This linter can be disabled with `set_option linter.unusedSimpArgs false`
✔ [1615/1615] Built CircuitCorrectness.DctProgramCertificates.Group04 (16s)
Build completed successfully (1615 jobs).

{"module": "CircuitCorrectness.DctProgramCertificates.Group05", "exit_code": 0, "seconds": 19.895452916999602, "maximum_child_rss_bytes": 3382870016, "user_seconds": 28.673128, "system_seconds": 2.929664, "log": "results/clean_build_modules/CircuitCorrectness.DctProgramCertificates.Group05.log", "command": ["/Users/hanbunko/Downloads/zkCNN/VerImgCmp/circuit_correctness/.elan/toolchains/leanprover--lean4---v4.28.0/bin/lake", "--no-cache", "build", "+CircuitCorrectness.DctProgramCertificates.Group05"]}
⚠ [1598/1602] Replayed CircuitCorrectness.Affine
warning: CircuitCorrectness/Affine.lean:52:33: This simp argument is unused:
  add_assoc

Hint: Omit it from the simp argument list.
  simp [ih, add_left_comm,̵ ̵a̵d̵d̵_̵a̵s̵s̵o̵c̵]

Note: This linter can be disabled with `set_option linter.unusedSimpArgs false`
⚠ [1600/1602] Replayed CircuitCorrectness.DctProgram
warning: CircuitCorrectness/DctProgram.lean:71:2: try 'simp' instead of 'simpa'

Note: This linter can be disabled with `set_option linter.unnecessarySimpa false`
warning: CircuitCorrectness/DctProgram.lean:239:31: Used `tac1 <;> tac2` where `(tac1; tac2)` would suffice

Note: This linter can be disabled with `set_option linter.unnecessarySeqFocus false`
⚠ [1611/1615] Replayed CircuitCorrectness.ConcreteProgram
warning: CircuitCorrectness/ConcreteProgram.lean:257:61: This simp argument is unused:
  one_mul

Hint: Omit it from the simp argument list.
  simp only [expandLC, ̲List.map_cons, ̲List.map_nil, ̲evalLC, ̲List.sum_cons, ̲List.sum_nil,
        one_expand, ̲neg_one_expand, ̲cast_neg_one, ̲Nat.cast_one, ̲h1,o̵n̵e̵_̵m̵u̵l̵,̵ ̲add_zero, ̲mul_one]

Note: This linter can be disabled with `set_option linter.unusedSimpArgs false`
✔ [1615/1615] Built CircuitCorrectness.DctProgramCertificates.Group05 (18s)
Build completed successfully (1615 jobs).

{"module": "CircuitCorrectness.DctProgramCertificates.Group06", "exit_code": 0, "seconds": 20.82767983299982, "maximum_child_rss_bytes": 3325968384, "user_seconds": 30.146958, "system_seconds": 2.975435, "log": "results/clean_build_modules/CircuitCorrectness.DctProgramCertificates.Group06.log", "command": ["/Users/hanbunko/Downloads/zkCNN/VerImgCmp/circuit_correctness/.elan/toolchains/leanprover--lean4---v4.28.0/bin/lake", "--no-cache", "build", "+CircuitCorrectness.DctProgramCertificates.Group06"]}
⚠ [1598/1602] Replayed CircuitCorrectness.Affine
warning: CircuitCorrectness/Affine.lean:52:33: This simp argument is unused:
  add_assoc

Hint: Omit it from the simp argument list.
  simp [ih, add_left_comm,̵ ̵a̵d̵d̵_̵a̵s̵s̵o̵c̵]

Note: This linter can be disabled with `set_option linter.unusedSimpArgs false`
⚠ [1600/1602] Replayed CircuitCorrectness.DctProgram
warning: CircuitCorrectness/DctProgram.lean:71:2: try 'simp' instead of 'simpa'

Note: This linter can be disabled with `set_option linter.unnecessarySimpa false`
warning: CircuitCorrectness/DctProgram.lean:239:31: Used `tac1 <;> tac2` where `(tac1; tac2)` would suffice

Note: This linter can be disabled with `set_option linter.unnecessarySeqFocus false`
⚠ [1611/1616] Replayed CircuitCorrectness.ConcreteProgram
warning: CircuitCorrectness/ConcreteProgram.lean:257:61: This simp argument is unused:
  one_mul

Hint: Omit it from the simp argument list.
  simp only [expandLC, ̲List.map_cons, ̲List.map_nil, ̲evalLC, ̲List.sum_cons, ̲List.sum_nil,
        one_expand, ̲neg_one_expand, ̲cast_neg_one, ̲Nat.cast_one, ̲h1,o̵n̵e̵_̵m̵u̵l̵,̵ ̲add_zero, ̲mul_one]

Note: This linter can be disabled with `set_option linter.unusedSimpArgs false`
✔ [1616/1616] Built CircuitCorrectness.DctProgramCertificates.Group06 (18s)
Build completed successfully (1616 jobs).

{"module": "CircuitCorrectness.DctProgramCertificates.Group07", "exit_code": 0, "seconds": 22.077458791000026, "maximum_child_rss_bytes": 3419734016, "user_seconds": 31.891019, "system_seconds": 3.011456, "log": "results/clean_build_modules/CircuitCorrectness.DctProgramCertificates.Group07.log", "command": ["/Users/hanbunko/Downloads/zkCNN/VerImgCmp/circuit_correctness/.elan/toolchains/leanprover--lean4---v4.28.0/bin/lake", "--no-cache", "build", "+CircuitCorrectness.DctProgramCertificates.Group07"]}
⚠ [1599/1616] Replayed CircuitCorrectness.Affine
warning: CircuitCorrectness/Affine.lean:52:33: This simp argument is unused:
  add_assoc

Hint: Omit it from the simp argument list.
  simp [ih, add_left_comm,̵ ̵a̵d̵d̵_̵a̵s̵s̵o̵c̵]

Note: This linter can be disabled with `set_option linter.unusedSimpArgs false`
⚠ [1601/1616] Replayed CircuitCorrectness.DctProgram
warning: CircuitCorrectness/DctProgram.lean:71:2: try 'simp' instead of 'simpa'

Note: This linter can be disabled with `set_option linter.unnecessarySimpa false`
warning: CircuitCorrectness/DctProgram.lean:239:31: Used `tac1 <;> tac2` where `(tac1; tac2)` would suffice

Note: This linter can be disabled with `set_option linter.unnecessarySeqFocus false`
⚠ [1611/1616] Replayed CircuitCorrectness.ConcreteProgram
warning: CircuitCorrectness/ConcreteProgram.lean:257:61: This simp argument is unused:
  one_mul

Hint: Omit it from the simp argument list.
  simp only [expandLC, ̲List.map_cons, ̲List.map_nil, ̲evalLC, ̲List.sum_cons, ̲List.sum_nil,
        one_expand, ̲neg_one_expand, ̲cast_neg_one, ̲Nat.cast_one, ̲h1,o̵n̵e̵_̵m̵u̵l̵,̵ ̲add_zero, ̲mul_one]

Note: This linter can be disabled with `set_option linter.unusedSimpArgs false`
✔ [1616/1616] Built CircuitCorrectness.DctProgramCertificates.Group07 (20s)
Build completed successfully (1616 jobs).

{"module": "CircuitCorrectness.DctProgramCertificates.Group08", "exit_code": 0, "seconds": 31.009400500000083, "maximum_child_rss_bytes": 3893690368, "user_seconds": 46.275678, "system_seconds": 3.133788, "log": "results/clean_build_modules/CircuitCorrectness.DctProgramCertificates.Group08.log", "command": ["/Users/hanbunko/Downloads/zkCNN/VerImgCmp/circuit_correctness/.elan/toolchains/leanprover--lean4---v4.28.0/bin/lake", "--no-cache", "build", "+CircuitCorrectness.DctProgramCertificates.Group08"]}
⚠ [1598/1602] Replayed CircuitCorrectness.Affine
warning: CircuitCorrectness/Affine.lean:52:33: This simp argument is unused:
  add_assoc

Hint: Omit it from the simp argument list.
  simp [ih, add_left_comm,̵ ̵a̵d̵d̵_̵a̵s̵s̵o̵c̵]

Note: This linter can be disabled with `set_option linter.unusedSimpArgs false`
⚠ [1600/1602] Replayed CircuitCorrectness.DctProgram
warning: CircuitCorrectness/DctProgram.lean:71:2: try 'simp' instead of 'simpa'

Note: This linter can be disabled with `set_option linter.unnecessarySimpa false`
warning: CircuitCorrectness/DctProgram.lean:239:31: Used `tac1 <;> tac2` where `(tac1; tac2)` would suffice

Note: This linter can be disabled with `set_option linter.unnecessarySeqFocus false`
⚠ [1611/1618] Replayed CircuitCorrectness.ConcreteProgram
warning: CircuitCorrectness/ConcreteProgram.lean:257:61: This simp argument is unused:
  one_mul

Hint: Omit it from the simp argument list.
  simp only [expandLC, ̲List.map_cons, ̲List.map_nil, ̲evalLC, ̲List.sum_cons, ̲List.sum_nil,
        one_expand, ̲neg_one_expand, ̲cast_neg_one, ̲Nat.cast_one, ̲h1,o̵n̵e̵_̵m̵u̵l̵,̵ ̲add_zero, ̲mul_one]

Note: This linter can be disabled with `set_option linter.unusedSimpArgs false`
✔ [1618/1618] Built CircuitCorrectness.DctProgramCertificates.Group08 (29s)
Build completed successfully (1618 jobs).

{"module": "CircuitCorrectness.DctProgramCertificates.Group09", "exit_code": 0, "seconds": 33.23924804100079, "maximum_child_rss_bytes": 3883417600, "user_seconds": 49.670745, "system_seconds": 3.449105, "log": "results/clean_build_modules/CircuitCorrectness.DctProgramCertificates.Group09.log", "command": ["/Users/hanbunko/Downloads/zkCNN/VerImgCmp/circuit_correctness/.elan/toolchains/leanprover--lean4---v4.28.0/bin/lake", "--no-cache", "build", "+CircuitCorrectness.DctProgramCertificates.Group09"]}
⚠ [1599/1618] Replayed CircuitCorrectness.Affine
warning: CircuitCorrectness/Affine.lean:52:33: This simp argument is unused:
  add_assoc

Hint: Omit it from the simp argument list.
  simp [ih, add_left_comm,̵ ̵a̵d̵d̵_̵a̵s̵s̵o̵c̵]

Note: This linter can be disabled with `set_option linter.unusedSimpArgs false`
⚠ [1601/1618] Replayed CircuitCorrectness.DctProgram
warning: CircuitCorrectness/DctProgram.lean:71:2: try 'simp' instead of 'simpa'

Note: This linter can be disabled with `set_option linter.unnecessarySimpa false`
warning: CircuitCorrectness/DctProgram.lean:239:31: Used `tac1 <;> tac2` where `(tac1; tac2)` would suffice

Note: This linter can be disabled with `set_option linter.unnecessarySeqFocus false`
⚠ [1611/1618] Replayed CircuitCorrectness.ConcreteProgram
warning: CircuitCorrectness/ConcreteProgram.lean:257:61: This simp argument is unused:
  one_mul

Hint: Omit it from the simp argument list.
  simp only [expandLC, ̲List.map_cons, ̲List.map_nil, ̲evalLC, ̲List.sum_cons, ̲List.sum_nil,
        one_expand, ̲neg_one_expand, ̲cast_neg_one, ̲Nat.cast_one, ̲h1,o̵n̵e̵_̵m̵u̵l̵,̵ ̲add_zero, ̲mul_one]

Note: This linter can be disabled with `set_option linter.unusedSimpArgs false`
✔ [1618/1618] Built CircuitCorrectness.DctProgramCertificates.Group09 (31s)
Build completed successfully (1618 jobs).

{"module": "CircuitCorrectness.DctProgramCertificates.Group10", "exit_code": 0, "seconds": 34.960538041999826, "maximum_child_rss_bytes": 3937976320, "user_seconds": 49.919226, "system_seconds": 3.711443, "log": "results/clean_build_modules/CircuitCorrectness.DctProgramCertificates.Group10.log", "command": ["/Users/hanbunko/Downloads/zkCNN/VerImgCmp/circuit_correctness/.elan/toolchains/leanprover--lean4---v4.28.0/bin/lake", "--no-cache", "build", "+CircuitCorrectness.DctProgramCertificates.Group10"]}
⚠ [1599/1619] Replayed CircuitCorrectness.Affine
warning: CircuitCorrectness/Affine.lean:52:33: This simp argument is unused:
  add_assoc

Hint: Omit it from the simp argument list.
  simp [ih, add_left_comm,̵ ̵a̵d̵d̵_̵a̵s̵s̵o̵c̵]

Note: This linter can be disabled with `set_option linter.unusedSimpArgs false`
⚠ [1601/1619] Replayed CircuitCorrectness.DctProgram
warning: CircuitCorrectness/DctProgram.lean:71:2: try 'simp' instead of 'simpa'

Note: This linter can be disabled with `set_option linter.unnecessarySimpa false`
warning: CircuitCorrectness/DctProgram.lean:239:31: Used `tac1 <;> tac2` where `(tac1; tac2)` would suffice

Note: This linter can be disabled with `set_option linter.unnecessarySeqFocus false`
⚠ [1611/1619] Replayed CircuitCorrectness.ConcreteProgram
warning: CircuitCorrectness/ConcreteProgram.lean:257:61: This simp argument is unused:
  one_mul

Hint: Omit it from the simp argument list.
  simp only [expandLC, ̲List.map_cons, ̲List.map_nil, ̲evalLC, ̲List.sum_cons, ̲List.sum_nil,
        one_expand, ̲neg_one_expand, ̲cast_neg_one, ̲Nat.cast_one, ̲h1,o̵n̵e̵_̵m̵u̵l̵,̵ ̲add_zero, ̲mul_one]

Note: This linter can be disabled with `set_option linter.unusedSimpArgs false`
✔ [1619/1619] Built CircuitCorrectness.DctProgramCertificates.Group10 (32s)
Build completed successfully (1619 jobs).

{"module": "CircuitCorrectness.DctProgramCertificates.Group11", "exit_code": 0, "seconds": 37.0384283329995, "maximum_child_rss_bytes": 4126507008, "user_seconds": 55.582979, "system_seconds": 3.779029, "log": "results/clean_build_modules/CircuitCorrectness.DctProgramCertificates.Group11.log", "command": ["/Users/hanbunko/Downloads/zkCNN/VerImgCmp/circuit_correctness/.elan/toolchains/leanprover--lean4---v4.28.0/bin/lake", "--no-cache", "build", "+CircuitCorrectness.DctProgramCertificates.Group11"]}
⚠ [1599/1619] Replayed CircuitCorrectness.Affine
warning: CircuitCorrectness/Affine.lean:52:33: This simp argument is unused:
  add_assoc

Hint: Omit it from the simp argument list.
  simp [ih, add_left_comm,̵ ̵a̵d̵d̵_̵a̵s̵s̵o̵c̵]

Note: This linter can be disabled with `set_option linter.unusedSimpArgs false`
⚠ [1601/1619] Replayed CircuitCorrectness.DctProgram
warning: CircuitCorrectness/DctProgram.lean:71:2: try 'simp' instead of 'simpa'

Note: This linter can be disabled with `set_option linter.unnecessarySimpa false`
warning: CircuitCorrectness/DctProgram.lean:239:31: Used `tac1 <;> tac2` where `(tac1; tac2)` would suffice

Note: This linter can be disabled with `set_option linter.unnecessarySeqFocus false`
⚠ [1611/1619] Replayed CircuitCorrectness.ConcreteProgram
warning: CircuitCorrectness/ConcreteProgram.lean:257:61: This simp argument is unused:
  one_mul

Hint: Omit it from the simp argument list.
  simp only [expandLC, ̲List.map_cons, ̲List.map_nil, ̲evalLC, ̲List.sum_cons, ̲List.sum_nil,
        one_expand, ̲neg_one_expand, ̲cast_neg_one, ̲Nat.cast_one, ̲h1,o̵n̵e̵_̵m̵u̵l̵,̵ ̲add_zero, ̲mul_one]

Note: This linter can be disabled with `set_option linter.unusedSimpArgs false`
✔ [1619/1619] Built CircuitCorrectness.DctProgramCertificates.Group11 (34s)
Build completed successfully (1619 jobs).

{"module": "CircuitCorrectness.HashTrace2.Round08", "exit_code": 0, "seconds": 5.31876629099952, "maximum_child_rss_bytes": 2231500800, "user_seconds": 2.645701, "system_seconds": 2.724939, "log": "results/clean_build_modules/CircuitCorrectness.HashTrace2.Round08.log", "command": ["/Users/hanbunko/Downloads/zkCNN/VerImgCmp/circuit_correctness/.elan/toolchains/leanprover--lean4---v4.28.0/bin/lake", "--no-cache", "build", "+CircuitCorrectness.HashTrace2.Round08"]}
⚠ [1590/1615] Replayed CircuitCorrectness.Affine
warning: CircuitCorrectness/Affine.lean:52:33: This simp argument is unused:
  add_assoc

Hint: Omit it from the simp argument list.
  simp [ih, add_left_comm,̵ ̵a̵d̵d̵_̵a̵s̵s̵o̵c̵]

Note: This linter can be disabled with `set_option linter.unusedSimpArgs false`
⚠ [1598/1615] Replayed CircuitCorrectness.PoseidonProgram
warning: CircuitCorrectness/PoseidonProgram.lean:38:15: unused variable `one`

Note: This linter can be disabled with `set_option linter.unusedVariables false`
warning: CircuitCorrectness/PoseidonProgram.lean:137:14: This simp argument is unused:
  Function.comp_def

Hint: Omit it from the simp argument list.
  simp [hc,̵ ̵F̵u̵n̵c̵t̵i̵o̵n̵.̵c̵o̵m̵p̵_̵d̵e̵f̵]

Note: This linter can be disabled with `set_option linter.unusedSimpArgs false`
warning: CircuitCorrectness/PoseidonProgram.lean:194:68: This simp argument is unused:
  one_mul

Hint: Omit it from the simp argument list.
  simp only [Instruction.value, Affine.eval_constant, Nat.cast_one, o̵n̵e̵_̵m̵u̵l̵,̵
  ̵ ̵ ̵ ̵ ̵h1, mul_one, Affine.eval_nil,
  ̲  ̲ ̲ ̲add_zero] at ho

Note: This linter can be disabled with `set_option linter.unusedSimpArgs false`
⚠ [1605/1615] Replayed CircuitCorrectness.ConcreteProgram
warning: CircuitCorrectness/ConcreteProgram.lean:257:61: This simp argument is unused:
  one_mul

Hint: Omit it from the simp argument list.
  simp only [expandLC, ̲List.map_cons, ̲List.map_nil, ̲evalLC, ̲List.sum_cons, ̲List.sum_nil,
        one_expand, ̲neg_one_expand, ̲cast_neg_one, ̲Nat.cast_one, ̲h1,o̵n̵e̵_̵m̵u̵l̵,̵ ̲add_zero, ̲mul_one]

Note: This linter can be disabled with `set_option linter.unusedSimpArgs false`
✔ [1615/1615] Built CircuitCorrectness.HashTrace2.Round08 (2.9s)
Build completed successfully (1615 jobs).

{"module": "CircuitCorrectness.HashTrace2.Round09", "exit_code": 0, "seconds": 4.885742250000476, "maximum_child_rss_bytes": 2232385536, "user_seconds": 2.641977, "system_seconds": 2.593305, "log": "results/clean_build_modules/CircuitCorrectness.HashTrace2.Round09.log", "command": ["/Users/hanbunko/Downloads/zkCNN/VerImgCmp/circuit_correctness/.elan/toolchains/leanprover--lean4---v4.28.0/bin/lake", "--no-cache", "build", "+CircuitCorrectness.HashTrace2.Round09"]}
⚠ [1590/1616] Replayed CircuitCorrectness.Affine
warning: CircuitCorrectness/Affine.lean:52:33: This simp argument is unused:
  add_assoc

Hint: Omit it from the simp argument list.
  simp [ih, add_left_comm,̵ ̵a̵d̵d̵_̵a̵s̵s̵o̵c̵]

Note: This linter can be disabled with `set_option linter.unusedSimpArgs false`
⚠ [1598/1616] Replayed CircuitCorrectness.PoseidonProgram
warning: CircuitCorrectness/PoseidonProgram.lean:38:15: unused variable `one`

Note: This linter can be disabled with `set_option linter.unusedVariables false`
warning: CircuitCorrectness/PoseidonProgram.lean:137:14: This simp argument is unused:
  Function.comp_def

Hint: Omit it from the simp argument list.
  simp [hc,̵ ̵F̵u̵n̵c̵t̵i̵o̵n̵.̵c̵o̵m̵p̵_̵d̵e̵f̵]

Note: This linter can be disabled with `set_option linter.unusedSimpArgs false`
warning: CircuitCorrectness/PoseidonProgram.lean:194:68: This simp argument is unused:
  one_mul

Hint: Omit it from the simp argument list.
  simp only [Instruction.value, Affine.eval_constant, Nat.cast_one, o̵n̵e̵_̵m̵u̵l̵,̵
  ̵ ̵ ̵ ̵ ̵h1, mul_one, Affine.eval_nil,
  ̲  ̲ ̲ ̲add_zero] at ho

Note: This linter can be disabled with `set_option linter.unusedSimpArgs false`
⚠ [1605/1616] Replayed CircuitCorrectness.ConcreteProgram
warning: CircuitCorrectness/ConcreteProgram.lean:257:61: This simp argument is unused:
  one_mul

Hint: Omit it from the simp argument list.
  simp only [expandLC, ̲List.map_cons, ̲List.map_nil, ̲evalLC, ̲List.sum_cons, ̲List.sum_nil,
        one_expand, ̲neg_one_expand, ̲cast_neg_one, ̲Nat.cast_one, ̲h1,o̵n̵e̵_̵m̵u̵l̵,̵ ̲add_zero, ̲mul_one]

Note: This linter can be disabled with `set_option linter.unusedSimpArgs false`
✔ [1616/1616] Built CircuitCorrectness.HashTrace2.Round09 (2.0s)
Build completed successfully (1616 jobs).

{"module": "CircuitCorrectness.HashTrace2.Round10", "exit_code": 0, "seconds": 4.902367583000341, "maximum_child_rss_bytes": 2249015296, "user_seconds": 2.676302, "system_seconds": 2.522026, "log": "results/clean_build_modules/CircuitCorrectness.HashTrace2.Round10.log", "command": ["/Users/hanbunko/Downloads/zkCNN/VerImgCmp/circuit_correctness/.elan/toolchains/leanprover--lean4---v4.28.0/bin/lake", "--no-cache", "build", "+CircuitCorrectness.HashTrace2.Round10"]}
⚠ [1589/1600] Replayed CircuitCorrectness.Affine
warning: CircuitCorrectness/Affine.lean:52:33: This simp argument is unused:
  add_assoc

Hint: Omit it from the simp argument list.
  simp [ih, add_left_comm,̵ ̵a̵d̵d̵_̵a̵s̵s̵o̵c̵]

Note: This linter can be disabled with `set_option linter.unusedSimpArgs false`
⚠ [1597/1600] Replayed CircuitCorrectness.PoseidonProgram
warning: CircuitCorrectness/PoseidonProgram.lean:38:15: unused variable `one`

Note: This linter can be disabled with `set_option linter.unusedVariables false`
warning: CircuitCorrectness/PoseidonProgram.lean:137:14: This simp argument is unused:
  Function.comp_def

Hint: Omit it from the simp argument list.
  simp [hc,̵ ̵F̵u̵n̵c̵t̵i̵o̵n̵.̵c̵o̵m̵p̵_̵d̵e̵f̵]

Note: This linter can be disabled with `set_option linter.unusedSimpArgs false`
warning: CircuitCorrectness/PoseidonProgram.lean:194:68: This simp argument is unused:
  one_mul

Hint: Omit it from the simp argument list.
  simp only [Instruction.value, Affine.eval_constant, Nat.cast_one, o̵n̵e̵_̵m̵u̵l̵,̵
  ̵ ̵ ̵ ̵ ̵h1, mul_one, Affine.eval_nil,
  ̲  ̲ ̲ ̲add_zero] at ho

Note: This linter can be disabled with `set_option linter.unusedSimpArgs false`
⚠ [1605/1617] Replayed CircuitCorrectness.ConcreteProgram
warning: CircuitCorrectness/ConcreteProgram.lean:257:61: This simp argument is unused:
  one_mul

Hint: Omit it from the simp argument list.
  simp only [expandLC, ̲List.map_cons, ̲List.map_nil, ̲evalLC, ̲List.sum_cons, ̲List.sum_nil,
        one_expand, ̲neg_one_expand, ̲cast_neg_one, ̲Nat.cast_one, ̲h1,o̵n̵e̵_̵m̵u̵l̵,̵ ̲add_zero, ̲mul_one]

Note: This linter can be disabled with `set_option linter.unusedSimpArgs false`
✔ [1617/1617] Built CircuitCorrectness.HashTrace2.Round10 (2.0s)
Build completed successfully (1617 jobs).

{"module": "CircuitCorrectness.DctProgramCertificates.Group12", "exit_code": 0, "seconds": 32.956043500000305, "maximum_child_rss_bytes": 4058955776, "user_seconds": 45.765117, "system_seconds": 3.615323, "log": "results/clean_build_modules/CircuitCorrectness.DctProgramCertificates.Group12.log", "command": ["/Users/hanbunko/Downloads/zkCNN/VerImgCmp/circuit_correctness/.elan/toolchains/leanprover--lean4---v4.28.0/bin/lake", "--no-cache", "build", "+CircuitCorrectness.DctProgramCertificates.Group12"]}
⚠ [1599/1620] Replayed CircuitCorrectness.Affine
warning: CircuitCorrectness/Affine.lean:52:33: This simp argument is unused:
  add_assoc

Hint: Omit it from the simp argument list.
  simp [ih, add_left_comm,̵ ̵a̵d̵d̵_̵a̵s̵s̵o̵c̵]

Note: This linter can be disabled with `set_option linter.unusedSimpArgs false`
⚠ [1601/1620] Replayed CircuitCorrectness.DctProgram
warning: CircuitCorrectness/DctProgram.lean:71:2: try 'simp' instead of 'simpa'

Note: This linter can be disabled with `set_option linter.unnecessarySimpa false`
warning: CircuitCorrectness/DctProgram.lean:239:31: Used `tac1 <;> tac2` where `(tac1; tac2)` would suffice

Note: This linter can be disabled with `set_option linter.unnecessarySeqFocus false`
⚠ [1611/1620] Replayed CircuitCorrectness.ConcreteProgram
warning: CircuitCorrectness/ConcreteProgram.lean:257:61: This simp argument is unused:
  one_mul

Hint: Omit it from the simp argument list.
  simp only [expandLC, ̲List.map_cons, ̲List.map_nil, ̲evalLC, ̲List.sum_cons, ̲List.sum_nil,
        one_expand, ̲neg_one_expand, ̲cast_neg_one, ̲Nat.cast_one, ̲h1,o̵n̵e̵_̵m̵u̵l̵,̵ ̲add_zero, ̲mul_one]

Note: This linter can be disabled with `set_option linter.unusedSimpArgs false`
✔ [1620/1620] Built CircuitCorrectness.DctProgramCertificates.Group12 (30s)
Build completed successfully (1620 jobs).

{"module": "CircuitCorrectness.HashTrace2.Round11", "exit_code": 0, "seconds": 4.830741291999402, "maximum_child_rss_bytes": 2232352768, "user_seconds": 2.593293, "system_seconds": 2.578929, "log": "results/clean_build_modules/CircuitCorrectness.HashTrace2.Round11.log", "command": ["/Users/hanbunko/Downloads/zkCNN/VerImgCmp/circuit_correctness/.elan/toolchains/leanprover--lean4---v4.28.0/bin/lake", "--no-cache", "build", "+CircuitCorrectness.HashTrace2.Round11"]}
⚠ [1589/1600] Replayed CircuitCorrectness.Affine
warning: CircuitCorrectness/Affine.lean:52:33: This simp argument is unused:
  add_assoc

Hint: Omit it from the simp argument list.
  simp [ih, add_left_comm,̵ ̵a̵d̵d̵_̵a̵s̵s̵o̵c̵]

Note: This linter can be disabled with `set_option linter.unusedSimpArgs false`
⚠ [1597/1600] Replayed CircuitCorrectness.PoseidonProgram
warning: CircuitCorrectness/PoseidonProgram.lean:38:15: unused variable `one`

Note: This linter can be disabled with `set_option linter.unusedVariables false`
warning: CircuitCorrectness/PoseidonProgram.lean:137:14: This simp argument is unused:
  Function.comp_def

Hint: Omit it from the simp argument list.
  simp [hc,̵ ̵F̵u̵n̵c̵t̵i̵o̵n̵.̵c̵o̵m̵p̵_̵d̵e̵f̵]

Note: This linter can be disabled with `set_option linter.unusedSimpArgs false`
warning: CircuitCorrectness/PoseidonProgram.lean:194:68: This simp argument is unused:
  one_mul

Hint: Omit it from the simp argument list.
  simp only [Instruction.value, Affine.eval_constant, Nat.cast_one, o̵n̵e̵_̵m̵u̵l̵,̵
  ̵ ̵ ̵ ̵ ̵h1, mul_one, Affine.eval_nil,
  ̲  ̲ ̲ ̲add_zero] at ho

Note: This linter can be disabled with `set_option linter.unusedSimpArgs false`
⚠ [1605/1618] Replayed CircuitCorrectness.ConcreteProgram
warning: CircuitCorrectness/ConcreteProgram.lean:257:61: This simp argument is unused:
  one_mul

Hint: Omit it from the simp argument list.
  simp only [expandLC, ̲List.map_cons, ̲List.map_nil, ̲evalLC, ̲List.sum_cons, ̲List.sum_nil,
        one_expand, ̲neg_one_expand, ̲cast_neg_one, ̲Nat.cast_one, ̲h1,o̵n̵e̵_̵m̵u̵l̵,̵ ̲add_zero, ̲mul_one]

Note: This linter can be disabled with `set_option linter.unusedSimpArgs false`
✔ [1618/1618] Built CircuitCorrectness.HashTrace2.Round11 (2.9s)
Build completed successfully (1618 jobs).

{"module": "CircuitCorrectness.HashTrace2.Round12", "exit_code": 0, "seconds": 4.913561665999623, "maximum_child_rss_bytes": 2277801984, "user_seconds": 2.76781, "system_seconds": 2.512414, "log": "results/clean_build_modules/CircuitCorrectness.HashTrace2.Round12.log", "command": ["/Users/hanbunko/Downloads/zkCNN/VerImgCmp/circuit_correctness/.elan/toolchains/leanprover--lean4---v4.28.0/bin/lake", "--no-cache", "build", "+CircuitCorrectness.HashTrace2.Round12"]}
⚠ [1589/1600] Replayed CircuitCorrectness.Affine
warning: CircuitCorrectness/Affine.lean:52:33: This simp argument is unused:
  add_assoc

Hint: Omit it from the simp argument list.
  simp [ih, add_left_comm,̵ ̵a̵d̵d̵_̵a̵s̵s̵o̵c̵]

Note: This linter can be disabled with `set_option linter.unusedSimpArgs false`
⚠ [1597/1600] Replayed CircuitCorrectness.PoseidonProgram
warning: CircuitCorrectness/PoseidonProgram.lean:38:15: unused variable `one`

Note: This linter can be disabled with `set_option linter.unusedVariables false`
warning: CircuitCorrectness/PoseidonProgram.lean:137:14: This simp argument is unused:
  Function.comp_def

Hint: Omit it from the simp argument list.
  simp [hc,̵ ̵F̵u̵n̵c̵t̵i̵o̵n̵.̵c̵o̵m̵p̵_̵d̵e̵f̵]

Note: This linter can be disabled with `set_option linter.unusedSimpArgs false`
warning: CircuitCorrectness/PoseidonProgram.lean:194:68: This simp argument is unused:
  one_mul

Hint: Omit it from the simp argument list.
  simp only [Instruction.value, Affine.eval_constant, Nat.cast_one, o̵n̵e̵_̵m̵u̵l̵,̵
  ̵ ̵ ̵ ̵ ̵h1, mul_one, Affine.eval_nil,
  ̲  ̲ ̲ ̲add_zero] at ho

Note: This linter can be disabled with `set_option linter.unusedSimpArgs false`
⚠ [1605/1619] Replayed CircuitCorrectness.ConcreteProgram
warning: CircuitCorrectness/ConcreteProgram.lean:257:61: This simp argument is unused:
  one_mul

Hint: Omit it from the simp argument list.
  simp only [expandLC, ̲List.map_cons, ̲List.map_nil, ̲evalLC, ̲List.sum_cons, ̲List.sum_nil,
        one_expand, ̲neg_one_expand, ̲cast_neg_one, ̲Nat.cast_one, ̲h1,o̵n̵e̵_̵m̵u̵l̵,̵ ̲add_zero, ̲mul_one]

Note: This linter can be disabled with `set_option linter.unusedSimpArgs false`
✔ [1619/1619] Built CircuitCorrectness.HashTrace2.Round12 (3.1s)
Build completed successfully (1619 jobs).

{"module": "CircuitCorrectness.HashTrace2.Round13", "exit_code": 0, "seconds": 5.1008673750002345, "maximum_child_rss_bytes": 2302312448, "user_seconds": 2.885463, "system_seconds": 2.509936, "log": "results/clean_build_modules/CircuitCorrectness.HashTrace2.Round13.log", "command": ["/Users/hanbunko/Downloads/zkCNN/VerImgCmp/circuit_correctness/.elan/toolchains/leanprover--lean4---v4.28.0/bin/lake", "--no-cache", "build", "+CircuitCorrectness.HashTrace2.Round13"]}
⚠ [1589/1600] Replayed CircuitCorrectness.Affine
warning: CircuitCorrectness/Affine.lean:52:33: This simp argument is unused:
  add_assoc

Hint: Omit it from the simp argument list.
  simp [ih, add_left_comm,̵ ̵a̵d̵d̵_̵a̵s̵s̵o̵c̵]

Note: This linter can be disabled with `set_option linter.unusedSimpArgs false`
⚠ [1597/1600] Replayed CircuitCorrectness.PoseidonProgram
warning: CircuitCorrectness/PoseidonProgram.lean:38:15: unused variable `one`

Note: This linter can be disabled with `set_option linter.unusedVariables false`
warning: CircuitCorrectness/PoseidonProgram.lean:137:14: This simp argument is unused:
  Function.comp_def

Hint: Omit it from the simp argument list.
  simp [hc,̵ ̵F̵u̵n̵c̵t̵i̵o̵n̵.̵c̵o̵m̵p̵_̵d̵e̵f̵]

Note: This linter can be disabled with `set_option linter.unusedSimpArgs false`
warning: CircuitCorrectness/PoseidonProgram.lean:194:68: This simp argument is unused:
  one_mul

Hint: Omit it from the simp argument list.
  simp only [Instruction.value, Affine.eval_constant, Nat.cast_one, o̵n̵e̵_̵m̵u̵l̵,̵
  ̵ ̵ ̵ ̵ ̵h1, mul_one, Affine.eval_nil,
  ̲  ̲ ̲ ̲add_zero] at ho

Note: This linter can be disabled with `set_option linter.unusedSimpArgs false`
⚠ [1605/1620] Replayed CircuitCorrectness.ConcreteProgram
warning: CircuitCorrectness/ConcreteProgram.lean:257:61: This simp argument is unused:
  one_mul

Hint: Omit it from the simp argument list.
  simp only [expandLC, ̲List.map_cons, ̲List.map_nil, ̲evalLC, ̲List.sum_cons, ̲List.sum_nil,
        one_expand, ̲neg_one_expand, ̲cast_neg_one, ̲Nat.cast_one, ̲h1,o̵n̵e̵_̵m̵u̵l̵,̵ ̲add_zero, ̲mul_one]

Note: This linter can be disabled with `set_option linter.unusedSimpArgs false`
✔ [1620/1620] Built CircuitCorrectness.HashTrace2.Round13 (3.2s)
Build completed successfully (1620 jobs).

{"module": "CircuitCorrectness.DctProgramCertificates.Chunks", "exit_code": 0, "seconds": 14.500824540999929, "maximum_child_rss_bytes": 2467790848, "user_seconds": 15.752649, "system_seconds": 2.69756, "log": "results/clean_build_modules/CircuitCorrectness.DctProgramCertificates.Chunks.log", "command": ["/Users/hanbunko/Downloads/zkCNN/VerImgCmp/circuit_correctness/.elan/toolchains/leanprover--lean4---v4.28.0/bin/lake", "--no-cache", "build", "+CircuitCorrectness.DctProgramCertificates.Chunks"]}
⚠ [1598/1602] Replayed CircuitCorrectness.Affine
warning: CircuitCorrectness/Affine.lean:52:33: This simp argument is unused:
  add_assoc

Hint: Omit it from the simp argument list.
  simp [ih, add_left_comm,̵ ̵a̵d̵d̵_̵a̵s̵s̵o̵c̵]

Note: This linter can be disabled with `set_option linter.unusedSimpArgs false`
⚠ [1600/1602] Replayed CircuitCorrectness.DctProgram
warning: CircuitCorrectness/DctProgram.lean:71:2: try 'simp' instead of 'simpa'

Note: This linter can be disabled with `set_option linter.unnecessarySimpa false`
warning: CircuitCorrectness/DctProgram.lean:239:31: Used `tac1 <;> tac2` where `(tac1; tac2)` would suffice

Note: This linter can be disabled with `set_option linter.unnecessarySeqFocus false`
⚠ [1611/1627] Replayed CircuitCorrectness.ConcreteProgram
warning: CircuitCorrectness/ConcreteProgram.lean:257:61: This simp argument is unused:
  one_mul

Hint: Omit it from the simp argument list.
  simp only [expandLC, ̲List.map_cons, ̲List.map_nil, ̲evalLC, ̲List.sum_cons, ̲List.sum_nil,
        one_expand, ̲neg_one_expand, ̲cast_neg_one, ̲Nat.cast_one, ̲h1,o̵n̵e̵_̵m̵u̵l̵,̵ ̲add_zero, ̲mul_one]

Note: This linter can be disabled with `set_option linter.unusedSimpArgs false`
✔ [1627/1627] Built CircuitCorrectness.DctProgramCertificates.Chunks (12s)
Build completed successfully (1627 jobs).

{"module": "CircuitCorrectness.HashTrace2.Round14", "exit_code": 0, "seconds": 5.371571083000163, "maximum_child_rss_bytes": 2323677184, "user_seconds": 3.022626, "system_seconds": 2.777745, "log": "results/clean_build_modules/CircuitCorrectness.HashTrace2.Round14.log", "command": ["/Users/hanbunko/Downloads/zkCNN/VerImgCmp/circuit_correctness/.elan/toolchains/leanprover--lean4---v4.28.0/bin/lake", "--no-cache", "build", "+CircuitCorrectness.HashTrace2.Round14"]}
⚠ [1589/1600] Replayed CircuitCorrectness.Affine
warning: CircuitCorrectness/Affine.lean:52:33: This simp argument is unused:
  add_assoc

Hint: Omit it from the simp argument list.
  simp [ih, add_left_comm,̵ ̵a̵d̵d̵_̵a̵s̵s̵o̵c̵]

Note: This linter can be disabled with `set_option linter.unusedSimpArgs false`
⚠ [1597/1600] Replayed CircuitCorrectness.PoseidonProgram
warning: CircuitCorrectness/PoseidonProgram.lean:38:15: unused variable `one`

Note: This linter can be disabled with `set_option linter.unusedVariables false`
warning: CircuitCorrectness/PoseidonProgram.lean:137:14: This simp argument is unused:
  Function.comp_def

Hint: Omit it from the simp argument list.
  simp [hc,̵ ̵F̵u̵n̵c̵t̵i̵o̵n̵.̵c̵o̵m̵p̵_̵d̵e̵f̵]

Note: This linter can be disabled with `set_option linter.unusedSimpArgs false`
warning: CircuitCorrectness/PoseidonProgram.lean:194:68: This simp argument is unused:
  one_mul

Hint: Omit it from the simp argument list.
  simp only [Instruction.value, Affine.eval_constant, Nat.cast_one, o̵n̵e̵_̵m̵u̵l̵,̵
  ̵ ̵ ̵ ̵ ̵h1, mul_one, Affine.eval_nil,
  ̲  ̲ ̲ ̲add_zero] at ho

Note: This linter can be disabled with `set_option linter.unusedSimpArgs false`
⚠ [1605/1621] Replayed CircuitCorrectness.ConcreteProgram
warning: CircuitCorrectness/ConcreteProgram.lean:257:61: This simp argument is unused:
  one_mul

Hint: Omit it from the simp argument list.
  simp only [expandLC, ̲List.map_cons, ̲List.map_nil, ̲evalLC, ̲List.sum_cons, ̲List.sum_nil,
        one_expand, ̲neg_one_expand, ̲cast_neg_one, ̲Nat.cast_one, ̲h1,o̵n̵e̵_̵m̵u̵l̵,̵ ̲add_zero, ̲mul_one]

Note: This linter can be disabled with `set_option linter.unusedSimpArgs false`
✔ [1621/1621] Built CircuitCorrectness.HashTrace2.Round14 (3.5s)
Build completed successfully (1621 jobs).

{"module": "CircuitCorrectness.DctProgramCertificates.All", "exit_code": 0, "seconds": 7.2984341669998685, "maximum_child_rss_bytes": 2572271616, "user_seconds": 6.396684, "system_seconds": 2.68372, "log": "results/clean_build_modules/CircuitCorrectness.DctProgramCertificates.All.log", "command": ["/Users/hanbunko/Downloads/zkCNN/VerImgCmp/circuit_correctness/.elan/toolchains/leanprover--lean4---v4.28.0/bin/lake", "--no-cache", "build", "+CircuitCorrectness.DctProgramCertificates.All"]}
⚠ [1599/1628] Replayed CircuitCorrectness.Affine
warning: CircuitCorrectness/Affine.lean:52:33: This simp argument is unused:
  add_assoc

Hint: Omit it from the simp argument list.
  simp [ih, add_left_comm,̵ ̵a̵d̵d̵_̵a̵s̵s̵o̵c̵]

Note: This linter can be disabled with `set_option linter.unusedSimpArgs false`
⚠ [1601/1628] Replayed CircuitCorrectness.DctProgram
warning: CircuitCorrectness/DctProgram.lean:71:2: try 'simp' instead of 'simpa'

Note: This linter can be disabled with `set_option linter.unnecessarySimpa false`
warning: CircuitCorrectness/DctProgram.lean:239:31: Used `tac1 <;> tac2` where `(tac1; tac2)` would suffice

Note: This linter can be disabled with `set_option linter.unnecessarySeqFocus false`
⚠ [1611/1628] Replayed CircuitCorrectness.ConcreteProgram
warning: CircuitCorrectness/ConcreteProgram.lean:257:61: This simp argument is unused:
  one_mul

Hint: Omit it from the simp argument list.
  simp only [expandLC, ̲List.map_cons, ̲List.map_nil, ̲evalLC, ̲List.sum_cons, ̲List.sum_nil,
        one_expand, ̲neg_one_expand, ̲cast_neg_one, ̲Nat.cast_one, ̲h1,o̵n̵e̵_̵m̵u̵l̵,̵ ̲add_zero, ̲mul_one]

Note: This linter can be disabled with `set_option linter.unusedSimpArgs false`
✔ [1628/1628] Built CircuitCorrectness.DctProgramCertificates.All (5.4s)
Build completed successfully (1628 jobs).

{"module": "CircuitCorrectness.HashTrace2.Round15", "exit_code": 0, "seconds": 5.244273666000481, "maximum_child_rss_bytes": 2327855104, "user_seconds": 3.004409, "system_seconds": 2.537646, "log": "results/clean_build_modules/CircuitCorrectness.HashTrace2.Round15.log", "command": ["/Users/hanbunko/Downloads/zkCNN/VerImgCmp/circuit_correctness/.elan/toolchains/leanprover--lean4---v4.28.0/bin/lake", "--no-cache", "build", "+CircuitCorrectness.HashTrace2.Round15"]}
⚠ [1589/1600] Replayed CircuitCorrectness.Affine
warning: CircuitCorrectness/Affine.lean:52:33: This simp argument is unused:
  add_assoc

Hint: Omit it from the simp argument list.
  simp [ih, add_left_comm,̵ ̵a̵d̵d̵_̵a̵s̵s̵o̵c̵]

Note: This linter can be disabled with `set_option linter.unusedSimpArgs false`
⚠ [1597/1600] Replayed CircuitCorrectness.PoseidonProgram
warning: CircuitCorrectness/PoseidonProgram.lean:38:15: unused variable `one`

Note: This linter can be disabled with `set_option linter.unusedVariables false`
warning: CircuitCorrectness/PoseidonProgram.lean:137:14: This simp argument is unused:
  Function.comp_def

Hint: Omit it from the simp argument list.
  simp [hc,̵ ̵F̵u̵n̵c̵t̵i̵o̵n̵.̵c̵o̵m̵p̵_̵d̵e̵f̵]

Note: This linter can be disabled with `set_option linter.unusedSimpArgs false`
warning: CircuitCorrectness/PoseidonProgram.lean:194:68: This simp argument is unused:
  one_mul

Hint: Omit it from the simp argument list.
  simp only [Instruction.value, Affine.eval_constant, Nat.cast_one, o̵n̵e̵_̵m̵u̵l̵,̵
  ̵ ̵ ̵ ̵ ̵h1, mul_one, Affine.eval_nil,
  ̲  ̲ ̲ ̲add_zero] at ho

Note: This linter can be disabled with `set_option linter.unusedSimpArgs false`
⚠ [1605/1622] Replayed CircuitCorrectness.ConcreteProgram
warning: CircuitCorrectness/ConcreteProgram.lean:257:61: This simp argument is unused:
  one_mul

Hint: Omit it from the simp argument list.
  simp only [expandLC, ̲List.map_cons, ̲List.map_nil, ̲evalLC, ̲List.sum_cons, ̲List.sum_nil,
        one_expand, ̲neg_one_expand, ̲cast_neg_one, ̲Nat.cast_one, ̲h1,o̵n̵e̵_̵m̵u̵l̵,̵ ̲add_zero, ̲mul_one]

Note: This linter can be disabled with `set_option linter.unusedSimpArgs false`
✔ [1622/1622] Built CircuitCorrectness.HashTrace2.Round15 (3.3s)
Build completed successfully (1622 jobs).

{"module": "CircuitCorrectness.HashTrace8.Initial", "exit_code": 0, "seconds": 3.973145334000037, "maximum_child_rss_bytes": 2037071872, "user_seconds": 1.805736, "system_seconds": 2.493487, "log": "results/clean_build_modules/CircuitCorrectness.HashTrace8.Initial.log", "command": ["/Users/hanbunko/Downloads/zkCNN/VerImgCmp/circuit_correctness/.elan/toolchains/leanprover--lean4---v4.28.0/bin/lake", "--no-cache", "build", "+CircuitCorrectness.HashTrace8.Initial"]}
⚠ [1589/1600] Replayed CircuitCorrectness.Affine
warning: CircuitCorrectness/Affine.lean:52:33: This simp argument is unused:
  add_assoc

Hint: Omit it from the simp argument list.
  simp [ih, add_left_comm,̵ ̵a̵d̵d̵_̵a̵s̵s̵o̵c̵]

Note: This linter can be disabled with `set_option linter.unusedSimpArgs false`
⚠ [1597/1600] Replayed CircuitCorrectness.PoseidonProgram
warning: CircuitCorrectness/PoseidonProgram.lean:38:15: unused variable `one`

Note: This linter can be disabled with `set_option linter.unusedVariables false`
warning: CircuitCorrectness/PoseidonProgram.lean:137:14: This simp argument is unused:
  Function.comp_def

Hint: Omit it from the simp argument list.
  simp [hc,̵ ̵F̵u̵n̵c̵t̵i̵o̵n̵.̵c̵o̵m̵p̵_̵d̵e̵f̵]

Note: This linter can be disabled with `set_option linter.unusedSimpArgs false`
warning: CircuitCorrectness/PoseidonProgram.lean:194:68: This simp argument is unused:
  one_mul

Hint: Omit it from the simp argument list.
  simp only [Instruction.value, Affine.eval_constant, Nat.cast_one, o̵n̵e̵_̵m̵u̵l̵,̵
  ̵ ̵ ̵ ̵ ̵h1, mul_one, Affine.eval_nil,
  ̲  ̲ ̲ ̲add_zero] at ho

Note: This linter can be disabled with `set_option linter.unusedSimpArgs false`
⚠ [1605/1606] Replayed CircuitCorrectness.ConcreteProgram
warning: CircuitCorrectness/ConcreteProgram.lean:257:61: This simp argument is unused:
  one_mul

Hint: Omit it from the simp argument list.
  simp only [expandLC, ̲List.map_cons, ̲List.map_nil, ̲evalLC, ̲List.sum_cons, ̲List.sum_nil,
        one_expand, ̲neg_one_expand, ̲cast_neg_one, ̲Nat.cast_one, ̲h1,o̵n̵e̵_̵m̵u̵l̵,̵ ̲add_zero, ̲mul_one]

Note: This linter can be disabled with `set_option linter.unusedSimpArgs false`
✔ [1606/1606] Built CircuitCorrectness.HashTrace8.Initial (2.1s)
Build completed successfully (1606 jobs).

{"module": "CircuitCorrectness.HashTrace2.Round16", "exit_code": 0, "seconds": 5.19108687500011, "maximum_child_rss_bytes": 2330017792, "user_seconds": 3.004314, "system_seconds": 2.563907, "log": "results/clean_build_modules/CircuitCorrectness.HashTrace2.Round16.log", "command": ["/Users/hanbunko/Downloads/zkCNN/VerImgCmp/circuit_correctness/.elan/toolchains/leanprover--lean4---v4.28.0/bin/lake", "--no-cache", "build", "+CircuitCorrectness.HashTrace2.Round16"]}
⚠ [1589/1600] Replayed CircuitCorrectness.Affine
warning: CircuitCorrectness/Affine.lean:52:33: This simp argument is unused:
  add_assoc

Hint: Omit it from the simp argument list.
  simp [ih, add_left_comm,̵ ̵a̵d̵d̵_̵a̵s̵s̵o̵c̵]

Note: This linter can be disabled with `set_option linter.unusedSimpArgs false`
⚠ [1597/1600] Replayed CircuitCorrectness.PoseidonProgram
warning: CircuitCorrectness/PoseidonProgram.lean:38:15: unused variable `one`

Note: This linter can be disabled with `set_option linter.unusedVariables false`
warning: CircuitCorrectness/PoseidonProgram.lean:137:14: This simp argument is unused:
  Function.comp_def

Hint: Omit it from the simp argument list.
  simp [hc,̵ ̵F̵u̵n̵c̵t̵i̵o̵n̵.̵c̵o̵m̵p̵_̵d̵e̵f̵]

Note: This linter can be disabled with `set_option linter.unusedSimpArgs false`
warning: CircuitCorrectness/PoseidonProgram.lean:194:68: This simp argument is unused:
  one_mul

Hint: Omit it from the simp argument list.
  simp only [Instruction.value, Affine.eval_constant, Nat.cast_one, o̵n̵e̵_̵m̵u̵l̵,̵
  ̵ ̵ ̵ ̵ ̵h1, mul_one, Affine.eval_nil,
  ̲  ̲ ̲ ̲add_zero] at ho

Note: This linter can be disabled with `set_option linter.unusedSimpArgs false`
⚠ [1605/1623] Replayed CircuitCorrectness.ConcreteProgram
warning: CircuitCorrectness/ConcreteProgram.lean:257:61: This simp argument is unused:
  one_mul

Hint: Omit it from the simp argument list.
  simp only [expandLC, ̲List.map_cons, ̲List.map_nil, ̲evalLC, ̲List.sum_cons, ̲List.sum_nil,
        one_expand, ̲neg_one_expand, ̲cast_neg_one, ̲Nat.cast_one, ̲h1,o̵n̵e̵_̵m̵u̵l̵,̵ ̲add_zero, ̲mul_one]

Note: This linter can be disabled with `set_option linter.unusedSimpArgs false`
✔ [1623/1623] Built CircuitCorrectness.HashTrace2.Round16 (3.3s)
Build completed successfully (1623 jobs).

{"module": "CircuitCorrectness.HashTrace8.Round00", "exit_code": 0, "seconds": 5.670887749999565, "maximum_child_rss_bytes": 2420506624, "user_seconds": 3.409574, "system_seconds": 2.567844, "log": "results/clean_build_modules/CircuitCorrectness.HashTrace8.Round00.log", "command": ["/Users/hanbunko/Downloads/zkCNN/VerImgCmp/circuit_correctness/.elan/toolchains/leanprover--lean4---v4.28.0/bin/lake", "--no-cache", "build", "+CircuitCorrectness.HashTrace8.Round00"]}
⚠ [1589/1600] Replayed CircuitCorrectness.Affine
warning: CircuitCorrectness/Affine.lean:52:33: This simp argument is unused:
  add_assoc

Hint: Omit it from the simp argument list.
  simp [ih, add_left_comm,̵ ̵a̵d̵d̵_̵a̵s̵s̵o̵c̵]

Note: This linter can be disabled with `set_option linter.unusedSimpArgs false`
⚠ [1597/1600] Replayed CircuitCorrectness.PoseidonProgram
warning: CircuitCorrectness/PoseidonProgram.lean:38:15: unused variable `one`

Note: This linter can be disabled with `set_option linter.unusedVariables false`
warning: CircuitCorrectness/PoseidonProgram.lean:137:14: This simp argument is unused:
  Function.comp_def

Hint: Omit it from the simp argument list.
  simp [hc,̵ ̵F̵u̵n̵c̵t̵i̵o̵n̵.̵c̵o̵m̵p̵_̵d̵e̵f̵]

Note: This linter can be disabled with `set_option linter.unusedSimpArgs false`
warning: CircuitCorrectness/PoseidonProgram.lean:194:68: This simp argument is unused:
  one_mul

Hint: Omit it from the simp argument list.
  simp only [Instruction.value, Affine.eval_constant, Nat.cast_one, o̵n̵e̵_̵m̵u̵l̵,̵
  ̵ ̵ ̵ ̵ ̵h1, mul_one, Affine.eval_nil,
  ̲  ̲ ̲ ̲add_zero] at ho

Note: This linter can be disabled with `set_option linter.unusedSimpArgs false`
⚠ [1605/1607] Replayed CircuitCorrectness.ConcreteProgram
warning: CircuitCorrectness/ConcreteProgram.lean:257:61: This simp argument is unused:
  one_mul

Hint: Omit it from the simp argument list.
  simp only [expandLC, ̲List.map_cons, ̲List.map_nil, ̲evalLC, ̲List.sum_cons, ̲List.sum_nil,
        one_expand, ̲neg_one_expand, ̲cast_neg_one, ̲Nat.cast_one, ̲h1,o̵n̵e̵_̵m̵u̵l̵,̵ ̲add_zero, ̲mul_one]

Note: This linter can be disabled with `set_option linter.unusedSimpArgs false`
✔ [1607/1607] Built CircuitCorrectness.HashTrace8.Round00 (3.7s)
Build completed successfully (1607 jobs).

{"module": "CircuitCorrectness.HashTrace2.Round17", "exit_code": 0, "seconds": 5.461748291000731, "maximum_child_rss_bytes": 2377482240, "user_seconds": 3.21709, "system_seconds": 2.603627, "log": "results/clean_build_modules/CircuitCorrectness.HashTrace2.Round17.log", "command": ["/Users/hanbunko/Downloads/zkCNN/VerImgCmp/circuit_correctness/.elan/toolchains/leanprover--lean4---v4.28.0/bin/lake", "--no-cache", "build", "+CircuitCorrectness.HashTrace2.Round17"]}
⚠ [1590/1624] Replayed CircuitCorrectness.Affine
warning: CircuitCorrectness/Affine.lean:52:33: This simp argument is unused:
  add_assoc

Hint: Omit it from the simp argument list.
  simp [ih, add_left_comm,̵ ̵a̵d̵d̵_̵a̵s̵s̵o̵c̵]

Note: This linter can be disabled with `set_option linter.unusedSimpArgs false`
⚠ [1598/1624] Replayed CircuitCorrectness.PoseidonProgram
warning: CircuitCorrectness/PoseidonProgram.lean:38:15: unused variable `one`

Note: This linter can be disabled with `set_option linter.unusedVariables false`
warning: CircuitCorrectness/PoseidonProgram.lean:137:14: This simp argument is unused:
  Function.comp_def

Hint: Omit it from the simp argument list.
  simp [hc,̵ ̵F̵u̵n̵c̵t̵i̵o̵n̵.̵c̵o̵m̵p̵_̵d̵e̵f̵]

Note: This linter can be disabled with `set_option linter.unusedSimpArgs false`
warning: CircuitCorrectness/PoseidonProgram.lean:194:68: This simp argument is unused:
  one_mul

Hint: Omit it from the simp argument list.
  simp only [Instruction.value, Affine.eval_constant, Nat.cast_one, o̵n̵e̵_̵m̵u̵l̵,̵
  ̵ ̵ ̵ ̵ ̵h1, mul_one, Affine.eval_nil,
  ̲  ̲ ̲ ̲add_zero] at ho

Note: This linter can be disabled with `set_option linter.unusedSimpArgs false`
⚠ [1605/1624] Replayed CircuitCorrectness.ConcreteProgram
warning: CircuitCorrectness/ConcreteProgram.lean:257:61: This simp argument is unused:
  one_mul

Hint: Omit it from the simp argument list.
  simp only [expandLC, ̲List.map_cons, ̲List.map_nil, ̲evalLC, ̲List.sum_cons, ̲List.sum_nil,
        one_expand, ̲neg_one_expand, ̲cast_neg_one, ̲Nat.cast_one, ̲h1,o̵n̵e̵_̵m̵u̵l̵,̵ ̲add_zero, ̲mul_one]

Note: This linter can be disabled with `set_option linter.unusedSimpArgs false`
✔ [1624/1624] Built CircuitCorrectness.HashTrace2.Round17 (3.6s)
Build completed successfully (1624 jobs).

{"module": "CircuitCorrectness.HashTrace8.Round01", "exit_code": 0, "seconds": 6.585043457999745, "maximum_child_rss_bytes": 2634776576, "user_seconds": 4.434304, "system_seconds": 2.6047759999999998, "log": "results/clean_build_modules/CircuitCorrectness.HashTrace8.Round01.log", "command": ["/Users/hanbunko/Downloads/zkCNN/VerImgCmp/circuit_correctness/.elan/toolchains/leanprover--lean4---v4.28.0/bin/lake", "--no-cache", "build", "+CircuitCorrectness.HashTrace8.Round01"]}
⚠ [1589/1600] Replayed CircuitCorrectness.Affine
warning: CircuitCorrectness/Affine.lean:52:33: This simp argument is unused:
  add_assoc

Hint: Omit it from the simp argument list.
  simp [ih, add_left_comm,̵ ̵a̵d̵d̵_̵a̵s̵s̵o̵c̵]

Note: This linter can be disabled with `set_option linter.unusedSimpArgs false`
⚠ [1597/1600] Replayed CircuitCorrectness.PoseidonProgram
warning: CircuitCorrectness/PoseidonProgram.lean:38:15: unused variable `one`

Note: This linter can be disabled with `set_option linter.unusedVariables false`
warning: CircuitCorrectness/PoseidonProgram.lean:137:14: This simp argument is unused:
  Function.comp_def

Hint: Omit it from the simp argument list.
  simp [hc,̵ ̵F̵u̵n̵c̵t̵i̵o̵n̵.̵c̵o̵m̵p̵_̵d̵e̵f̵]

Note: This linter can be disabled with `set_option linter.unusedSimpArgs false`
warning: CircuitCorrectness/PoseidonProgram.lean:194:68: This simp argument is unused:
  one_mul

Hint: Omit it from the simp argument list.
  simp only [Instruction.value, Affine.eval_constant, Nat.cast_one, o̵n̵e̵_̵m̵u̵l̵,̵
  ̵ ̵ ̵ ̵ ̵h1, mul_one, Affine.eval_nil,
  ̲  ̲ ̲ ̲add_zero] at ho

Note: This linter can be disabled with `set_option linter.unusedSimpArgs false`
⚠ [1605/1608] Replayed CircuitCorrectness.ConcreteProgram
warning: CircuitCorrectness/ConcreteProgram.lean:257:61: This simp argument is unused:
  one_mul

Hint: Omit it from the simp argument list.
  simp only [expandLC, ̲List.map_cons, ̲List.map_nil, ̲evalLC, ̲List.sum_cons, ̲List.sum_nil,
        one_expand, ̲neg_one_expand, ̲cast_neg_one, ̲Nat.cast_one, ̲h1,o̵n̵e̵_̵m̵u̵l̵,̵ ̲add_zero, ̲mul_one]

Note: This linter can be disabled with `set_option linter.unusedSimpArgs false`
✔ [1608/1608] Built CircuitCorrectness.HashTrace8.Round01 (4.7s)
Build completed successfully (1608 jobs).

{"module": "CircuitCorrectness.HashTrace2.Round18", "exit_code": 0, "seconds": 5.412981957999364, "maximum_child_rss_bytes": 2370011136, "user_seconds": 3.218625, "system_seconds": 2.525817, "log": "results/clean_build_modules/CircuitCorrectness.HashTrace2.Round18.log", "command": ["/Users/hanbunko/Downloads/zkCNN/VerImgCmp/circuit_correctness/.elan/toolchains/leanprover--lean4---v4.28.0/bin/lake", "--no-cache", "build", "+CircuitCorrectness.HashTrace2.Round18"]}
⚠ [1589/1600] Replayed CircuitCorrectness.Affine
warning: CircuitCorrectness/Affine.lean:52:33: This simp argument is unused:
  add_assoc

Hint: Omit it from the simp argument list.
  simp [ih, add_left_comm,̵ ̵a̵d̵d̵_̵a̵s̵s̵o̵c̵]

Note: This linter can be disabled with `set_option linter.unusedSimpArgs false`
⚠ [1597/1600] Replayed CircuitCorrectness.PoseidonProgram
warning: CircuitCorrectness/PoseidonProgram.lean:38:15: unused variable `one`

Note: This linter can be disabled with `set_option linter.unusedVariables false`
warning: CircuitCorrectness/PoseidonProgram.lean:137:14: This simp argument is unused:
  Function.comp_def

Hint: Omit it from the simp argument list.
  simp [hc,̵ ̵F̵u̵n̵c̵t̵i̵o̵n̵.̵c̵o̵m̵p̵_̵d̵e̵f̵]

Note: This linter can be disabled with `set_option linter.unusedSimpArgs false`
warning: CircuitCorrectness/PoseidonProgram.lean:194:68: This simp argument is unused:
  one_mul

Hint: Omit it from the simp argument list.
  simp only [Instruction.value, Affine.eval_constant, Nat.cast_one, o̵n̵e̵_̵m̵u̵l̵,̵
  ̵ ̵ ̵ ̵ ̵h1, mul_one, Affine.eval_nil,
  ̲  ̲ ̲ ̲add_zero] at ho

Note: This linter can be disabled with `set_option linter.unusedSimpArgs false`
⚠ [1605/1625] Replayed CircuitCorrectness.ConcreteProgram
warning: CircuitCorrectness/ConcreteProgram.lean:257:61: This simp argument is unused:
  one_mul

Hint: Omit it from the simp argument list.
  simp only [expandLC, ̲List.map_cons, ̲List.map_nil, ̲evalLC, ̲List.sum_cons, ̲List.sum_nil,
        one_expand, ̲neg_one_expand, ̲cast_neg_one, ̲Nat.cast_one, ̲h1,o̵n̵e̵_̵m̵u̵l̵,̵ ̲add_zero, ̲mul_one]

Note: This linter can be disabled with `set_option linter.unusedSimpArgs false`
✔ [1625/1625] Built CircuitCorrectness.HashTrace2.Round18 (3.5s)
Build completed successfully (1625 jobs).

{"module": "CircuitCorrectness.HashTrace8.Round02", "exit_code": 0, "seconds": 6.673904250000305, "maximum_child_rss_bytes": 2663841792, "user_seconds": 4.528792, "system_seconds": 2.606743, "log": "results/clean_build_modules/CircuitCorrectness.HashTrace8.Round02.log", "command": ["/Users/hanbunko/Downloads/zkCNN/VerImgCmp/circuit_correctness/.elan/toolchains/leanprover--lean4---v4.28.0/bin/lake", "--no-cache", "build", "+CircuitCorrectness.HashTrace8.Round02"]}
⚠ [1589/1600] Replayed CircuitCorrectness.Affine
warning: CircuitCorrectness/Affine.lean:52:33: This simp argument is unused:
  add_assoc

Hint: Omit it from the simp argument list.
  simp [ih, add_left_comm,̵ ̵a̵d̵d̵_̵a̵s̵s̵o̵c̵]

Note: This linter can be disabled with `set_option linter.unusedSimpArgs false`
⚠ [1597/1600] Replayed CircuitCorrectness.PoseidonProgram
warning: CircuitCorrectness/PoseidonProgram.lean:38:15: unused variable `one`

Note: This linter can be disabled with `set_option linter.unusedVariables false`
warning: CircuitCorrectness/PoseidonProgram.lean:137:14: This simp argument is unused:
  Function.comp_def

Hint: Omit it from the simp argument list.
  simp [hc,̵ ̵F̵u̵n̵c̵t̵i̵o̵n̵.̵c̵o̵m̵p̵_̵d̵e̵f̵]

Note: This linter can be disabled with `set_option linter.unusedSimpArgs false`
warning: CircuitCorrectness/PoseidonProgram.lean:194:68: This simp argument is unused:
  one_mul

Hint: Omit it from the simp argument list.
  simp only [Instruction.value, Affine.eval_constant, Nat.cast_one, o̵n̵e̵_̵m̵u̵l̵,̵
  ̵ ̵ ̵ ̵ ̵h1, mul_one, Affine.eval_nil,
  ̲  ̲ ̲ ̲add_zero] at ho

Note: This linter can be disabled with `set_option linter.unusedSimpArgs false`
⚠ [1605/1609] Replayed CircuitCorrectness.ConcreteProgram
warning: CircuitCorrectness/ConcreteProgram.lean:257:61: This simp argument is unused:
  one_mul

Hint: Omit it from the simp argument list.
  simp only [expandLC, ̲List.map_cons, ̲List.map_nil, ̲evalLC, ̲List.sum_cons, ̲List.sum_nil,
        one_expand, ̲neg_one_expand, ̲cast_neg_one, ̲Nat.cast_one, ̲h1,o̵n̵e̵_̵m̵u̵l̵,̵ ̲add_zero, ̲mul_one]

Note: This linter can be disabled with `set_option linter.unusedSimpArgs false`
✔ [1609/1609] Built CircuitCorrectness.HashTrace8.Round02 (4.8s)
Build completed successfully (1609 jobs).

{"module": "CircuitCorrectness.HashTrace2.Round19", "exit_code": 0, "seconds": 5.637889917000393, "maximum_child_rss_bytes": 2421276672, "user_seconds": 3.430872, "system_seconds": 2.562993, "log": "results/clean_build_modules/CircuitCorrectness.HashTrace2.Round19.log", "command": ["/Users/hanbunko/Downloads/zkCNN/VerImgCmp/circuit_correctness/.elan/toolchains/leanprover--lean4---v4.28.0/bin/lake", "--no-cache", "build", "+CircuitCorrectness.HashTrace2.Round19"]}
⚠ [1590/1626] Replayed CircuitCorrectness.Affine
warning: CircuitCorrectness/Affine.lean:52:33: This simp argument is unused:
  add_assoc

Hint: Omit it from the simp argument list.
  simp [ih, add_left_comm,̵ ̵a̵d̵d̵_̵a̵s̵s̵o̵c̵]

Note: This linter can be disabled with `set_option linter.unusedSimpArgs false`
⚠ [1598/1626] Replayed CircuitCorrectness.PoseidonProgram
warning: CircuitCorrectness/PoseidonProgram.lean:38:15: unused variable `one`

Note: This linter can be disabled with `set_option linter.unusedVariables false`
warning: CircuitCorrectness/PoseidonProgram.lean:137:14: This simp argument is unused:
  Function.comp_def

Hint: Omit it from the simp argument list.
  simp [hc,̵ ̵F̵u̵n̵c̵t̵i̵o̵n̵.̵c̵o̵m̵p̵_̵d̵e̵f̵]

Note: This linter can be disabled with `set_option linter.unusedSimpArgs false`
warning: CircuitCorrectness/PoseidonProgram.lean:194:68: This simp argument is unused:
  one_mul

Hint: Omit it from the simp argument list.
  simp only [Instruction.value, Affine.eval_constant, Nat.cast_one, o̵n̵e̵_̵m̵u̵l̵,̵
  ̵ ̵ ̵ ̵ ̵h1, mul_one, Affine.eval_nil,
  ̲  ̲ ̲ ̲add_zero] at ho

Note: This linter can be disabled with `set_option linter.unusedSimpArgs false`
⚠ [1605/1626] Replayed CircuitCorrectness.ConcreteProgram
warning: CircuitCorrectness/ConcreteProgram.lean:257:61: This simp argument is unused:
  one_mul

Hint: Omit it from the simp argument list.
  simp only [expandLC, ̲List.map_cons, ̲List.map_nil, ̲evalLC, ̲List.sum_cons, ̲List.sum_nil,
        one_expand, ̲neg_one_expand, ̲cast_neg_one, ̲Nat.cast_one, ̲h1,o̵n̵e̵_̵m̵u̵l̵,̵ ̲add_zero, ̲mul_one]

Note: This linter can be disabled with `set_option linter.unusedSimpArgs false`
✔ [1626/1626] Built CircuitCorrectness.HashTrace2.Round19 (3.7s)
Build completed successfully (1626 jobs).

{"module": "CircuitCorrectness.HashTrace8.Round03", "exit_code": 0, "seconds": 6.883555209000406, "maximum_child_rss_bytes": 2700902400, "user_seconds": 4.644273, "system_seconds": 2.630325, "log": "results/clean_build_modules/CircuitCorrectness.HashTrace8.Round03.log", "command": ["/Users/hanbunko/Downloads/zkCNN/VerImgCmp/circuit_correctness/.elan/toolchains/leanprover--lean4---v4.28.0/bin/lake", "--no-cache", "build", "+CircuitCorrectness.HashTrace8.Round03"]}
⚠ [1589/1600] Replayed CircuitCorrectness.Affine
warning: CircuitCorrectness/Affine.lean:52:33: This simp argument is unused:
  add_assoc

Hint: Omit it from the simp argument list.
  simp [ih, add_left_comm,̵ ̵a̵d̵d̵_̵a̵s̵s̵o̵c̵]

Note: This linter can be disabled with `set_option linter.unusedSimpArgs false`
⚠ [1597/1600] Replayed CircuitCorrectness.PoseidonProgram
warning: CircuitCorrectness/PoseidonProgram.lean:38:15: unused variable `one`

Note: This linter can be disabled with `set_option linter.unusedVariables false`
warning: CircuitCorrectness/PoseidonProgram.lean:137:14: This simp argument is unused:
  Function.comp_def

Hint: Omit it from the simp argument list.
  simp [hc,̵ ̵F̵u̵n̵c̵t̵i̵o̵n̵.̵c̵o̵m̵p̵_̵d̵e̵f̵]

Note: This linter can be disabled with `set_option linter.unusedSimpArgs false`
warning: CircuitCorrectness/PoseidonProgram.lean:194:68: This simp argument is unused:
  one_mul

Hint: Omit it from the simp argument list.
  simp only [Instruction.value, Affine.eval_constant, Nat.cast_one, o̵n̵e̵_̵m̵u̵l̵,̵
  ̵ ̵ ̵ ̵ ̵h1, mul_one, Affine.eval_nil,
  ̲  ̲ ̲ ̲add_zero] at ho

Note: This linter can be disabled with `set_option linter.unusedSimpArgs false`
⚠ [1605/1610] Replayed CircuitCorrectness.ConcreteProgram
warning: CircuitCorrectness/ConcreteProgram.lean:257:61: This simp argument is unused:
  one_mul

Hint: Omit it from the simp argument list.
  simp only [expandLC, ̲List.map_cons, ̲List.map_nil, ̲evalLC, ̲List.sum_cons, ̲List.sum_nil,
        one_expand, ̲neg_one_expand, ̲cast_neg_one, ̲Nat.cast_one, ̲h1,o̵n̵e̵_̵m̵u̵l̵,̵ ̲add_zero, ̲mul_one]

Note: This linter can be disabled with `set_option linter.unusedSimpArgs false`
✔ [1610/1610] Built CircuitCorrectness.HashTrace8.Round03 (4.0s)
Build completed successfully (1610 jobs).

{"module": "CircuitCorrectness.HashTrace2.Round20", "exit_code": 0, "seconds": 5.681799791999765, "maximum_child_rss_bytes": 2425307136, "user_seconds": 3.444503, "system_seconds": 2.5755149999999998, "log": "results/clean_build_modules/CircuitCorrectness.HashTrace2.Round20.log", "command": ["/Users/hanbunko/Downloads/zkCNN/VerImgCmp/circuit_correctness/.elan/toolchains/leanprover--lean4---v4.28.0/bin/lake", "--no-cache", "build", "+CircuitCorrectness.HashTrace2.Round20"]}
⚠ [1589/1600] Replayed CircuitCorrectness.Affine
warning: CircuitCorrectness/Affine.lean:52:33: This simp argument is unused:
  add_assoc

Hint: Omit it from the simp argument list.
  simp [ih, add_left_comm,̵ ̵a̵d̵d̵_̵a̵s̵s̵o̵c̵]

Note: This linter can be disabled with `set_option linter.unusedSimpArgs false`
⚠ [1597/1600] Replayed CircuitCorrectness.PoseidonProgram
warning: CircuitCorrectness/PoseidonProgram.lean:38:15: unused variable `one`

Note: This linter can be disabled with `set_option linter.unusedVariables false`
warning: CircuitCorrectness/PoseidonProgram.lean:137:14: This simp argument is unused:
  Function.comp_def

Hint: Omit it from the simp argument list.
  simp [hc,̵ ̵F̵u̵n̵c̵t̵i̵o̵n̵.̵c̵o̵m̵p̵_̵d̵e̵f̵]

Note: This linter can be disabled with `set_option linter.unusedSimpArgs false`
warning: CircuitCorrectness/PoseidonProgram.lean:194:68: This simp argument is unused:
  one_mul

Hint: Omit it from the simp argument list.
  simp only [Instruction.value, Affine.eval_constant, Nat.cast_one, o̵n̵e̵_̵m̵u̵l̵,̵
  ̵ ̵ ̵ ̵ ̵h1, mul_one, Affine.eval_nil,
  ̲  ̲ ̲ ̲add_zero] at ho

Note: This linter can be disabled with `set_option linter.unusedSimpArgs false`
⚠ [1605/1627] Replayed CircuitCorrectness.ConcreteProgram
warning: CircuitCorrectness/ConcreteProgram.lean:257:61: This simp argument is unused:
  one_mul

Hint: Omit it from the simp argument list.
  simp only [expandLC, ̲List.map_cons, ̲List.map_nil, ̲evalLC, ̲List.sum_cons, ̲List.sum_nil,
        one_expand, ̲neg_one_expand, ̲cast_neg_one, ̲Nat.cast_one, ̲h1,o̵n̵e̵_̵m̵u̵l̵,̵ ̲add_zero, ̲mul_one]

Note: This linter can be disabled with `set_option linter.unusedSimpArgs false`
✔ [1627/1627] Built CircuitCorrectness.HashTrace2.Round20 (3.8s)
Build completed successfully (1627 jobs).

{"module": "CircuitCorrectness.HashTrace8.Round04", "exit_code": 0, "seconds": 5.247974500000055, "maximum_child_rss_bytes": 2324332544, "user_seconds": 2.986223, "system_seconds": 2.62173, "log": "results/clean_build_modules/CircuitCorrectness.HashTrace8.Round04.log", "command": ["/Users/hanbunko/Downloads/zkCNN/VerImgCmp/circuit_correctness/.elan/toolchains/leanprover--lean4---v4.28.0/bin/lake", "--no-cache", "build", "+CircuitCorrectness.HashTrace8.Round04"]}
⚠ [1590/1611] Replayed CircuitCorrectness.Affine
warning: CircuitCorrectness/Affine.lean:52:33: This simp argument is unused:
  add_assoc

Hint: Omit it from the simp argument list.
  simp [ih, add_left_comm,̵ ̵a̵d̵d̵_̵a̵s̵s̵o̵c̵]

Note: This linter can be disabled with `set_option linter.unusedSimpArgs false`
⚠ [1598/1611] Replayed CircuitCorrectness.PoseidonProgram
warning: CircuitCorrectness/PoseidonProgram.lean:38:15: unused variable `one`

Note: This linter can be disabled with `set_option linter.unusedVariables false`
warning: CircuitCorrectness/PoseidonProgram.lean:137:14: This simp argument is unused:
  Function.comp_def

Hint: Omit it from the simp argument list.
  simp [hc,̵ ̵F̵u̵n̵c̵t̵i̵o̵n̵.̵c̵o̵m̵p̵_̵d̵e̵f̵]

Note: This linter can be disabled with `set_option linter.unusedSimpArgs false`
warning: CircuitCorrectness/PoseidonProgram.lean:194:68: This simp argument is unused:
  one_mul

Hint: Omit it from the simp argument list.
  simp only [Instruction.value, Affine.eval_constant, Nat.cast_one, o̵n̵e̵_̵m̵u̵l̵,̵
  ̵ ̵ ̵ ̵ ̵h1, mul_one, Affine.eval_nil,
  ̲  ̲ ̲ ̲add_zero] at ho

Note: This linter can be disabled with `set_option linter.unusedSimpArgs false`
⚠ [1605/1611] Replayed CircuitCorrectness.ConcreteProgram
warning: CircuitCorrectness/ConcreteProgram.lean:257:61: This simp argument is unused:
  one_mul

Hint: Omit it from the simp argument list.
  simp only [expandLC, ̲List.map_cons, ̲List.map_nil, ̲evalLC, ̲List.sum_cons, ̲List.sum_nil,
        one_expand, ̲neg_one_expand, ̲cast_neg_one, ̲Nat.cast_one, ̲h1,o̵n̵e̵_̵m̵u̵l̵,̵ ̲add_zero, ̲mul_one]

Note: This linter can be disabled with `set_option linter.unusedSimpArgs false`
✔ [1611/1611] Built CircuitCorrectness.HashTrace8.Round04 (3.3s)
Build completed successfully (1611 jobs).

{"module": "CircuitCorrectness.HashTrace2.Round21", "exit_code": 0, "seconds": 5.809908458000791, "maximum_child_rss_bytes": 2480488448, "user_seconds": 3.691089, "system_seconds": 2.527576, "log": "results/clean_build_modules/CircuitCorrectness.HashTrace2.Round21.log", "command": ["/Users/hanbunko/Downloads/zkCNN/VerImgCmp/circuit_correctness/.elan/toolchains/leanprover--lean4---v4.28.0/bin/lake", "--no-cache", "build", "+CircuitCorrectness.HashTrace2.Round21"]}
⚠ [1590/1628] Replayed CircuitCorrectness.Affine
warning: CircuitCorrectness/Affine.lean:52:33: This simp argument is unused:
  add_assoc

Hint: Omit it from the simp argument list.
  simp [ih, add_left_comm,̵ ̵a̵d̵d̵_̵a̵s̵s̵o̵c̵]

Note: This linter can be disabled with `set_option linter.unusedSimpArgs false`
⚠ [1598/1628] Replayed CircuitCorrectness.PoseidonProgram
warning: CircuitCorrectness/PoseidonProgram.lean:38:15: unused variable `one`

Note: This linter can be disabled with `set_option linter.unusedVariables false`
warning: CircuitCorrectness/PoseidonProgram.lean:137:14: This simp argument is unused:
  Function.comp_def

Hint: Omit it from the simp argument list.
  simp [hc,̵ ̵F̵u̵n̵c̵t̵i̵o̵n̵.̵c̵o̵m̵p̵_̵d̵e̵f̵]

Note: This linter can be disabled with `set_option linter.unusedSimpArgs false`
warning: CircuitCorrectness/PoseidonProgram.lean:194:68: This simp argument is unused:
  one_mul

Hint: Omit it from the simp argument list.
  simp only [Instruction.value, Affine.eval_constant, Nat.cast_one, o̵n̵e̵_̵m̵u̵l̵,̵
  ̵ ̵ ̵ ̵ ̵h1, mul_one, Affine.eval_nil,
  ̲  ̲ ̲ ̲add_zero] at ho

Note: This linter can be disabled with `set_option linter.unusedSimpArgs false`
⚠ [1605/1628] Replayed CircuitCorrectness.ConcreteProgram
warning: CircuitCorrectness/ConcreteProgram.lean:257:61: This simp argument is unused:
  one_mul

Hint: Omit it from the simp argument list.
  simp only [expandLC, ̲List.map_cons, ̲List.map_nil, ̲evalLC, ̲List.sum_cons, ̲List.sum_nil,
        one_expand, ̲neg_one_expand, ̲cast_neg_one, ̲Nat.cast_one, ̲h1,o̵n̵e̵_̵m̵u̵l̵,̵ ̲add_zero, ̲mul_one]

Note: This linter can be disabled with `set_option linter.unusedSimpArgs false`
✔ [1628/1628] Built CircuitCorrectness.HashTrace2.Round21 (3.0s)
Build completed successfully (1628 jobs).

{"module": "CircuitCorrectness.HashTrace8.Round05", "exit_code": 0, "seconds": 5.328976417000376, "maximum_child_rss_bytes": 2335309824, "user_seconds": 3.028265, "system_seconds": 2.632564, "log": "results/clean_build_modules/CircuitCorrectness.HashTrace8.Round05.log", "command": ["/Users/hanbunko/Downloads/zkCNN/VerImgCmp/circuit_correctness/.elan/toolchains/leanprover--lean4---v4.28.0/bin/lake", "--no-cache", "build", "+CircuitCorrectness.HashTrace8.Round05"]}
⚠ [1589/1600] Replayed CircuitCorrectness.Affine
warning: CircuitCorrectness/Affine.lean:52:33: This simp argument is unused:
  add_assoc

Hint: Omit it from the simp argument list.
  simp [ih, add_left_comm,̵ ̵a̵d̵d̵_̵a̵s̵s̵o̵c̵]

Note: This linter can be disabled with `set_option linter.unusedSimpArgs false`
⚠ [1597/1600] Replayed CircuitCorrectness.PoseidonProgram
warning: CircuitCorrectness/PoseidonProgram.lean:38:15: unused variable `one`

Note: This linter can be disabled with `set_option linter.unusedVariables false`
warning: CircuitCorrectness/PoseidonProgram.lean:137:14: This simp argument is unused:
  Function.comp_def

Hint: Omit it from the simp argument list.
  simp [hc,̵ ̵F̵u̵n̵c̵t̵i̵o̵n̵.̵c̵o̵m̵p̵_̵d̵e̵f̵]

Note: This linter can be disabled with `set_option linter.unusedSimpArgs false`
warning: CircuitCorrectness/PoseidonProgram.lean:194:68: This simp argument is unused:
  one_mul

Hint: Omit it from the simp argument list.
  simp only [Instruction.value, Affine.eval_constant, Nat.cast_one, o̵n̵e̵_̵m̵u̵l̵,̵
  ̵ ̵ ̵ ̵ ̵h1, mul_one, Affine.eval_nil,
  ̲  ̲ ̲ ̲add_zero] at ho

Note: This linter can be disabled with `set_option linter.unusedSimpArgs false`
⚠ [1605/1612] Replayed CircuitCorrectness.ConcreteProgram
warning: CircuitCorrectness/ConcreteProgram.lean:257:61: This simp argument is unused:
  one_mul

Hint: Omit it from the simp argument list.
  simp only [expandLC, ̲List.map_cons, ̲List.map_nil, ̲evalLC, ̲List.sum_cons, ̲List.sum_nil,
        one_expand, ̲neg_one_expand, ̲cast_neg_one, ̲Nat.cast_one, ̲h1,o̵n̵e̵_̵m̵u̵l̵,̵ ̲add_zero, ̲mul_one]

Note: This linter can be disabled with `set_option linter.unusedSimpArgs false`
✔ [1612/1612] Built CircuitCorrectness.HashTrace8.Round05 (3.4s)
Build completed successfully (1612 jobs).

{"module": "CircuitCorrectness.HashTrace2.Round22", "exit_code": 0, "seconds": 5.862270333000197, "maximum_child_rss_bytes": 2467512320, "user_seconds": 3.644621, "system_seconds": 2.651511, "log": "results/clean_build_modules/CircuitCorrectness.HashTrace2.Round22.log", "command": ["/Users/hanbunko/Downloads/zkCNN/VerImgCmp/circuit_correctness/.elan/toolchains/leanprover--lean4---v4.28.0/bin/lake", "--no-cache", "build", "+CircuitCorrectness.HashTrace2.Round22"]}
⚠ [1590/1629] Replayed CircuitCorrectness.Affine
warning: CircuitCorrectness/Affine.lean:52:33: This simp argument is unused:
  add_assoc

Hint: Omit it from the simp argument list.
  simp [ih, add_left_comm,̵ ̵a̵d̵d̵_̵a̵s̵s̵o̵c̵]

Note: This linter can be disabled with `set_option linter.unusedSimpArgs false`
⚠ [1598/1629] Replayed CircuitCorrectness.PoseidonProgram
warning: CircuitCorrectness/PoseidonProgram.lean:38:15: unused variable `one`

Note: This linter can be disabled with `set_option linter.unusedVariables false`
warning: CircuitCorrectness/PoseidonProgram.lean:137:14: This simp argument is unused:
  Function.comp_def

Hint: Omit it from the simp argument list.
  simp [hc,̵ ̵F̵u̵n̵c̵t̵i̵o̵n̵.̵c̵o̵m̵p̵_̵d̵e̵f̵]

Note: This linter can be disabled with `set_option linter.unusedSimpArgs false`
warning: CircuitCorrectness/PoseidonProgram.lean:194:68: This simp argument is unused:
  one_mul

Hint: Omit it from the simp argument list.
  simp only [Instruction.value, Affine.eval_constant, Nat.cast_one, o̵n̵e̵_̵m̵u̵l̵,̵
  ̵ ̵ ̵ ̵ ̵h1, mul_one, Affine.eval_nil,
  ̲  ̲ ̲ ̲add_zero] at ho

Note: This linter can be disabled with `set_option linter.unusedSimpArgs false`
⚠ [1605/1629] Replayed CircuitCorrectness.ConcreteProgram
warning: CircuitCorrectness/ConcreteProgram.lean:257:61: This simp argument is unused:
  one_mul

Hint: Omit it from the simp argument list.
  simp only [expandLC, ̲List.map_cons, ̲List.map_nil, ̲evalLC, ̲List.sum_cons, ̲List.sum_nil,
        one_expand, ̲neg_one_expand, ̲cast_neg_one, ̲Nat.cast_one, ̲h1,o̵n̵e̵_̵m̵u̵l̵,̵ ̲add_zero, ̲mul_one]

Note: This linter can be disabled with `set_option linter.unusedSimpArgs false`
✔ [1629/1629] Built CircuitCorrectness.HashTrace2.Round22 (3.9s)
Build completed successfully (1629 jobs).

{"module": "CircuitCorrectness.HashTrace8.Round06", "exit_code": 0, "seconds": 5.40591725000013, "maximum_child_rss_bytes": 2365767680, "user_seconds": 3.164604, "system_seconds": 2.575197, "log": "results/clean_build_modules/CircuitCorrectness.HashTrace8.Round06.log", "command": ["/Users/hanbunko/Downloads/zkCNN/VerImgCmp/circuit_correctness/.elan/toolchains/leanprover--lean4---v4.28.0/bin/lake", "--no-cache", "build", "+CircuitCorrectness.HashTrace8.Round06"]}
⚠ [1589/1600] Replayed CircuitCorrectness.Affine
warning: CircuitCorrectness/Affine.lean:52:33: This simp argument is unused:
  add_assoc

Hint: Omit it from the simp argument list.
  simp [ih, add_left_comm,̵ ̵a̵d̵d̵_̵a̵s̵s̵o̵c̵]

Note: This linter can be disabled with `set_option linter.unusedSimpArgs false`
⚠ [1597/1600] Replayed CircuitCorrectness.PoseidonProgram
warning: CircuitCorrectness/PoseidonProgram.lean:38:15: unused variable `one`

Note: This linter can be disabled with `set_option linter.unusedVariables false`
warning: CircuitCorrectness/PoseidonProgram.lean:137:14: This simp argument is unused:
  Function.comp_def

Hint: Omit it from the simp argument list.
  simp [hc,̵ ̵F̵u̵n̵c̵t̵i̵o̵n̵.̵c̵o̵m̵p̵_̵d̵e̵f̵]

Note: This linter can be disabled with `set_option linter.unusedSimpArgs false`
warning: CircuitCorrectness/PoseidonProgram.lean:194:68: This simp argument is unused:
  one_mul

Hint: Omit it from the simp argument list.
  simp only [Instruction.value, Affine.eval_constant, Nat.cast_one, o̵n̵e̵_̵m̵u̵l̵,̵
  ̵ ̵ ̵ ̵ ̵h1, mul_one, Affine.eval_nil,
  ̲  ̲ ̲ ̲add_zero] at ho

Note: This linter can be disabled with `set_option linter.unusedSimpArgs false`
⚠ [1605/1613] Replayed CircuitCorrectness.ConcreteProgram
warning: CircuitCorrectness/ConcreteProgram.lean:257:61: This simp argument is unused:
  one_mul

Hint: Omit it from the simp argument list.
  simp only [expandLC, ̲List.map_cons, ̲List.map_nil, ̲evalLC, ̲List.sum_cons, ̲List.sum_nil,
        one_expand, ̲neg_one_expand, ̲cast_neg_one, ̲Nat.cast_one, ̲h1,o̵n̵e̵_̵m̵u̵l̵,̵ ̲add_zero, ̲mul_one]

Note: This linter can be disabled with `set_option linter.unusedSimpArgs false`
✔ [1613/1613] Built CircuitCorrectness.HashTrace8.Round06 (3.5s)
Build completed successfully (1613 jobs).

{"module": "CircuitCorrectness.HashTrace2.Round23", "exit_code": 0, "seconds": 6.074457125000663, "maximum_child_rss_bytes": 2511699968, "user_seconds": 3.810587, "system_seconds": 2.588515, "log": "results/clean_build_modules/CircuitCorrectness.HashTrace2.Round23.log", "command": ["/Users/hanbunko/Downloads/zkCNN/VerImgCmp/circuit_correctness/.elan/toolchains/leanprover--lean4---v4.28.0/bin/lake", "--no-cache", "build", "+CircuitCorrectness.HashTrace2.Round23"]}
⚠ [1590/1630] Replayed CircuitCorrectness.Affine
warning: CircuitCorrectness/Affine.lean:52:33: This simp argument is unused:
  add_assoc

Hint: Omit it from the simp argument list.
  simp [ih, add_left_comm,̵ ̵a̵d̵d̵_̵a̵s̵s̵o̵c̵]

Note: This linter can be disabled with `set_option linter.unusedSimpArgs false`
⚠ [1598/1630] Replayed CircuitCorrectness.PoseidonProgram
warning: CircuitCorrectness/PoseidonProgram.lean:38:15: unused variable `one`

Note: This linter can be disabled with `set_option linter.unusedVariables false`
warning: CircuitCorrectness/PoseidonProgram.lean:137:14: This simp argument is unused:
  Function.comp_def

Hint: Omit it from the simp argument list.
  simp [hc,̵ ̵F̵u̵n̵c̵t̵i̵o̵n̵.̵c̵o̵m̵p̵_̵d̵e̵f̵]

Note: This linter can be disabled with `set_option linter.unusedSimpArgs false`
warning: CircuitCorrectness/PoseidonProgram.lean:194:68: This simp argument is unused:
  one_mul

Hint: Omit it from the simp argument list.
  simp only [Instruction.value, Affine.eval_constant, Nat.cast_one, o̵n̵e̵_̵m̵u̵l̵,̵
  ̵ ̵ ̵ ̵ ̵h1, mul_one, Affine.eval_nil,
  ̲  ̲ ̲ ̲add_zero] at ho

Note: This linter can be disabled with `set_option linter.unusedSimpArgs false`
⚠ [1605/1630] Replayed CircuitCorrectness.ConcreteProgram
warning: CircuitCorrectness/ConcreteProgram.lean:257:61: This simp argument is unused:
  one_mul

Hint: Omit it from the simp argument list.
  simp only [expandLC, ̲List.map_cons, ̲List.map_nil, ̲evalLC, ̲List.sum_cons, ̲List.sum_nil,
        one_expand, ̲neg_one_expand, ̲cast_neg_one, ̲Nat.cast_one, ̲h1,o̵n̵e̵_̵m̵u̵l̵,̵ ̲add_zero, ̲mul_one]

Note: This linter can be disabled with `set_option linter.unusedSimpArgs false`
✔ [1630/1630] Built CircuitCorrectness.HashTrace2.Round23 (4.2s)
Build completed successfully (1630 jobs).

{"module": "CircuitCorrectness.HashTrace8.Round07", "exit_code": 0, "seconds": 5.314502958000048, "maximum_child_rss_bytes": 2350678016, "user_seconds": 3.115439, "system_seconds": 2.579396, "log": "results/clean_build_modules/CircuitCorrectness.HashTrace8.Round07.log", "command": ["/Users/hanbunko/Downloads/zkCNN/VerImgCmp/circuit_correctness/.elan/toolchains/leanprover--lean4---v4.28.0/bin/lake", "--no-cache", "build", "+CircuitCorrectness.HashTrace8.Round07"]}
⚠ [1589/1600] Replayed CircuitCorrectness.Affine
warning: CircuitCorrectness/Affine.lean:52:33: This simp argument is unused:
  add_assoc

Hint: Omit it from the simp argument list.
  simp [ih, add_left_comm,̵ ̵a̵d̵d̵_̵a̵s̵s̵o̵c̵]

Note: This linter can be disabled with `set_option linter.unusedSimpArgs false`
⚠ [1597/1600] Replayed CircuitCorrectness.PoseidonProgram
warning: CircuitCorrectness/PoseidonProgram.lean:38:15: unused variable `one`

Note: This linter can be disabled with `set_option linter.unusedVariables false`
warning: CircuitCorrectness/PoseidonProgram.lean:137:14: This simp argument is unused:
  Function.comp_def

Hint: Omit it from the simp argument list.
  simp [hc,̵ ̵F̵u̵n̵c̵t̵i̵o̵n̵.̵c̵o̵m̵p̵_̵d̵e̵f̵]

Note: This linter can be disabled with `set_option linter.unusedSimpArgs false`
warning: CircuitCorrectness/PoseidonProgram.lean:194:68: This simp argument is unused:
  one_mul

Hint: Omit it from the simp argument list.
  simp only [Instruction.value, Affine.eval_constant, Nat.cast_one, o̵n̵e̵_̵m̵u̵l̵,̵
  ̵ ̵ ̵ ̵ ̵h1, mul_one, Affine.eval_nil,
  ̲  ̲ ̲ ̲add_zero] at ho

Note: This linter can be disabled with `set_option linter.unusedSimpArgs false`
⚠ [1605/1614] Replayed CircuitCorrectness.ConcreteProgram
warning: CircuitCorrectness/ConcreteProgram.lean:257:61: This simp argument is unused:
  one_mul

Hint: Omit it from the simp argument list.
  simp only [expandLC, ̲List.map_cons, ̲List.map_nil, ̲evalLC, ̲List.sum_cons, ̲List.sum_nil,
        one_expand, ̲neg_one_expand, ̲cast_neg_one, ̲Nat.cast_one, ̲h1,o̵n̵e̵_̵m̵u̵l̵,̵ ̲add_zero, ̲mul_one]

Note: This linter can be disabled with `set_option linter.unusedSimpArgs false`
✔ [1614/1614] Built CircuitCorrectness.HashTrace8.Round07 (3.5s)
Build completed successfully (1614 jobs).

{"module": "CircuitCorrectness.HashTrace2.Round24", "exit_code": 0, "seconds": 5.94869325000036, "maximum_child_rss_bytes": 2482765824, "user_seconds": 3.704776, "system_seconds": 2.570029, "log": "results/clean_build_modules/CircuitCorrectness.HashTrace2.Round24.log", "command": ["/Users/hanbunko/Downloads/zkCNN/VerImgCmp/circuit_correctness/.elan/toolchains/leanprover--lean4---v4.28.0/bin/lake", "--no-cache", "build", "+CircuitCorrectness.HashTrace2.Round24"]}
⚠ [1589/1600] Replayed CircuitCorrectness.Affine
warning: CircuitCorrectness/Affine.lean:52:33: This simp argument is unused:
  add_assoc

Hint: Omit it from the simp argument list.
  simp [ih, add_left_comm,̵ ̵a̵d̵d̵_̵a̵s̵s̵o̵c̵]

Note: This linter can be disabled with `set_option linter.unusedSimpArgs false`
⚠ [1597/1600] Replayed CircuitCorrectness.PoseidonProgram
warning: CircuitCorrectness/PoseidonProgram.lean:38:15: unused variable `one`

Note: This linter can be disabled with `set_option linter.unusedVariables false`
warning: CircuitCorrectness/PoseidonProgram.lean:137:14: This simp argument is unused:
  Function.comp_def

Hint: Omit it from the simp argument list.
  simp [hc,̵ ̵F̵u̵n̵c̵t̵i̵o̵n̵.̵c̵o̵m̵p̵_̵d̵e̵f̵]

Note: This linter can be disabled with `set_option linter.unusedSimpArgs false`
warning: CircuitCorrectness/PoseidonProgram.lean:194:68: This simp argument is unused:
  one_mul

Hint: Omit it from the simp argument list.
  simp only [Instruction.value, Affine.eval_constant, Nat.cast_one, o̵n̵e̵_̵m̵u̵l̵,̵
  ̵ ̵ ̵ ̵ ̵h1, mul_one, Affine.eval_nil,
  ̲  ̲ ̲ ̲add_zero] at ho

Note: This linter can be disabled with `set_option linter.unusedSimpArgs false`
⚠ [1605/1631] Replayed CircuitCorrectness.ConcreteProgram
warning: CircuitCorrectness/ConcreteProgram.lean:257:61: This simp argument is unused:
  one_mul

Hint: Omit it from the simp argument list.
  simp only [expandLC, ̲List.map_cons, ̲List.map_nil, ̲evalLC, ̲List.sum_cons, ̲List.sum_nil,
        one_expand, ̲neg_one_expand, ̲cast_neg_one, ̲Nat.cast_one, ̲h1,o̵n̵e̵_̵m̵u̵l̵,̵ ̲add_zero, ̲mul_one]

Note: This linter can be disabled with `set_option linter.unusedSimpArgs false`
✔ [1631/1631] Built CircuitCorrectness.HashTrace2.Round24 (4.0s)
Build completed successfully (1631 jobs).

{"module": "CircuitCorrectness.HashTrace8.Round08", "exit_code": 0, "seconds": 5.296318874999997, "maximum_child_rss_bytes": 2357182464, "user_seconds": 3.16426, "system_seconds": 2.544398, "log": "results/clean_build_modules/CircuitCorrectness.HashTrace8.Round08.log", "command": ["/Users/hanbunko/Downloads/zkCNN/VerImgCmp/circuit_correctness/.elan/toolchains/leanprover--lean4---v4.28.0/bin/lake", "--no-cache", "build", "+CircuitCorrectness.HashTrace8.Round08"]}
⚠ [1589/1600] Replayed CircuitCorrectness.Affine
warning: CircuitCorrectness/Affine.lean:52:33: This simp argument is unused:
  add_assoc

Hint: Omit it from the simp argument list.
  simp [ih, add_left_comm,̵ ̵a̵d̵d̵_̵a̵s̵s̵o̵c̵]

Note: This linter can be disabled with `set_option linter.unusedSimpArgs false`
⚠ [1597/1600] Replayed CircuitCorrectness.PoseidonProgram
warning: CircuitCorrectness/PoseidonProgram.lean:38:15: unused variable `one`

Note: This linter can be disabled with `set_option linter.unusedVariables false`
warning: CircuitCorrectness/PoseidonProgram.lean:137:14: This simp argument is unused:
  Function.comp_def

Hint: Omit it from the simp argument list.
  simp [hc,̵ ̵F̵u̵n̵c̵t̵i̵o̵n̵.̵c̵o̵m̵p̵_̵d̵e̵f̵]

Note: This linter can be disabled with `set_option linter.unusedSimpArgs false`
warning: CircuitCorrectness/PoseidonProgram.lean:194:68: This simp argument is unused:
  one_mul

Hint: Omit it from the simp argument list.
  simp only [Instruction.value, Affine.eval_constant, Nat.cast_one, o̵n̵e̵_̵m̵u̵l̵,̵
  ̵ ̵ ̵ ̵ ̵h1, mul_one, Affine.eval_nil,
  ̲  ̲ ̲ ̲add_zero] at ho

Note: This linter can be disabled with `set_option linter.unusedSimpArgs false`
⚠ [1605/1615] Replayed CircuitCorrectness.ConcreteProgram
warning: CircuitCorrectness/ConcreteProgram.lean:257:61: This simp argument is unused:
  one_mul

Hint: Omit it from the simp argument list.
  simp only [expandLC, ̲List.map_cons, ̲List.map_nil, ̲evalLC, ̲List.sum_cons, ̲List.sum_nil,
        one_expand, ̲neg_one_expand, ̲cast_neg_one, ̲Nat.cast_one, ̲h1,o̵n̵e̵_̵m̵u̵l̵,̵ ̲add_zero, ̲mul_one]

Note: This linter can be disabled with `set_option linter.unusedSimpArgs false`
✔ [1615/1615] Built CircuitCorrectness.HashTrace8.Round08 (3.5s)
Build completed successfully (1615 jobs).

{"module": "CircuitCorrectness.HashTrace2.Round25", "exit_code": 0, "seconds": 6.038011665999875, "maximum_child_rss_bytes": 2520350720, "user_seconds": 3.827926, "system_seconds": 2.545101, "log": "results/clean_build_modules/CircuitCorrectness.HashTrace2.Round25.log", "command": ["/Users/hanbunko/Downloads/zkCNN/VerImgCmp/circuit_correctness/.elan/toolchains/leanprover--lean4---v4.28.0/bin/lake", "--no-cache", "build", "+CircuitCorrectness.HashTrace2.Round25"]}
⚠ [1589/1600] Replayed CircuitCorrectness.Affine
warning: CircuitCorrectness/Affine.lean:52:33: This simp argument is unused:
  add_assoc

Hint: Omit it from the simp argument list.
  simp [ih, add_left_comm,̵ ̵a̵d̵d̵_̵a̵s̵s̵o̵c̵]

Note: This linter can be disabled with `set_option linter.unusedSimpArgs false`
⚠ [1597/1600] Replayed CircuitCorrectness.PoseidonProgram
warning: CircuitCorrectness/PoseidonProgram.lean:38:15: unused variable `one`

Note: This linter can be disabled with `set_option linter.unusedVariables false`
warning: CircuitCorrectness/PoseidonProgram.lean:137:14: This simp argument is unused:
  Function.comp_def

Hint: Omit it from the simp argument list.
  simp [hc,̵ ̵F̵u̵n̵c̵t̵i̵o̵n̵.̵c̵o̵m̵p̵_̵d̵e̵f̵]

Note: This linter can be disabled with `set_option linter.unusedSimpArgs false`
warning: CircuitCorrectness/PoseidonProgram.lean:194:68: This simp argument is unused:
  one_mul

Hint: Omit it from the simp argument list.
  simp only [Instruction.value, Affine.eval_constant, Nat.cast_one, o̵n̵e̵_̵m̵u̵l̵,̵
  ̵ ̵ ̵ ̵ ̵h1, mul_one, Affine.eval_nil,
  ̲  ̲ ̲ ̲add_zero] at ho

Note: This linter can be disabled with `set_option linter.unusedSimpArgs false`
⚠ [1605/1632] Replayed CircuitCorrectness.ConcreteProgram
warning: CircuitCorrectness/ConcreteProgram.lean:257:61: This simp argument is unused:
  one_mul

Hint: Omit it from the simp argument list.
  simp only [expandLC, ̲List.map_cons, ̲List.map_nil, ̲evalLC, ̲List.sum_cons, ̲List.sum_nil,
        one_expand, ̲neg_one_expand, ̲cast_neg_one, ̲Nat.cast_one, ̲h1,o̵n̵e̵_̵m̵u̵l̵,̵ ̲add_zero, ̲mul_one]

Note: This linter can be disabled with `set_option linter.unusedSimpArgs false`
✔ [1632/1632] Built CircuitCorrectness.HashTrace2.Round25 (4.1s)
Build completed successfully (1632 jobs).

{"module": "CircuitCorrectness.HashTrace8.Round09", "exit_code": 0, "seconds": 5.521186207999563, "maximum_child_rss_bytes": 2413297664, "user_seconds": 3.409806, "system_seconds": 2.544261, "log": "results/clean_build_modules/CircuitCorrectness.HashTrace8.Round09.log", "command": ["/Users/hanbunko/Downloads/zkCNN/VerImgCmp/circuit_correctness/.elan/toolchains/leanprover--lean4---v4.28.0/bin/lake", "--no-cache", "build", "+CircuitCorrectness.HashTrace8.Round09"]}
⚠ [1589/1600] Replayed CircuitCorrectness.Affine
warning: CircuitCorrectness/Affine.lean:52:33: This simp argument is unused:
  add_assoc

Hint: Omit it from the simp argument list.
  simp [ih, add_left_comm,̵ ̵a̵d̵d̵_̵a̵s̵s̵o̵c̵]

Note: This linter can be disabled with `set_option linter.unusedSimpArgs false`
⚠ [1597/1600] Replayed CircuitCorrectness.PoseidonProgram
warning: CircuitCorrectness/PoseidonProgram.lean:38:15: unused variable `one`

Note: This linter can be disabled with `set_option linter.unusedVariables false`
warning: CircuitCorrectness/PoseidonProgram.lean:137:14: This simp argument is unused:
  Function.comp_def

Hint: Omit it from the simp argument list.
  simp [hc,̵ ̵F̵u̵n̵c̵t̵i̵o̵n̵.̵c̵o̵m̵p̵_̵d̵e̵f̵]

Note: This linter can be disabled with `set_option linter.unusedSimpArgs false`
warning: CircuitCorrectness/PoseidonProgram.lean:194:68: This simp argument is unused:
  one_mul

Hint: Omit it from the simp argument list.
  simp only [Instruction.value, Affine.eval_constant, Nat.cast_one, o̵n̵e̵_̵m̵u̵l̵,̵
  ̵ ̵ ̵ ̵ ̵h1, mul_one, Affine.eval_nil,
  ̲  ̲ ̲ ̲add_zero] at ho

Note: This linter can be disabled with `set_option linter.unusedSimpArgs false`
⚠ [1605/1616] Replayed CircuitCorrectness.ConcreteProgram
warning: CircuitCorrectness/ConcreteProgram.lean:257:61: This simp argument is unused:
  one_mul

Hint: Omit it from the simp argument list.
  simp only [expandLC, ̲List.map_cons, ̲List.map_nil, ̲evalLC, ̲List.sum_cons, ̲List.sum_nil,
        one_expand, ̲neg_one_expand, ̲cast_neg_one, ̲Nat.cast_one, ̲h1,o̵n̵e̵_̵m̵u̵l̵,̵ ̲add_zero, ̲mul_one]

Note: This linter can be disabled with `set_option linter.unusedSimpArgs false`
✔ [1616/1616] Built CircuitCorrectness.HashTrace8.Round09 (3.7s)
Build completed successfully (1616 jobs).

{"module": "CircuitCorrectness.HashTrace2.Round26", "exit_code": 0, "seconds": 6.052300500000456, "maximum_child_rss_bytes": 2515451904, "user_seconds": 3.849271, "system_seconds": 2.587117, "log": "results/clean_build_modules/CircuitCorrectness.HashTrace2.Round26.log", "command": ["/Users/hanbunko/Downloads/zkCNN/VerImgCmp/circuit_correctness/.elan/toolchains/leanprover--lean4---v4.28.0/bin/lake", "--no-cache", "build", "+CircuitCorrectness.HashTrace2.Round26"]}
⚠ [1589/1600] Replayed CircuitCorrectness.Affine
warning: CircuitCorrectness/Affine.lean:52:33: This simp argument is unused:
  add_assoc

Hint: Omit it from the simp argument list.
  simp [ih, add_left_comm,̵ ̵a̵d̵d̵_̵a̵s̵s̵o̵c̵]

Note: This linter can be disabled with `set_option linter.unusedSimpArgs false`
⚠ [1597/1600] Replayed CircuitCorrectness.PoseidonProgram
warning: CircuitCorrectness/PoseidonProgram.lean:38:15: unused variable `one`

Note: This linter can be disabled with `set_option linter.unusedVariables false`
warning: CircuitCorrectness/PoseidonProgram.lean:137:14: This simp argument is unused:
  Function.comp_def

Hint: Omit it from the simp argument list.
  simp [hc,̵ ̵F̵u̵n̵c̵t̵i̵o̵n̵.̵c̵o̵m̵p̵_̵d̵e̵f̵]

Note: This linter can be disabled with `set_option linter.unusedSimpArgs false`
warning: CircuitCorrectness/PoseidonProgram.lean:194:68: This simp argument is unused:
  one_mul

Hint: Omit it from the simp argument list.
  simp only [Instruction.value, Affine.eval_constant, Nat.cast_one, o̵n̵e̵_̵m̵u̵l̵,̵
  ̵ ̵ ̵ ̵ ̵h1, mul_one, Affine.eval_nil,
  ̲  ̲ ̲ ̲add_zero] at ho

Note: This linter can be disabled with `set_option linter.unusedSimpArgs false`
⚠ [1605/1633] Replayed CircuitCorrectness.ConcreteProgram
warning: CircuitCorrectness/ConcreteProgram.lean:257:61: This simp argument is unused:
  one_mul

Hint: Omit it from the simp argument list.
  simp only [expandLC, ̲List.map_cons, ̲List.map_nil, ̲evalLC, ̲List.sum_cons, ̲List.sum_nil,
        one_expand, ̲neg_one_expand, ̲cast_neg_one, ̲Nat.cast_one, ̲h1,o̵n̵e̵_̵m̵u̵l̵,̵ ̲add_zero, ̲mul_one]

Note: This linter can be disabled with `set_option linter.unusedSimpArgs false`
✔ [1633/1633] Built CircuitCorrectness.HashTrace2.Round26 (4.2s)
Build completed successfully (1633 jobs).

{"module": "CircuitCorrectness.HashTrace8.Round10", "exit_code": 0, "seconds": 5.64060208400042, "maximum_child_rss_bytes": 2401583104, "user_seconds": 3.379947, "system_seconds": 2.557618, "log": "results/clean_build_modules/CircuitCorrectness.HashTrace8.Round10.log", "command": ["/Users/hanbunko/Downloads/zkCNN/VerImgCmp/circuit_correctness/.elan/toolchains/leanprover--lean4---v4.28.0/bin/lake", "--no-cache", "build", "+CircuitCorrectness.HashTrace8.Round10"]}
⚠ [1589/1600] Replayed CircuitCorrectness.Affine
warning: CircuitCorrectness/Affine.lean:52:33: This simp argument is unused:
  add_assoc

Hint: Omit it from the simp argument list.
  simp [ih, add_left_comm,̵ ̵a̵d̵d̵_̵a̵s̵s̵o̵c̵]

Note: This linter can be disabled with `set_option linter.unusedSimpArgs false`
⚠ [1597/1600] Replayed CircuitCorrectness.PoseidonProgram
warning: CircuitCorrectness/PoseidonProgram.lean:38:15: unused variable `one`

Note: This linter can be disabled with `set_option linter.unusedVariables false`
warning: CircuitCorrectness/PoseidonProgram.lean:137:14: This simp argument is unused:
  Function.comp_def

Hint: Omit it from the simp argument list.
  simp [hc,̵ ̵F̵u̵n̵c̵t̵i̵o̵n̵.̵c̵o̵m̵p̵_̵d̵e̵f̵]

Note: This linter can be disabled with `set_option linter.unusedSimpArgs false`
warning: CircuitCorrectness/PoseidonProgram.lean:194:68: This simp argument is unused:
  one_mul

Hint: Omit it from the simp argument list.
  simp only [Instruction.value, Affine.eval_constant, Nat.cast_one, o̵n̵e̵_̵m̵u̵l̵,̵
  ̵ ̵ ̵ ̵ ̵h1, mul_one, Affine.eval_nil,
  ̲  ̲ ̲ ̲add_zero] at ho

Note: This linter can be disabled with `set_option linter.unusedSimpArgs false`
⚠ [1605/1617] Replayed CircuitCorrectness.ConcreteProgram
warning: CircuitCorrectness/ConcreteProgram.lean:257:61: This simp argument is unused:
  one_mul

Hint: Omit it from the simp argument list.
  simp only [expandLC, ̲List.map_cons, ̲List.map_nil, ̲evalLC, ̲List.sum_cons, ̲List.sum_nil,
        one_expand, ̲neg_one_expand, ̲cast_neg_one, ̲Nat.cast_one, ̲h1,o̵n̵e̵_̵m̵u̵l̵,̵ ̲add_zero, ̲mul_one]

Note: This linter can be disabled with `set_option linter.unusedSimpArgs false`
✔ [1617/1617] Built CircuitCorrectness.HashTrace8.Round10 (3.7s)
Build completed successfully (1617 jobs).

{"module": "CircuitCorrectness.HashTrace2.Round27", "exit_code": 0, "seconds": 6.268431583000165, "maximum_child_rss_bytes": 2558984192, "user_seconds": 4.017476, "system_seconds": 2.617722, "log": "results/clean_build_modules/CircuitCorrectness.HashTrace2.Round27.log", "command": ["/Users/hanbunko/Downloads/zkCNN/VerImgCmp/circuit_correctness/.elan/toolchains/leanprover--lean4---v4.28.0/bin/lake", "--no-cache", "build", "+CircuitCorrectness.HashTrace2.Round27"]}
⚠ [1590/1634] Replayed CircuitCorrectness.Affine
warning: CircuitCorrectness/Affine.lean:52:33: This simp argument is unused:
  add_assoc

Hint: Omit it from the simp argument list.
  simp [ih, add_left_comm,̵ ̵a̵d̵d̵_̵a̵s̵s̵o̵c̵]

Note: This linter can be disabled with `set_option linter.unusedSimpArgs false`
⚠ [1598/1634] Replayed CircuitCorrectness.PoseidonProgram
warning: CircuitCorrectness/PoseidonProgram.lean:38:15: unused variable `one`

Note: This linter can be disabled with `set_option linter.unusedVariables false`
warning: CircuitCorrectness/PoseidonProgram.lean:137:14: This simp argument is unused:
  Function.comp_def

Hint: Omit it from the simp argument list.
  simp [hc,̵ ̵F̵u̵n̵c̵t̵i̵o̵n̵.̵c̵o̵m̵p̵_̵d̵e̵f̵]

Note: This linter can be disabled with `set_option linter.unusedSimpArgs false`
warning: CircuitCorrectness/PoseidonProgram.lean:194:68: This simp argument is unused:
  one_mul

Hint: Omit it from the simp argument list.
  simp only [Instruction.value, Affine.eval_constant, Nat.cast_one, o̵n̵e̵_̵m̵u̵l̵,̵
  ̵ ̵ ̵ ̵ ̵h1, mul_one, Affine.eval_nil,
  ̲  ̲ ̲ ̲add_zero] at ho

Note: This linter can be disabled with `set_option linter.unusedSimpArgs false`
⚠ [1605/1634] Replayed CircuitCorrectness.ConcreteProgram
warning: CircuitCorrectness/ConcreteProgram.lean:257:61: This simp argument is unused:
  one_mul

Hint: Omit it from the simp argument list.
  simp only [expandLC, ̲List.map_cons, ̲List.map_nil, ̲evalLC, ̲List.sum_cons, ̲List.sum_nil,
        one_expand, ̲neg_one_expand, ̲cast_neg_one, ̲Nat.cast_one, ̲h1,o̵n̵e̵_̵m̵u̵l̵,̵ ̲add_zero, ̲mul_one]

Note: This linter can be disabled with `set_option linter.unusedSimpArgs false`
✔ [1634/1634] Built CircuitCorrectness.HashTrace2.Round27 (4.4s)
Build completed successfully (1634 jobs).

{"module": "CircuitCorrectness.HashTrace8.Round11", "exit_code": 0, "seconds": 5.558272125000258, "maximum_child_rss_bytes": 2402287616, "user_seconds": 3.386861, "system_seconds": 2.565676, "log": "results/clean_build_modules/CircuitCorrectness.HashTrace8.Round11.log", "command": ["/Users/hanbunko/Downloads/zkCNN/VerImgCmp/circuit_correctness/.elan/toolchains/leanprover--lean4---v4.28.0/bin/lake", "--no-cache", "build", "+CircuitCorrectness.HashTrace8.Round11"]}
⚠ [1590/1618] Replayed CircuitCorrectness.Affine
warning: CircuitCorrectness/Affine.lean:52:33: This simp argument is unused:
  add_assoc

Hint: Omit it from the simp argument list.
  simp [ih, add_left_comm,̵ ̵a̵d̵d̵_̵a̵s̵s̵o̵c̵]

Note: This linter can be disabled with `set_option linter.unusedSimpArgs false`
⚠ [1598/1618] Replayed CircuitCorrectness.PoseidonProgram
warning: CircuitCorrectness/PoseidonProgram.lean:38:15: unused variable `one`

Note: This linter can be disabled with `set_option linter.unusedVariables false`
warning: CircuitCorrectness/PoseidonProgram.lean:137:14: This simp argument is unused:
  Function.comp_def

Hint: Omit it from the simp argument list.
  simp [hc,̵ ̵F̵u̵n̵c̵t̵i̵o̵n̵.̵c̵o̵m̵p̵_̵d̵e̵f̵]

Note: This linter can be disabled with `set_option linter.unusedSimpArgs false`
warning: CircuitCorrectness/PoseidonProgram.lean:194:68: This simp argument is unused:
  one_mul

Hint: Omit it from the simp argument list.
  simp only [Instruction.value, Affine.eval_constant, Nat.cast_one, o̵n̵e̵_̵m̵u̵l̵,̵
  ̵ ̵ ̵ ̵ ̵h1, mul_one, Affine.eval_nil,
  ̲  ̲ ̲ ̲add_zero] at ho

Note: This linter can be disabled with `set_option linter.unusedSimpArgs false`
⚠ [1605/1618] Replayed CircuitCorrectness.ConcreteProgram
warning: CircuitCorrectness/ConcreteProgram.lean:257:61: This simp argument is unused:
  one_mul

Hint: Omit it from the simp argument list.
  simp only [expandLC, ̲List.map_cons, ̲List.map_nil, ̲evalLC, ̲List.sum_cons, ̲List.sum_nil,
        one_expand, ̲neg_one_expand, ̲cast_neg_one, ̲Nat.cast_one, ̲h1,o̵n̵e̵_̵m̵u̵l̵,̵ ̲add_zero, ̲mul_one]

Note: This linter can be disabled with `set_option linter.unusedSimpArgs false`
✔ [1618/1618] Built CircuitCorrectness.HashTrace8.Round11 (3.7s)
Build completed successfully (1618 jobs).

{"module": "CircuitCorrectness.HashTrace2.Round28", "exit_code": 0, "seconds": 6.130147040999873, "maximum_child_rss_bytes": 2534129664, "user_seconds": 3.934158, "system_seconds": 2.612648, "log": "results/clean_build_modules/CircuitCorrectness.HashTrace2.Round28.log", "command": ["/Users/hanbunko/Downloads/zkCNN/VerImgCmp/circuit_correctness/.elan/toolchains/leanprover--lean4---v4.28.0/bin/lake", "--no-cache", "build", "+CircuitCorrectness.HashTrace2.Round28"]}
⚠ [1590/1635] Replayed CircuitCorrectness.Affine
warning: CircuitCorrectness/Affine.lean:52:33: This simp argument is unused:
  add_assoc

Hint: Omit it from the simp argument list.
  simp [ih, add_left_comm,̵ ̵a̵d̵d̵_̵a̵s̵s̵o̵c̵]

Note: This linter can be disabled with `set_option linter.unusedSimpArgs false`
⚠ [1598/1635] Replayed CircuitCorrectness.PoseidonProgram
warning: CircuitCorrectness/PoseidonProgram.lean:38:15: unused variable `one`

Note: This linter can be disabled with `set_option linter.unusedVariables false`
warning: CircuitCorrectness/PoseidonProgram.lean:137:14: This simp argument is unused:
  Function.comp_def

Hint: Omit it from the simp argument list.
  simp [hc,̵ ̵F̵u̵n̵c̵t̵i̵o̵n̵.̵c̵o̵m̵p̵_̵d̵e̵f̵]

Note: This linter can be disabled with `set_option linter.unusedSimpArgs false`
warning: CircuitCorrectness/PoseidonProgram.lean:194:68: This simp argument is unused:
  one_mul

Hint: Omit it from the simp argument list.
  simp only [Instruction.value, Affine.eval_constant, Nat.cast_one, o̵n̵e̵_̵m̵u̵l̵,̵
  ̵ ̵ ̵ ̵ ̵h1, mul_one, Affine.eval_nil,
  ̲  ̲ ̲ ̲add_zero] at ho

Note: This linter can be disabled with `set_option linter.unusedSimpArgs false`
⚠ [1605/1635] Replayed CircuitCorrectness.ConcreteProgram
warning: CircuitCorrectness/ConcreteProgram.lean:257:61: This simp argument is unused:
  one_mul

Hint: Omit it from the simp argument list.
  simp only [expandLC, ̲List.map_cons, ̲List.map_nil, ̲evalLC, ̲List.sum_cons, ̲List.sum_nil,
        one_expand, ̲neg_one_expand, ̲cast_neg_one, ̲Nat.cast_one, ̲h1,o̵n̵e̵_̵m̵u̵l̵,̵ ̲add_zero, ̲mul_one]

Note: This linter can be disabled with `set_option linter.unusedSimpArgs false`
✔ [1635/1635] Built CircuitCorrectness.HashTrace2.Round28 (4.3s)
Build completed successfully (1635 jobs).

{"module": "CircuitCorrectness.HashTrace8.Round12", "exit_code": 0, "seconds": 5.594872333999774, "maximum_child_rss_bytes": 2422259712, "user_seconds": 3.490282, "system_seconds": 2.563301, "log": "results/clean_build_modules/CircuitCorrectness.HashTrace8.Round12.log", "command": ["/Users/hanbunko/Downloads/zkCNN/VerImgCmp/circuit_correctness/.elan/toolchains/leanprover--lean4---v4.28.0/bin/lake", "--no-cache", "build", "+CircuitCorrectness.HashTrace8.Round12"]}
⚠ [1590/1619] Replayed CircuitCorrectness.Affine
warning: CircuitCorrectness/Affine.lean:52:33: This simp argument is unused:
  add_assoc

Hint: Omit it from the simp argument list.
  simp [ih, add_left_comm,̵ ̵a̵d̵d̵_̵a̵s̵s̵o̵c̵]

Note: This linter can be disabled with `set_option linter.unusedSimpArgs false`
⚠ [1598/1619] Replayed CircuitCorrectness.PoseidonProgram
warning: CircuitCorrectness/PoseidonProgram.lean:38:15: unused variable `one`

Note: This linter can be disabled with `set_option linter.unusedVariables false`
warning: CircuitCorrectness/PoseidonProgram.lean:137:14: This simp argument is unused:
  Function.comp_def

Hint: Omit it from the simp argument list.
  simp [hc,̵ ̵F̵u̵n̵c̵t̵i̵o̵n̵.̵c̵o̵m̵p̵_̵d̵e̵f̵]

Note: This linter can be disabled with `set_option linter.unusedSimpArgs false`
warning: CircuitCorrectness/PoseidonProgram.lean:194:68: This simp argument is unused:
  one_mul

Hint: Omit it from the simp argument list.
  simp only [Instruction.value, Affine.eval_constant, Nat.cast_one, o̵n̵e̵_̵m̵u̵l̵,̵
  ̵ ̵ ̵ ̵ ̵h1, mul_one, Affine.eval_nil,
  ̲  ̲ ̲ ̲add_zero] at ho

Note: This linter can be disabled with `set_option linter.unusedSimpArgs false`
⚠ [1605/1619] Replayed CircuitCorrectness.ConcreteProgram
warning: CircuitCorrectness/ConcreteProgram.lean:257:61: This simp argument is unused:
  one_mul

Hint: Omit it from the simp argument list.
  simp only [expandLC, ̲List.map_cons, ̲List.map_nil, ̲evalLC, ̲List.sum_cons, ̲List.sum_nil,
        one_expand, ̲neg_one_expand, ̲cast_neg_one, ̲Nat.cast_one, ̲h1,o̵n̵e̵_̵m̵u̵l̵,̵ ̲add_zero, ̲mul_one]

Note: This linter can be disabled with `set_option linter.unusedSimpArgs false`
✔ [1619/1619] Built CircuitCorrectness.HashTrace8.Round12 (3.8s)
Build completed successfully (1619 jobs).

{"module": "CircuitCorrectness.HashTrace8.Round13", "exit_code": 0, "seconds": 5.716753415999847, "maximum_child_rss_bytes": 2417999872, "user_seconds": 3.606287, "system_seconds": 2.66509, "log": "results/clean_build_modules/CircuitCorrectness.HashTrace8.Round13.log", "command": ["/Users/hanbunko/Downloads/zkCNN/VerImgCmp/circuit_correctness/.elan/toolchains/leanprover--lean4---v4.28.0/bin/lake", "--no-cache", "build", "+CircuitCorrectness.HashTrace8.Round13"]}
⚠ [1590/1620] Replayed CircuitCorrectness.Affine
warning: CircuitCorrectness/Affine.lean:52:33: This simp argument is unused:
  add_assoc

Hint: Omit it from the simp argument list.
  simp [ih, add_left_comm,̵ ̵a̵d̵d̵_̵a̵s̵s̵o̵c̵]

Note: This linter can be disabled with `set_option linter.unusedSimpArgs false`
⚠ [1598/1620] Replayed CircuitCorrectness.PoseidonProgram
warning: CircuitCorrectness/PoseidonProgram.lean:38:15: unused variable `one`

Note: This linter can be disabled with `set_option linter.unusedVariables false`
warning: CircuitCorrectness/PoseidonProgram.lean:137:14: This simp argument is unused:
  Function.comp_def

Hint: Omit it from the simp argument list.
  simp [hc,̵ ̵F̵u̵n̵c̵t̵i̵o̵n̵.̵c̵o̵m̵p̵_̵d̵e̵f̵]

Note: This linter can be disabled with `set_option linter.unusedSimpArgs false`
warning: CircuitCorrectness/PoseidonProgram.lean:194:68: This simp argument is unused:
  one_mul

Hint: Omit it from the simp argument list.
  simp only [Instruction.value, Affine.eval_constant, Nat.cast_one, o̵n̵e̵_̵m̵u̵l̵,̵
  ̵ ̵ ̵ ̵ ̵h1, mul_one, Affine.eval_nil,
  ̲  ̲ ̲ ̲add_zero] at ho

Note: This linter can be disabled with `set_option linter.unusedSimpArgs false`
⚠ [1605/1620] Replayed CircuitCorrectness.ConcreteProgram
warning: CircuitCorrectness/ConcreteProgram.lean:257:61: This simp argument is unused:
  one_mul

Hint: Omit it from the simp argument list.
  simp only [expandLC, ̲List.map_cons, ̲List.map_nil, ̲evalLC, ̲List.sum_cons, ̲List.sum_nil,
        one_expand, ̲neg_one_expand, ̲cast_neg_one, ̲Nat.cast_one, ̲h1,o̵n̵e̵_̵m̵u̵l̵,̵ ̲add_zero, ̲mul_one]

Note: This linter can be disabled with `set_option linter.unusedSimpArgs false`
✔ [1620/1620] Built CircuitCorrectness.HashTrace8.Round13 (3.9s)
Build completed successfully (1620 jobs).

{"module": "CircuitCorrectness.HashTrace2.Round29", "exit_code": 0, "seconds": 6.441466125000261, "maximum_child_rss_bytes": 2540634112, "user_seconds": 4.069935, "system_seconds": 2.698071, "log": "results/clean_build_modules/CircuitCorrectness.HashTrace2.Round29.log", "command": ["/Users/hanbunko/Downloads/zkCNN/VerImgCmp/circuit_correctness/.elan/toolchains/leanprover--lean4---v4.28.0/bin/lake", "--no-cache", "build", "+CircuitCorrectness.HashTrace2.Round29"]}
⚠ [1589/1600] Replayed CircuitCorrectness.Affine
warning: CircuitCorrectness/Affine.lean:52:33: This simp argument is unused:
  add_assoc

Hint: Omit it from the simp argument list.
  simp [ih, add_left_comm,̵ ̵a̵d̵d̵_̵a̵s̵s̵o̵c̵]

Note: This linter can be disabled with `set_option linter.unusedSimpArgs false`
⚠ [1597/1600] Replayed CircuitCorrectness.PoseidonProgram
warning: CircuitCorrectness/PoseidonProgram.lean:38:15: unused variable `one`

Note: This linter can be disabled with `set_option linter.unusedVariables false`
warning: CircuitCorrectness/PoseidonProgram.lean:137:14: This simp argument is unused:
  Function.comp_def

Hint: Omit it from the simp argument list.
  simp [hc,̵ ̵F̵u̵n̵c̵t̵i̵o̵n̵.̵c̵o̵m̵p̵_̵d̵e̵f̵]

Note: This linter can be disabled with `set_option linter.unusedSimpArgs false`
warning: CircuitCorrectness/PoseidonProgram.lean:194:68: This simp argument is unused:
  one_mul

Hint: Omit it from the simp argument list.
  simp only [Instruction.value, Affine.eval_constant, Nat.cast_one, o̵n̵e̵_̵m̵u̵l̵,̵
  ̵ ̵ ̵ ̵ ̵h1, mul_one, Affine.eval_nil,
  ̲  ̲ ̲ ̲add_zero] at ho

Note: This linter can be disabled with `set_option linter.unusedSimpArgs false`
⚠ [1605/1636] Replayed CircuitCorrectness.ConcreteProgram
warning: CircuitCorrectness/ConcreteProgram.lean:257:61: This simp argument is unused:
  one_mul

Hint: Omit it from the simp argument list.
  simp only [expandLC, ̲List.map_cons, ̲List.map_nil, ̲evalLC, ̲List.sum_cons, ̲List.sum_nil,
        one_expand, ̲neg_one_expand, ̲cast_neg_one, ̲Nat.cast_one, ̲h1,o̵n̵e̵_̵m̵u̵l̵,̵ ̲add_zero, ̲mul_one]

Note: This linter can be disabled with `set_option linter.unusedSimpArgs false`
✔ [1636/1636] Built CircuitCorrectness.HashTrace2.Round29 (4.5s)
Build completed successfully (1636 jobs).

{"module": "CircuitCorrectness.HashTrace8.Round14", "exit_code": 0, "seconds": 6.069807708000553, "maximum_child_rss_bytes": 2471772160, "user_seconds": 3.847679, "system_seconds": 2.671027, "log": "results/clean_build_modules/CircuitCorrectness.HashTrace8.Round14.log", "command": ["/Users/hanbunko/Downloads/zkCNN/VerImgCmp/circuit_correctness/.elan/toolchains/leanprover--lean4---v4.28.0/bin/lake", "--no-cache", "build", "+CircuitCorrectness.HashTrace8.Round14"]}
⚠ [1590/1621] Replayed CircuitCorrectness.Affine
warning: CircuitCorrectness/Affine.lean:52:33: This simp argument is unused:
  add_assoc

Hint: Omit it from the simp argument list.
  simp [ih, add_left_comm,̵ ̵a̵d̵d̵_̵a̵s̵s̵o̵c̵]

Note: This linter can be disabled with `set_option linter.unusedSimpArgs false`
⚠ [1598/1621] Replayed CircuitCorrectness.PoseidonProgram
warning: CircuitCorrectness/PoseidonProgram.lean:38:15: unused variable `one`

Note: This linter can be disabled with `set_option linter.unusedVariables false`
warning: CircuitCorrectness/PoseidonProgram.lean:137:14: This simp argument is unused:
  Function.comp_def

Hint: Omit it from the simp argument list.
  simp [hc,̵ ̵F̵u̵n̵c̵t̵i̵o̵n̵.̵c̵o̵m̵p̵_̵d̵e̵f̵]

Note: This linter can be disabled with `set_option linter.unusedSimpArgs false`
warning: CircuitCorrectness/PoseidonProgram.lean:194:68: This simp argument is unused:
  one_mul

Hint: Omit it from the simp argument list.
  simp only [Instruction.value, Affine.eval_constant, Nat.cast_one, o̵n̵e̵_̵m̵u̵l̵,̵
  ̵ ̵ ̵ ̵ ̵h1, mul_one, Affine.eval_nil,
  ̲  ̲ ̲ ̲add_zero] at ho

Note: This linter can be disabled with `set_option linter.unusedSimpArgs false`
⚠ [1605/1621] Replayed CircuitCorrectness.ConcreteProgram
warning: CircuitCorrectness/ConcreteProgram.lean:257:61: This simp argument is unused:
  one_mul

Hint: Omit it from the simp argument list.
  simp only [expandLC, ̲List.map_cons, ̲List.map_nil, ̲evalLC, ̲List.sum_cons, ̲List.sum_nil,
        one_expand, ̲neg_one_expand, ̲cast_neg_one, ̲Nat.cast_one, ̲h1,o̵n̵e̵_̵m̵u̵l̵,̵ ̲add_zero, ̲mul_one]

Note: This linter can be disabled with `set_option linter.unusedSimpArgs false`
✔ [1621/1621] Built CircuitCorrectness.HashTrace8.Round14 (4.1s)
Build completed successfully (1621 jobs).

{"module": "CircuitCorrectness.HashTrace2.Round30", "exit_code": 0, "seconds": 6.348738415999833, "maximum_child_rss_bytes": 2592489472, "user_seconds": 4.184475, "system_seconds": 2.536385, "log": "results/clean_build_modules/CircuitCorrectness.HashTrace2.Round30.log", "command": ["/Users/hanbunko/Downloads/zkCNN/VerImgCmp/circuit_correctness/.elan/toolchains/leanprover--lean4---v4.28.0/bin/lake", "--no-cache", "build", "+CircuitCorrectness.HashTrace2.Round30"]}
⚠ [1590/1637] Replayed CircuitCorrectness.Affine
warning: CircuitCorrectness/Affine.lean:52:33: This simp argument is unused:
  add_assoc

Hint: Omit it from the simp argument list.
  simp [ih, add_left_comm,̵ ̵a̵d̵d̵_̵a̵s̵s̵o̵c̵]

Note: This linter can be disabled with `set_option linter.unusedSimpArgs false`
⚠ [1598/1637] Replayed CircuitCorrectness.PoseidonProgram
warning: CircuitCorrectness/PoseidonProgram.lean:38:15: unused variable `one`

Note: This linter can be disabled with `set_option linter.unusedVariables false`
warning: CircuitCorrectness/PoseidonProgram.lean:137:14: This simp argument is unused:
  Function.comp_def

Hint: Omit it from the simp argument list.
  simp [hc,̵ ̵F̵u̵n̵c̵t̵i̵o̵n̵.̵c̵o̵m̵p̵_̵d̵e̵f̵]

Note: This linter can be disabled with `set_option linter.unusedSimpArgs false`
warning: CircuitCorrectness/PoseidonProgram.lean:194:68: This simp argument is unused:
  one_mul

Hint: Omit it from the simp argument list.
  simp only [Instruction.value, Affine.eval_constant, Nat.cast_one, o̵n̵e̵_̵m̵u̵l̵,̵
  ̵ ̵ ̵ ̵ ̵h1, mul_one, Affine.eval_nil,
  ̲  ̲ ̲ ̲add_zero] at ho

Note: This linter can be disabled with `set_option linter.unusedSimpArgs false`
⚠ [1605/1637] Replayed CircuitCorrectness.ConcreteProgram
warning: CircuitCorrectness/ConcreteProgram.lean:257:61: This simp argument is unused:
  one_mul

Hint: Omit it from the simp argument list.
  simp only [expandLC, ̲List.map_cons, ̲List.map_nil, ̲evalLC, ̲List.sum_cons, ̲List.sum_nil,
        one_expand, ̲neg_one_expand, ̲cast_neg_one, ̲Nat.cast_one, ̲h1,o̵n̵e̵_̵m̵u̵l̵,̵ ̲add_zero, ̲mul_one]

Note: This linter can be disabled with `set_option linter.unusedSimpArgs false`
✔ [1637/1637] Built CircuitCorrectness.HashTrace2.Round30 (4.5s)
Build completed successfully (1637 jobs).

{"module": "CircuitCorrectness.HashTrace8.Round15", "exit_code": 0, "seconds": 6.0263511249995645, "maximum_child_rss_bytes": 2430124032, "user_seconds": 3.673571, "system_seconds": 2.688163, "log": "results/clean_build_modules/CircuitCorrectness.HashTrace8.Round15.log", "command": ["/Users/hanbunko/Downloads/zkCNN/VerImgCmp/circuit_correctness/.elan/toolchains/leanprover--lean4---v4.28.0/bin/lake", "--no-cache", "build", "+CircuitCorrectness.HashTrace8.Round15"]}
⚠ [1589/1600] Replayed CircuitCorrectness.Affine
warning: CircuitCorrectness/Affine.lean:52:33: This simp argument is unused:
  add_assoc

Hint: Omit it from the simp argument list.
  simp [ih, add_left_comm,̵ ̵a̵d̵d̵_̵a̵s̵s̵o̵c̵]

Note: This linter can be disabled with `set_option linter.unusedSimpArgs false`
⚠ [1597/1600] Replayed CircuitCorrectness.PoseidonProgram
warning: CircuitCorrectness/PoseidonProgram.lean:38:15: unused variable `one`

Note: This linter can be disabled with `set_option linter.unusedVariables false`
warning: CircuitCorrectness/PoseidonProgram.lean:137:14: This simp argument is unused:
  Function.comp_def

Hint: Omit it from the simp argument list.
  simp [hc,̵ ̵F̵u̵n̵c̵t̵i̵o̵n̵.̵c̵o̵m̵p̵_̵d̵e̵f̵]

Note: This linter can be disabled with `set_option linter.unusedSimpArgs false`
warning: CircuitCorrectness/PoseidonProgram.lean:194:68: This simp argument is unused:
  one_mul

Hint: Omit it from the simp argument list.
  simp only [Instruction.value, Affine.eval_constant, Nat.cast_one, o̵n̵e̵_̵m̵u̵l̵,̵
  ̵ ̵ ̵ ̵ ̵h1, mul_one, Affine.eval_nil,
  ̲  ̲ ̲ ̲add_zero] at ho

Note: This linter can be disabled with `set_option linter.unusedSimpArgs false`
⚠ [1605/1622] Replayed CircuitCorrectness.ConcreteProgram
warning: CircuitCorrectness/ConcreteProgram.lean:257:61: This simp argument is unused:
  one_mul

Hint: Omit it from the simp argument list.
  simp only [expandLC, ̲List.map_cons, ̲List.map_nil, ̲evalLC, ̲List.sum_cons, ̲List.sum_nil,
        one_expand, ̲neg_one_expand, ̲cast_neg_one, ̲Nat.cast_one, ̲h1,o̵n̵e̵_̵m̵u̵l̵,̵ ̲add_zero, ̲mul_one]

Note: This linter can be disabled with `set_option linter.unusedSimpArgs false`
✔ [1622/1622] Built CircuitCorrectness.HashTrace8.Round15 (4.1s)
Build completed successfully (1622 jobs).

{"module": "CircuitCorrectness.HashTrace2.Round31", "exit_code": 0, "seconds": 6.462177333, "maximum_child_rss_bytes": 2576728064, "user_seconds": 4.24229, "system_seconds": 2.652382, "log": "results/clean_build_modules/CircuitCorrectness.HashTrace2.Round31.log", "command": ["/Users/hanbunko/Downloads/zkCNN/VerImgCmp/circuit_correctness/.elan/toolchains/leanprover--lean4---v4.28.0/bin/lake", "--no-cache", "build", "+CircuitCorrectness.HashTrace2.Round31"]}
⚠ [1590/1638] Replayed CircuitCorrectness.Affine
warning: CircuitCorrectness/Affine.lean:52:33: This simp argument is unused:
  add_assoc

Hint: Omit it from the simp argument list.
  simp [ih, add_left_comm,̵ ̵a̵d̵d̵_̵a̵s̵s̵o̵c̵]

Note: This linter can be disabled with `set_option linter.unusedSimpArgs false`
⚠ [1598/1638] Replayed CircuitCorrectness.PoseidonProgram
warning: CircuitCorrectness/PoseidonProgram.lean:38:15: unused variable `one`

Note: This linter can be disabled with `set_option linter.unusedVariables false`
warning: CircuitCorrectness/PoseidonProgram.lean:137:14: This simp argument is unused:
  Function.comp_def

Hint: Omit it from the simp argument list.
  simp [hc,̵ ̵F̵u̵n̵c̵t̵i̵o̵n̵.̵c̵o̵m̵p̵_̵d̵e̵f̵]

Note: This linter can be disabled with `set_option linter.unusedSimpArgs false`
warning: CircuitCorrectness/PoseidonProgram.lean:194:68: This simp argument is unused:
  one_mul

Hint: Omit it from the simp argument list.
  simp only [Instruction.value, Affine.eval_constant, Nat.cast_one, o̵n̵e̵_̵m̵u̵l̵,̵
  ̵ ̵ ̵ ̵ ̵h1, mul_one, Affine.eval_nil,
  ̲  ̲ ̲ ̲add_zero] at ho

Note: This linter can be disabled with `set_option linter.unusedSimpArgs false`
⚠ [1605/1638] Replayed CircuitCorrectness.ConcreteProgram
warning: CircuitCorrectness/ConcreteProgram.lean:257:61: This simp argument is unused:
  one_mul

Hint: Omit it from the simp argument list.
  simp only [expandLC, ̲List.map_cons, ̲List.map_nil, ̲evalLC, ̲List.sum_cons, ̲List.sum_nil,
        one_expand, ̲neg_one_expand, ̲cast_neg_one, ̲Nat.cast_one, ̲h1,o̵n̵e̵_̵m̵u̵l̵,̵ ̲add_zero, ̲mul_one]

Note: This linter can be disabled with `set_option linter.unusedSimpArgs false`
✔ [1638/1638] Built CircuitCorrectness.HashTrace2.Round31 (4.6s)
Build completed successfully (1638 jobs).

{"module": "CircuitCorrectness.HashTrace8.Round16", "exit_code": 0, "seconds": 6.350196667000091, "maximum_child_rss_bytes": 2536210432, "user_seconds": 4.144859, "system_seconds": 2.646928, "log": "results/clean_build_modules/CircuitCorrectness.HashTrace8.Round16.log", "command": ["/Users/hanbunko/Downloads/zkCNN/VerImgCmp/circuit_correctness/.elan/toolchains/leanprover--lean4---v4.28.0/bin/lake", "--no-cache", "build", "+CircuitCorrectness.HashTrace8.Round16"]}
⚠ [1589/1600] Replayed CircuitCorrectness.Affine
warning: CircuitCorrectness/Affine.lean:52:33: This simp argument is unused:
  add_assoc

Hint: Omit it from the simp argument list.
  simp [ih, add_left_comm,̵ ̵a̵d̵d̵_̵a̵s̵s̵o̵c̵]

Note: This linter can be disabled with `set_option linter.unusedSimpArgs false`
⚠ [1597/1600] Replayed CircuitCorrectness.PoseidonProgram
warning: CircuitCorrectness/PoseidonProgram.lean:38:15: unused variable `one`

Note: This linter can be disabled with `set_option linter.unusedVariables false`
warning: CircuitCorrectness/PoseidonProgram.lean:137:14: This simp argument is unused:
  Function.comp_def

Hint: Omit it from the simp argument list.
  simp [hc,̵ ̵F̵u̵n̵c̵t̵i̵o̵n̵.̵c̵o̵m̵p̵_̵d̵e̵f̵]

Note: This linter can be disabled with `set_option linter.unusedSimpArgs false`
warning: CircuitCorrectness/PoseidonProgram.lean:194:68: This simp argument is unused:
  one_mul

Hint: Omit it from the simp argument list.
  simp only [Instruction.value, Affine.eval_constant, Nat.cast_one, o̵n̵e̵_̵m̵u̵l̵,̵
  ̵ ̵ ̵ ̵ ̵h1, mul_one, Affine.eval_nil,
  ̲  ̲ ̲ ̲add_zero] at ho

Note: This linter can be disabled with `set_option linter.unusedSimpArgs false`
⚠ [1605/1623] Replayed CircuitCorrectness.ConcreteProgram
warning: CircuitCorrectness/ConcreteProgram.lean:257:61: This simp argument is unused:
  one_mul

Hint: Omit it from the simp argument list.
  simp only [expandLC, ̲List.map_cons, ̲List.map_nil, ̲evalLC, ̲List.sum_cons, ̲List.sum_nil,
        one_expand, ̲neg_one_expand, ̲cast_neg_one, ̲Nat.cast_one, ̲h1,o̵n̵e̵_̵m̵u̵l̵,̵ ̲add_zero, ̲mul_one]

Note: This linter can be disabled with `set_option linter.unusedSimpArgs false`
✔ [1623/1623] Built CircuitCorrectness.HashTrace8.Round16 (4.5s)
Build completed successfully (1623 jobs).

{"module": "CircuitCorrectness.HashTrace2.Round32", "exit_code": 0, "seconds": 6.457335541000248, "maximum_child_rss_bytes": 2629173248, "user_seconds": 4.325586, "system_seconds": 2.630014, "log": "results/clean_build_modules/CircuitCorrectness.HashTrace2.Round32.log", "command": ["/Users/hanbunko/Downloads/zkCNN/VerImgCmp/circuit_correctness/.elan/toolchains/leanprover--lean4---v4.28.0/bin/lake", "--no-cache", "build", "+CircuitCorrectness.HashTrace2.Round32"]}
⚠ [1590/1639] Replayed CircuitCorrectness.Affine
warning: CircuitCorrectness/Affine.lean:52:33: This simp argument is unused:
  add_assoc

Hint: Omit it from the simp argument list.
  simp [ih, add_left_comm,̵ ̵a̵d̵d̵_̵a̵s̵s̵o̵c̵]

Note: This linter can be disabled with `set_option linter.unusedSimpArgs false`
⚠ [1598/1639] Replayed CircuitCorrectness.PoseidonProgram
warning: CircuitCorrectness/PoseidonProgram.lean:38:15: unused variable `one`

Note: This linter can be disabled with `set_option linter.unusedVariables false`
warning: CircuitCorrectness/PoseidonProgram.lean:137:14: This simp argument is unused:
  Function.comp_def

Hint: Omit it from the simp argument list.
  simp [hc,̵ ̵F̵u̵n̵c̵t̵i̵o̵n̵.̵c̵o̵m̵p̵_̵d̵e̵f̵]

Note: This linter can be disabled with `set_option linter.unusedSimpArgs false`
warning: CircuitCorrectness/PoseidonProgram.lean:194:68: This simp argument is unused:
  one_mul

Hint: Omit it from the simp argument list.
  simp only [Instruction.value, Affine.eval_constant, Nat.cast_one, o̵n̵e̵_̵m̵u̵l̵,̵
  ̵ ̵ ̵ ̵ ̵h1, mul_one, Affine.eval_nil,
  ̲  ̲ ̲ ̲add_zero] at ho

Note: This linter can be disabled with `set_option linter.unusedSimpArgs false`
⚠ [1605/1639] Replayed CircuitCorrectness.ConcreteProgram
warning: CircuitCorrectness/ConcreteProgram.lean:257:61: This simp argument is unused:
  one_mul

Hint: Omit it from the simp argument list.
  simp only [expandLC, ̲List.map_cons, ̲List.map_nil, ̲evalLC, ̲List.sum_cons, ̲List.sum_nil,
        one_expand, ̲neg_one_expand, ̲cast_neg_one, ̲Nat.cast_one, ̲h1,o̵n̵e̵_̵m̵u̵l̵,̵ ̲add_zero, ̲mul_one]

Note: This linter can be disabled with `set_option linter.unusedSimpArgs false`
✔ [1639/1639] Built CircuitCorrectness.HashTrace2.Round32 (4.6s)
Build completed successfully (1639 jobs).

{"module": "CircuitCorrectness.HashTrace8.Round17", "exit_code": 0, "seconds": 6.273405791000187, "maximum_child_rss_bytes": 2508783616, "user_seconds": 4.050793, "system_seconds": 2.632461, "log": "results/clean_build_modules/CircuitCorrectness.HashTrace8.Round17.log", "command": ["/Users/hanbunko/Downloads/zkCNN/VerImgCmp/circuit_correctness/.elan/toolchains/leanprover--lean4---v4.28.0/bin/lake", "--no-cache", "build", "+CircuitCorrectness.HashTrace8.Round17"]}
⚠ [1589/1593] Replayed CircuitCorrectness.Affine
warning: CircuitCorrectness/Affine.lean:52:33: This simp argument is unused:
  add_assoc

Hint: Omit it from the simp argument list.
  simp [ih, add_left_comm,̵ ̵a̵d̵d̵_̵a̵s̵s̵o̵c̵]

Note: This linter can be disabled with `set_option linter.unusedSimpArgs false`
⚠ [1598/1624] Replayed CircuitCorrectness.PoseidonProgram
warning: CircuitCorrectness/PoseidonProgram.lean:38:15: unused variable `one`

Note: This linter can be disabled with `set_option linter.unusedVariables false`
warning: CircuitCorrectness/PoseidonProgram.lean:137:14: This simp argument is unused:
  Function.comp_def

Hint: Omit it from the simp argument list.
  simp [hc,̵ ̵F̵u̵n̵c̵t̵i̵o̵n̵.̵c̵o̵m̵p̵_̵d̵e̵f̵]

Note: This linter can be disabled with `set_option linter.unusedSimpArgs false`
warning: CircuitCorrectness/PoseidonProgram.lean:194:68: This simp argument is unused:
  one_mul

Hint: Omit it from the simp argument list.
  simp only [Instruction.value, Affine.eval_constant, Nat.cast_one, o̵n̵e̵_̵m̵u̵l̵,̵
  ̵ ̵ ̵ ̵ ̵h1, mul_one, Affine.eval_nil,
  ̲  ̲ ̲ ̲add_zero] at ho

Note: This linter can be disabled with `set_option linter.unusedSimpArgs false`
⚠ [1605/1624] Replayed CircuitCorrectness.ConcreteProgram
warning: CircuitCorrectness/ConcreteProgram.lean:257:61: This simp argument is unused:
  one_mul

Hint: Omit it from the simp argument list.
  simp only [expandLC, ̲List.map_cons, ̲List.map_nil, ̲evalLC, ̲List.sum_cons, ̲List.sum_nil,
        one_expand, ̲neg_one_expand, ̲cast_neg_one, ̲Nat.cast_one, ̲h1,o̵n̵e̵_̵m̵u̵l̵,̵ ̲add_zero, ̲mul_one]

Note: This linter can be disabled with `set_option linter.unusedSimpArgs false`
✔ [1624/1624] Built CircuitCorrectness.HashTrace8.Round17 (4.4s)
Build completed successfully (1624 jobs).

{"module": "CircuitCorrectness.HashTrace2.Round33", "exit_code": 0, "seconds": 6.551980833000016, "maximum_child_rss_bytes": 2650882048, "user_seconds": 4.437736, "system_seconds": 2.605346, "log": "results/clean_build_modules/CircuitCorrectness.HashTrace2.Round33.log", "command": ["/Users/hanbunko/Downloads/zkCNN/VerImgCmp/circuit_correctness/.elan/toolchains/leanprover--lean4---v4.28.0/bin/lake", "--no-cache", "build", "+CircuitCorrectness.HashTrace2.Round33"]}
⚠ [1590/1640] Replayed CircuitCorrectness.Affine
warning: CircuitCorrectness/Affine.lean:52:33: This simp argument is unused:
  add_assoc

Hint: Omit it from the simp argument list.
  simp [ih, add_left_comm,̵ ̵a̵d̵d̵_̵a̵s̵s̵o̵c̵]

Note: This linter can be disabled with `set_option linter.unusedSimpArgs false`
⚠ [1598/1640] Replayed CircuitCorrectness.PoseidonProgram
warning: CircuitCorrectness/PoseidonProgram.lean:38:15: unused variable `one`

Note: This linter can be disabled with `set_option linter.unusedVariables false`
warning: CircuitCorrectness/PoseidonProgram.lean:137:14: This simp argument is unused:
  Function.comp_def

Hint: Omit it from the simp argument list.
  simp [hc,̵ ̵F̵u̵n̵c̵t̵i̵o̵n̵.̵c̵o̵m̵p̵_̵d̵e̵f̵]

Note: This linter can be disabled with `set_option linter.unusedSimpArgs false`
warning: CircuitCorrectness/PoseidonProgram.lean:194:68: This simp argument is unused:
  one_mul

Hint: Omit it from the simp argument list.
  simp only [Instruction.value, Affine.eval_constant, Nat.cast_one, o̵n̵e̵_̵m̵u̵l̵,̵
  ̵ ̵ ̵ ̵ ̵h1, mul_one, Affine.eval_nil,
  ̲  ̲ ̲ ̲add_zero] at ho

Note: This linter can be disabled with `set_option linter.unusedSimpArgs false`
⚠ [1605/1640] Replayed CircuitCorrectness.ConcreteProgram
warning: CircuitCorrectness/ConcreteProgram.lean:257:61: This simp argument is unused:
  one_mul

Hint: Omit it from the simp argument list.
  simp only [expandLC, ̲List.map_cons, ̲List.map_nil, ̲evalLC, ̲List.sum_cons, ̲List.sum_nil,
        one_expand, ̲neg_one_expand, ̲cast_neg_one, ̲Nat.cast_one, ̲h1,o̵n̵e̵_̵m̵u̵l̵,̵ ̲add_zero, ̲mul_one]

Note: This linter can be disabled with `set_option linter.unusedSimpArgs false`
✔ [1640/1640] Built CircuitCorrectness.HashTrace2.Round33 (4.7s)
Build completed successfully (1640 jobs).

{"module": "CircuitCorrectness.HashTrace8.Round18", "exit_code": 0, "seconds": 6.498194792000504, "maximum_child_rss_bytes": 2528329728, "user_seconds": 4.250317, "system_seconds": 2.628515, "log": "results/clean_build_modules/CircuitCorrectness.HashTrace8.Round18.log", "command": ["/Users/hanbunko/Downloads/zkCNN/VerImgCmp/circuit_correctness/.elan/toolchains/leanprover--lean4---v4.28.0/bin/lake", "--no-cache", "build", "+CircuitCorrectness.HashTrace8.Round18"]}
⚠ [1590/1625] Replayed CircuitCorrectness.Affine
warning: CircuitCorrectness/Affine.lean:52:33: This simp argument is unused:
  add_assoc

Hint: Omit it from the simp argument list.
  simp [ih, add_left_comm,̵ ̵a̵d̵d̵_̵a̵s̵s̵o̵c̵]

Note: This linter can be disabled with `set_option linter.unusedSimpArgs false`
⚠ [1598/1625] Replayed CircuitCorrectness.PoseidonProgram
warning: CircuitCorrectness/PoseidonProgram.lean:38:15: unused variable `one`

Note: This linter can be disabled with `set_option linter.unusedVariables false`
warning: CircuitCorrectness/PoseidonProgram.lean:137:14: This simp argument is unused:
  Function.comp_def

Hint: Omit it from the simp argument list.
  simp [hc,̵ ̵F̵u̵n̵c̵t̵i̵o̵n̵.̵c̵o̵m̵p̵_̵d̵e̵f̵]

Note: This linter can be disabled with `set_option linter.unusedSimpArgs false`
warning: CircuitCorrectness/PoseidonProgram.lean:194:68: This simp argument is unused:
  one_mul

Hint: Omit it from the simp argument list.
  simp only [Instruction.value, Affine.eval_constant, Nat.cast_one, o̵n̵e̵_̵m̵u̵l̵,̵
  ̵ ̵ ̵ ̵ ̵h1, mul_one, Affine.eval_nil,
  ̲  ̲ ̲ ̲add_zero] at ho

Note: This linter can be disabled with `set_option linter.unusedSimpArgs false`
⚠ [1605/1625] Replayed CircuitCorrectness.ConcreteProgram
warning: CircuitCorrectness/ConcreteProgram.lean:257:61: This simp argument is unused:
  one_mul

Hint: Omit it from the simp argument list.
  simp only [expandLC, ̲List.map_cons, ̲List.map_nil, ̲evalLC, ̲List.sum_cons, ̲List.sum_nil,
        one_expand, ̲neg_one_expand, ̲cast_neg_one, ̲Nat.cast_one, ̲h1,o̵n̵e̵_̵m̵u̵l̵,̵ ̲add_zero, ̲mul_one]

Note: This linter can be disabled with `set_option linter.unusedSimpArgs false`
✔ [1625/1625] Built CircuitCorrectness.HashTrace8.Round18 (4.6s)
Build completed successfully (1625 jobs).

{"module": "CircuitCorrectness.HashTrace2.Round34", "exit_code": 0, "seconds": 6.807499290999658, "maximum_child_rss_bytes": 2678734848, "user_seconds": 4.590395, "system_seconds": 2.602532, "log": "results/clean_build_modules/CircuitCorrectness.HashTrace2.Round34.log", "command": ["/Users/hanbunko/Downloads/zkCNN/VerImgCmp/circuit_correctness/.elan/toolchains/leanprover--lean4---v4.28.0/bin/lake", "--no-cache", "build", "+CircuitCorrectness.HashTrace2.Round34"]}
⚠ [1590/1641] Replayed CircuitCorrectness.Affine
warning: CircuitCorrectness/Affine.lean:52:33: This simp argument is unused:
  add_assoc

Hint: Omit it from the simp argument list.
  simp [ih, add_left_comm,̵ ̵a̵d̵d̵_̵a̵s̵s̵o̵c̵]

Note: This linter can be disabled with `set_option linter.unusedSimpArgs false`
⚠ [1598/1641] Replayed CircuitCorrectness.PoseidonProgram
warning: CircuitCorrectness/PoseidonProgram.lean:38:15: unused variable `one`

Note: This linter can be disabled with `set_option linter.unusedVariables false`
warning: CircuitCorrectness/PoseidonProgram.lean:137:14: This simp argument is unused:
  Function.comp_def

Hint: Omit it from the simp argument list.
  simp [hc,̵ ̵F̵u̵n̵c̵t̵i̵o̵n̵.̵c̵o̵m̵p̵_̵d̵e̵f̵]

Note: This linter can be disabled with `set_option linter.unusedSimpArgs false`
warning: CircuitCorrectness/PoseidonProgram.lean:194:68: This simp argument is unused:
  one_mul

Hint: Omit it from the simp argument list.
  simp only [Instruction.value, Affine.eval_constant, Nat.cast_one, o̵n̵e̵_̵m̵u̵l̵,̵
  ̵ ̵ ̵ ̵ ̵h1, mul_one, Affine.eval_nil,
  ̲  ̲ ̲ ̲add_zero] at ho

Note: This linter can be disabled with `set_option linter.unusedSimpArgs false`
⚠ [1605/1641] Replayed CircuitCorrectness.ConcreteProgram
warning: CircuitCorrectness/ConcreteProgram.lean:257:61: This simp argument is unused:
  one_mul

Hint: Omit it from the simp argument list.
  simp only [expandLC, ̲List.map_cons, ̲List.map_nil, ̲evalLC, ̲List.sum_cons, ̲List.sum_nil,
        one_expand, ̲neg_one_expand, ̲cast_neg_one, ̲Nat.cast_one, ̲h1,o̵n̵e̵_̵m̵u̵l̵,̵ ̲add_zero, ̲mul_one]

Note: This linter can be disabled with `set_option linter.unusedSimpArgs false`
✔ [1641/1641] Built CircuitCorrectness.HashTrace2.Round34 (4.9s)
Build completed successfully (1641 jobs).

{"module": "CircuitCorrectness.HashTrace8.Round19", "exit_code": 0, "seconds": 6.480819542000063, "maximum_child_rss_bytes": 2531213312, "user_seconds": 4.25934, "system_seconds": 2.581794, "log": "results/clean_build_modules/CircuitCorrectness.HashTrace8.Round19.log", "command": ["/Users/hanbunko/Downloads/zkCNN/VerImgCmp/circuit_correctness/.elan/toolchains/leanprover--lean4---v4.28.0/bin/lake", "--no-cache", "build", "+CircuitCorrectness.HashTrace8.Round19"]}
⚠ [1590/1626] Replayed CircuitCorrectness.Affine
warning: CircuitCorrectness/Affine.lean:52:33: This simp argument is unused:
  add_assoc

Hint: Omit it from the simp argument list.
  simp [ih, add_left_comm,̵ ̵a̵d̵d̵_̵a̵s̵s̵o̵c̵]

Note: This linter can be disabled with `set_option linter.unusedSimpArgs false`
⚠ [1598/1626] Replayed CircuitCorrectness.PoseidonProgram
warning: CircuitCorrectness/PoseidonProgram.lean:38:15: unused variable `one`

Note: This linter can be disabled with `set_option linter.unusedVariables false`
warning: CircuitCorrectness/PoseidonProgram.lean:137:14: This simp argument is unused:
  Function.comp_def

Hint: Omit it from the simp argument list.
  simp [hc,̵ ̵F̵u̵n̵c̵t̵i̵o̵n̵.̵c̵o̵m̵p̵_̵d̵e̵f̵]

Note: This linter can be disabled with `set_option linter.unusedSimpArgs false`
warning: CircuitCorrectness/PoseidonProgram.lean:194:68: This simp argument is unused:
  one_mul

Hint: Omit it from the simp argument list.
  simp only [Instruction.value, Affine.eval_constant, Nat.cast_one, o̵n̵e̵_̵m̵u̵l̵,̵
  ̵ ̵ ̵ ̵ ̵h1, mul_one, Affine.eval_nil,
  ̲  ̲ ̲ ̲add_zero] at ho

Note: This linter can be disabled with `set_option linter.unusedSimpArgs false`
⚠ [1605/1626] Replayed CircuitCorrectness.ConcreteProgram
warning: CircuitCorrectness/ConcreteProgram.lean:257:61: This simp argument is unused:
  one_mul

Hint: Omit it from the simp argument list.
  simp only [expandLC, ̲List.map_cons, ̲List.map_nil, ̲evalLC, ̲List.sum_cons, ̲List.sum_nil,
        one_expand, ̲neg_one_expand, ̲cast_neg_one, ̲Nat.cast_one, ̲h1,o̵n̵e̵_̵m̵u̵l̵,̵ ̲add_zero, ̲mul_one]

Note: This linter can be disabled with `set_option linter.unusedSimpArgs false`
✔ [1626/1626] Built CircuitCorrectness.HashTrace8.Round19 (4.5s)
Build completed successfully (1626 jobs).

{"module": "CircuitCorrectness.HashTrace2.Round35", "exit_code": 0, "seconds": 6.761821250000139, "maximum_child_rss_bytes": 2683420672, "user_seconds": 4.619515, "system_seconds": 2.585711, "log": "results/clean_build_modules/CircuitCorrectness.HashTrace2.Round35.log", "command": ["/Users/hanbunko/Downloads/zkCNN/VerImgCmp/circuit_correctness/.elan/toolchains/leanprover--lean4---v4.28.0/bin/lake", "--no-cache", "build", "+CircuitCorrectness.HashTrace2.Round35"]}
⚠ [1590/1642] Replayed CircuitCorrectness.Affine
warning: CircuitCorrectness/Affine.lean:52:33: This simp argument is unused:
  add_assoc

Hint: Omit it from the simp argument list.
  simp [ih, add_left_comm,̵ ̵a̵d̵d̵_̵a̵s̵s̵o̵c̵]

Note: This linter can be disabled with `set_option linter.unusedSimpArgs false`
⚠ [1598/1642] Replayed CircuitCorrectness.PoseidonProgram
warning: CircuitCorrectness/PoseidonProgram.lean:38:15: unused variable `one`

Note: This linter can be disabled with `set_option linter.unusedVariables false`
warning: CircuitCorrectness/PoseidonProgram.lean:137:14: This simp argument is unused:
  Function.comp_def

Hint: Omit it from the simp argument list.
  simp [hc,̵ ̵F̵u̵n̵c̵t̵i̵o̵n̵.̵c̵o̵m̵p̵_̵d̵e̵f̵]

Note: This linter can be disabled with `set_option linter.unusedSimpArgs false`
warning: CircuitCorrectness/PoseidonProgram.lean:194:68: This simp argument is unused:
  one_mul

Hint: Omit it from the simp argument list.
  simp only [Instruction.value, Affine.eval_constant, Nat.cast_one, o̵n̵e̵_̵m̵u̵l̵,̵
  ̵ ̵ ̵ ̵ ̵h1, mul_one, Affine.eval_nil,
  ̲  ̲ ̲ ̲add_zero] at ho

Note: This linter can be disabled with `set_option linter.unusedSimpArgs false`
⚠ [1605/1642] Replayed CircuitCorrectness.ConcreteProgram
warning: CircuitCorrectness/ConcreteProgram.lean:257:61: This simp argument is unused:
  one_mul

Hint: Omit it from the simp argument list.
  simp only [expandLC, ̲List.map_cons, ̲List.map_nil, ̲evalLC, ̲List.sum_cons, ̲List.sum_nil,
        one_expand, ̲neg_one_expand, ̲cast_neg_one, ̲Nat.cast_one, ̲h1,o̵n̵e̵_̵m̵u̵l̵,̵ ̲add_zero, ̲mul_one]

Note: This linter can be disabled with `set_option linter.unusedSimpArgs false`
✔ [1642/1642] Built CircuitCorrectness.HashTrace2.Round35 (4.9s)
Build completed successfully (1642 jobs).

{"module": "CircuitCorrectness.HashTrace8.Round20", "exit_code": 0, "seconds": 6.61994841700016, "maximum_child_rss_bytes": 2563833856, "user_seconds": 4.419412, "system_seconds": 2.629743, "log": "results/clean_build_modules/CircuitCorrectness.HashTrace8.Round20.log", "command": ["/Users/hanbunko/Downloads/zkCNN/VerImgCmp/circuit_correctness/.elan/toolchains/leanprover--lean4---v4.28.0/bin/lake", "--no-cache", "build", "+CircuitCorrectness.HashTrace8.Round20"]}
⚠ [1590/1627] Replayed CircuitCorrectness.Affine
warning: CircuitCorrectness/Affine.lean:52:33: This simp argument is unused:
  add_assoc

Hint: Omit it from the simp argument list.
  simp [ih, add_left_comm,̵ ̵a̵d̵d̵_̵a̵s̵s̵o̵c̵]

Note: This linter can be disabled with `set_option linter.unusedSimpArgs false`
⚠ [1598/1627] Replayed CircuitCorrectness.PoseidonProgram
warning: CircuitCorrectness/PoseidonProgram.lean:38:15: unused variable `one`

Note: This linter can be disabled with `set_option linter.unusedVariables false`
warning: CircuitCorrectness/PoseidonProgram.lean:137:14: This simp argument is unused:
  Function.comp_def

Hint: Omit it from the simp argument list.
  simp [hc,̵ ̵F̵u̵n̵c̵t̵i̵o̵n̵.̵c̵o̵m̵p̵_̵d̵e̵f̵]

Note: This linter can be disabled with `set_option linter.unusedSimpArgs false`
warning: CircuitCorrectness/PoseidonProgram.lean:194:68: This simp argument is unused:
  one_mul

Hint: Omit it from the simp argument list.
  simp only [Instruction.value, Affine.eval_constant, Nat.cast_one, o̵n̵e̵_̵m̵u̵l̵,̵
  ̵ ̵ ̵ ̵ ̵h1, mul_one, Affine.eval_nil,
  ̲  ̲ ̲ ̲add_zero] at ho

Note: This linter can be disabled with `set_option linter.unusedSimpArgs false`
⚠ [1605/1627] Replayed CircuitCorrectness.ConcreteProgram
warning: CircuitCorrectness/ConcreteProgram.lean:257:61: This simp argument is unused:
  one_mul

Hint: Omit it from the simp argument list.
  simp only [expandLC, ̲List.map_cons, ̲List.map_nil, ̲evalLC, ̲List.sum_cons, ̲List.sum_nil,
        one_expand, ̲neg_one_expand, ̲cast_neg_one, ̲Nat.cast_one, ̲h1,o̵n̵e̵_̵m̵u̵l̵,̵ ̲add_zero, ̲mul_one]

Note: This linter can be disabled with `set_option linter.unusedSimpArgs false`
✔ [1627/1627] Built CircuitCorrectness.HashTrace8.Round20 (4.7s)
Build completed successfully (1627 jobs).

{"module": "CircuitCorrectness.HashTrace2.Round36", "exit_code": 0, "seconds": 6.941515041999992, "maximum_child_rss_bytes": 2691923968, "user_seconds": 4.664347, "system_seconds": 2.7372199999999998, "log": "results/clean_build_modules/CircuitCorrectness.HashTrace2.Round36.log", "command": ["/Users/hanbunko/Downloads/zkCNN/VerImgCmp/circuit_correctness/.elan/toolchains/leanprover--lean4---v4.28.0/bin/lake", "--no-cache", "build", "+CircuitCorrectness.HashTrace2.Round36"]}
⚠ [1590/1643] Replayed CircuitCorrectness.Affine
warning: CircuitCorrectness/Affine.lean:52:33: This simp argument is unused:
  add_assoc

Hint: Omit it from the simp argument list.
  simp [ih, add_left_comm,̵ ̵a̵d̵d̵_̵a̵s̵s̵o̵c̵]

Note: This linter can be disabled with `set_option linter.unusedSimpArgs false`
⚠ [1598/1643] Replayed CircuitCorrectness.PoseidonProgram
warning: CircuitCorrectness/PoseidonProgram.lean:38:15: unused variable `one`

Note: This linter can be disabled with `set_option linter.unusedVariables false`
warning: CircuitCorrectness/PoseidonProgram.lean:137:14: This simp argument is unused:
  Function.comp_def

Hint: Omit it from the simp argument list.
  simp [hc,̵ ̵F̵u̵n̵c̵t̵i̵o̵n̵.̵c̵o̵m̵p̵_̵d̵e̵f̵]

Note: This linter can be disabled with `set_option linter.unusedSimpArgs false`
warning: CircuitCorrectness/PoseidonProgram.lean:194:68: This simp argument is unused:
  one_mul

Hint: Omit it from the simp argument list.
  simp only [Instruction.value, Affine.eval_constant, Nat.cast_one, o̵n̵e̵_̵m̵u̵l̵,̵
  ̵ ̵ ̵ ̵ ̵h1, mul_one, Affine.eval_nil,
  ̲  ̲ ̲ ̲add_zero] at ho

Note: This linter can be disabled with `set_option linter.unusedSimpArgs false`
⚠ [1605/1643] Replayed CircuitCorrectness.ConcreteProgram
warning: CircuitCorrectness/ConcreteProgram.lean:257:61: This simp argument is unused:
  one_mul

Hint: Omit it from the simp argument list.
  simp only [expandLC, ̲List.map_cons, ̲List.map_nil, ̲evalLC, ̲List.sum_cons, ̲List.sum_nil,
        one_expand, ̲neg_one_expand, ̲cast_neg_one, ̲Nat.cast_one, ̲h1,o̵n̵e̵_̵m̵u̵l̵,̵ ̲add_zero, ̲mul_one]

Note: This linter can be disabled with `set_option linter.unusedSimpArgs false`
✔ [1643/1643] Built CircuitCorrectness.HashTrace2.Round36 (5.0s)
Build completed successfully (1643 jobs).

{"module": "CircuitCorrectness.HashTrace8.Round21", "exit_code": 0, "seconds": 6.618106708000596, "maximum_child_rss_bytes": 2548072448, "user_seconds": 4.35076, "system_seconds": 2.696274, "log": "results/clean_build_modules/CircuitCorrectness.HashTrace8.Round21.log", "command": ["/Users/hanbunko/Downloads/zkCNN/VerImgCmp/circuit_correctness/.elan/toolchains/leanprover--lean4---v4.28.0/bin/lake", "--no-cache", "build", "+CircuitCorrectness.HashTrace8.Round21"]}
⚠ [1590/1628] Replayed CircuitCorrectness.Affine
warning: CircuitCorrectness/Affine.lean:52:33: This simp argument is unused:
  add_assoc

Hint: Omit it from the simp argument list.
  simp [ih, add_left_comm,̵ ̵a̵d̵d̵_̵a̵s̵s̵o̵c̵]

Note: This linter can be disabled with `set_option linter.unusedSimpArgs false`
⚠ [1598/1628] Replayed CircuitCorrectness.PoseidonProgram
warning: CircuitCorrectness/PoseidonProgram.lean:38:15: unused variable `one`

Note: This linter can be disabled with `set_option linter.unusedVariables false`
warning: CircuitCorrectness/PoseidonProgram.lean:137:14: This simp argument is unused:
  Function.comp_def

Hint: Omit it from the simp argument list.
  simp [hc,̵ ̵F̵u̵n̵c̵t̵i̵o̵n̵.̵c̵o̵m̵p̵_̵d̵e̵f̵]

Note: This linter can be disabled with `set_option linter.unusedSimpArgs false`
warning: CircuitCorrectness/PoseidonProgram.lean:194:68: This simp argument is unused:
  one_mul

Hint: Omit it from the simp argument list.
  simp only [Instruction.value, Affine.eval_constant, Nat.cast_one, o̵n̵e̵_̵m̵u̵l̵,̵
  ̵ ̵ ̵ ̵ ̵h1, mul_one, Affine.eval_nil,
  ̲  ̲ ̲ ̲add_zero] at ho

Note: This linter can be disabled with `set_option linter.unusedSimpArgs false`
⚠ [1605/1628] Replayed CircuitCorrectness.ConcreteProgram
warning: CircuitCorrectness/ConcreteProgram.lean:257:61: This simp argument is unused:
  one_mul

Hint: Omit it from the simp argument list.
  simp only [expandLC, ̲List.map_cons, ̲List.map_nil, ̲evalLC, ̲List.sum_cons, ̲List.sum_nil,
        one_expand, ̲neg_one_expand, ̲cast_neg_one, ̲Nat.cast_one, ̲h1,o̵n̵e̵_̵m̵u̵l̵,̵ ̲add_zero, ̲mul_one]

Note: This linter can be disabled with `set_option linter.unusedSimpArgs false`
✔ [1628/1628] Built CircuitCorrectness.HashTrace8.Round21 (4.7s)
Build completed successfully (1628 jobs).

{"module": "CircuitCorrectness.HashTrace2.Round37", "exit_code": 0, "seconds": 7.033109167000475, "maximum_child_rss_bytes": 2724249600, "user_seconds": 4.790218, "system_seconds": 2.596619, "log": "results/clean_build_modules/CircuitCorrectness.HashTrace2.Round37.log", "command": ["/Users/hanbunko/Downloads/zkCNN/VerImgCmp/circuit_correctness/.elan/toolchains/leanprover--lean4---v4.28.0/bin/lake", "--no-cache", "build", "+CircuitCorrectness.HashTrace2.Round37"]}
⚠ [1590/1644] Replayed CircuitCorrectness.Affine
warning: CircuitCorrectness/Affine.lean:52:33: This simp argument is unused:
  add_assoc

Hint: Omit it from the simp argument list.
  simp [ih, add_left_comm,̵ ̵a̵d̵d̵_̵a̵s̵s̵o̵c̵]

Note: This linter can be disabled with `set_option linter.unusedSimpArgs false`
⚠ [1598/1644] Replayed CircuitCorrectness.PoseidonProgram
warning: CircuitCorrectness/PoseidonProgram.lean:38:15: unused variable `one`

Note: This linter can be disabled with `set_option linter.unusedVariables false`
warning: CircuitCorrectness/PoseidonProgram.lean:137:14: This simp argument is unused:
  Function.comp_def

Hint: Omit it from the simp argument list.
  simp [hc,̵ ̵F̵u̵n̵c̵t̵i̵o̵n̵.̵c̵o̵m̵p̵_̵d̵e̵f̵]

Note: This linter can be disabled with `set_option linter.unusedSimpArgs false`
warning: CircuitCorrectness/PoseidonProgram.lean:194:68: This simp argument is unused:
  one_mul

Hint: Omit it from the simp argument list.
  simp only [Instruction.value, Affine.eval_constant, Nat.cast_one, o̵n̵e̵_̵m̵u̵l̵,̵
  ̵ ̵ ̵ ̵ ̵h1, mul_one, Affine.eval_nil,
  ̲  ̲ ̲ ̲add_zero] at ho

Note: This linter can be disabled with `set_option linter.unusedSimpArgs false`
⚠ [1605/1644] Replayed CircuitCorrectness.ConcreteProgram
warning: CircuitCorrectness/ConcreteProgram.lean:257:61: This simp argument is unused:
  one_mul

Hint: Omit it from the simp argument list.
  simp only [expandLC, ̲List.map_cons, ̲List.map_nil, ̲evalLC, ̲List.sum_cons, ̲List.sum_nil,
        one_expand, ̲neg_one_expand, ̲cast_neg_one, ̲Nat.cast_one, ̲h1,o̵n̵e̵_̵m̵u̵l̵,̵ ̲add_zero, ̲mul_one]

Note: This linter can be disabled with `set_option linter.unusedSimpArgs false`
✔ [1644/1644] Built CircuitCorrectness.HashTrace2.Round37 (5.1s)
Build completed successfully (1644 jobs).

{"module": "CircuitCorrectness.HashTrace8.Round22", "exit_code": 0, "seconds": 6.659042000000227, "maximum_child_rss_bytes": 2551250944, "user_seconds": 4.512812, "system_seconds": 2.570181, "log": "results/clean_build_modules/CircuitCorrectness.HashTrace8.Round22.log", "command": ["/Users/hanbunko/Downloads/zkCNN/VerImgCmp/circuit_correctness/.elan/toolchains/leanprover--lean4---v4.28.0/bin/lake", "--no-cache", "build", "+CircuitCorrectness.HashTrace8.Round22"]}
⚠ [1589/1600] Replayed CircuitCorrectness.Affine
warning: CircuitCorrectness/Affine.lean:52:33: This simp argument is unused:
  add_assoc

Hint: Omit it from the simp argument list.
  simp [ih, add_left_comm,̵ ̵a̵d̵d̵_̵a̵s̵s̵o̵c̵]

Note: This linter can be disabled with `set_option linter.unusedSimpArgs false`
⚠ [1597/1600] Replayed CircuitCorrectness.PoseidonProgram
warning: CircuitCorrectness/PoseidonProgram.lean:38:15: unused variable `one`

Note: This linter can be disabled with `set_option linter.unusedVariables false`
warning: CircuitCorrectness/PoseidonProgram.lean:137:14: This simp argument is unused:
  Function.comp_def

Hint: Omit it from the simp argument list.
  simp [hc,̵ ̵F̵u̵n̵c̵t̵i̵o̵n̵.̵c̵o̵m̵p̵_̵d̵e̵f̵]

Note: This linter can be disabled with `set_option linter.unusedSimpArgs false`
warning: CircuitCorrectness/PoseidonProgram.lean:194:68: This simp argument is unused:
  one_mul

Hint: Omit it from the simp argument list.
  simp only [Instruction.value, Affine.eval_constant, Nat.cast_one, o̵n̵e̵_̵m̵u̵l̵,̵
  ̵ ̵ ̵ ̵ ̵h1, mul_one, Affine.eval_nil,
  ̲  ̲ ̲ ̲add_zero] at ho

Note: This linter can be disabled with `set_option linter.unusedSimpArgs false`
⚠ [1605/1629] Replayed CircuitCorrectness.ConcreteProgram
warning: CircuitCorrectness/ConcreteProgram.lean:257:61: This simp argument is unused:
  one_mul

Hint: Omit it from the simp argument list.
  simp only [expandLC, ̲List.map_cons, ̲List.map_nil, ̲evalLC, ̲List.sum_cons, ̲List.sum_nil,
        one_expand, ̲neg_one_expand, ̲cast_neg_one, ̲Nat.cast_one, ̲h1,o̵n̵e̵_̵m̵u̵l̵,̵ ̲add_zero, ̲mul_one]

Note: This linter can be disabled with `set_option linter.unusedSimpArgs false`
✔ [1629/1629] Built CircuitCorrectness.HashTrace8.Round22 (4.8s)
Build completed successfully (1629 jobs).

{"module": "CircuitCorrectness.HashTrace2.Round38", "exit_code": 0, "seconds": 7.013782624999294, "maximum_child_rss_bytes": 2742009856, "user_seconds": 4.861165, "system_seconds": 2.5764679999999998, "log": "results/clean_build_modules/CircuitCorrectness.HashTrace2.Round38.log", "command": ["/Users/hanbunko/Downloads/zkCNN/VerImgCmp/circuit_correctness/.elan/toolchains/leanprover--lean4---v4.28.0/bin/lake", "--no-cache", "build", "+CircuitCorrectness.HashTrace2.Round38"]}
⚠ [1590/1645] Replayed CircuitCorrectness.Affine
warning: CircuitCorrectness/Affine.lean:52:33: This simp argument is unused:
  add_assoc

Hint: Omit it from the simp argument list.
  simp [ih, add_left_comm,̵ ̵a̵d̵d̵_̵a̵s̵s̵o̵c̵]

Note: This linter can be disabled with `set_option linter.unusedSimpArgs false`
⚠ [1598/1645] Replayed CircuitCorrectness.PoseidonProgram
warning: CircuitCorrectness/PoseidonProgram.lean:38:15: unused variable `one`

Note: This linter can be disabled with `set_option linter.unusedVariables false`
warning: CircuitCorrectness/PoseidonProgram.lean:137:14: This simp argument is unused:
  Function.comp_def

Hint: Omit it from the simp argument list.
  simp [hc,̵ ̵F̵u̵n̵c̵t̵i̵o̵n̵.̵c̵o̵m̵p̵_̵d̵e̵f̵]

Note: This linter can be disabled with `set_option linter.unusedSimpArgs false`
warning: CircuitCorrectness/PoseidonProgram.lean:194:68: This simp argument is unused:
  one_mul

Hint: Omit it from the simp argument list.
  simp only [Instruction.value, Affine.eval_constant, Nat.cast_one, o̵n̵e̵_̵m̵u̵l̵,̵
  ̵ ̵ ̵ ̵ ̵h1, mul_one, Affine.eval_nil,
  ̲  ̲ ̲ ̲add_zero] at ho

Note: This linter can be disabled with `set_option linter.unusedSimpArgs false`
⚠ [1605/1645] Replayed CircuitCorrectness.ConcreteProgram
warning: CircuitCorrectness/ConcreteProgram.lean:257:61: This simp argument is unused:
  one_mul

Hint: Omit it from the simp argument list.
  simp only [expandLC, ̲List.map_cons, ̲List.map_nil, ̲evalLC, ̲List.sum_cons, ̲List.sum_nil,
        one_expand, ̲neg_one_expand, ̲cast_neg_one, ̲Nat.cast_one, ̲h1,o̵n̵e̵_̵m̵u̵l̵,̵ ̲add_zero, ̲mul_one]

Note: This linter can be disabled with `set_option linter.unusedSimpArgs false`
✔ [1645/1645] Built CircuitCorrectness.HashTrace2.Round38 (5.2s)
Build completed successfully (1645 jobs).

{"module": "CircuitCorrectness.HashTrace8.Round23", "exit_code": 0, "seconds": 6.829454374999841, "maximum_child_rss_bytes": 2634776576, "user_seconds": 4.683078, "system_seconds": 2.564455, "log": "results/clean_build_modules/CircuitCorrectness.HashTrace8.Round23.log", "command": ["/Users/hanbunko/Downloads/zkCNN/VerImgCmp/circuit_correctness/.elan/toolchains/leanprover--lean4---v4.28.0/bin/lake", "--no-cache", "build", "+CircuitCorrectness.HashTrace8.Round23"]}
⚠ [1589/1600] Replayed CircuitCorrectness.Affine
warning: CircuitCorrectness/Affine.lean:52:33: This simp argument is unused:
  add_assoc

Hint: Omit it from the simp argument list.
  simp [ih, add_left_comm,̵ ̵a̵d̵d̵_̵a̵s̵s̵o̵c̵]

Note: This linter can be disabled with `set_option linter.unusedSimpArgs false`
⚠ [1597/1600] Replayed CircuitCorrectness.PoseidonProgram
warning: CircuitCorrectness/PoseidonProgram.lean:38:15: unused variable `one`

Note: This linter can be disabled with `set_option linter.unusedVariables false`
warning: CircuitCorrectness/PoseidonProgram.lean:137:14: This simp argument is unused:
  Function.comp_def

Hint: Omit it from the simp argument list.
  simp [hc,̵ ̵F̵u̵n̵c̵t̵i̵o̵n̵.̵c̵o̵m̵p̵_̵d̵e̵f̵]

Note: This linter can be disabled with `set_option linter.unusedSimpArgs false`
warning: CircuitCorrectness/PoseidonProgram.lean:194:68: This simp argument is unused:
  one_mul

Hint: Omit it from the simp argument list.
  simp only [Instruction.value, Affine.eval_constant, Nat.cast_one, o̵n̵e̵_̵m̵u̵l̵,̵
  ̵ ̵ ̵ ̵ ̵h1, mul_one, Affine.eval_nil,
  ̲  ̲ ̲ ̲add_zero] at ho

Note: This linter can be disabled with `set_option linter.unusedSimpArgs false`
⚠ [1605/1630] Replayed CircuitCorrectness.ConcreteProgram
warning: CircuitCorrectness/ConcreteProgram.lean:257:61: This simp argument is unused:
  one_mul

Hint: Omit it from the simp argument list.
  simp only [expandLC, ̲List.map_cons, ̲List.map_nil, ̲evalLC, ̲List.sum_cons, ̲List.sum_nil,
        one_expand, ̲neg_one_expand, ̲cast_neg_one, ̲Nat.cast_one, ̲h1,o̵n̵e̵_̵m̵u̵l̵,̵ ̲add_zero, ̲mul_one]

Note: This linter can be disabled with `set_option linter.unusedSimpArgs false`
✔ [1630/1630] Built CircuitCorrectness.HashTrace8.Round23 (4.0s)
Build completed successfully (1630 jobs).

{"module": "CircuitCorrectness.HashTrace2.Round39", "exit_code": 0, "seconds": 7.215013082999576, "maximum_child_rss_bytes": 2771075072, "user_seconds": 5.027067, "system_seconds": 2.585022, "log": "results/clean_build_modules/CircuitCorrectness.HashTrace2.Round39.log", "command": ["/Users/hanbunko/Downloads/zkCNN/VerImgCmp/circuit_correctness/.elan/toolchains/leanprover--lean4---v4.28.0/bin/lake", "--no-cache", "build", "+CircuitCorrectness.HashTrace2.Round39"]}
⚠ [1590/1646] Replayed CircuitCorrectness.Affine
warning: CircuitCorrectness/Affine.lean:52:33: This simp argument is unused:
  add_assoc

Hint: Omit it from the simp argument list.
  simp [ih, add_left_comm,̵ ̵a̵d̵d̵_̵a̵s̵s̵o̵c̵]

Note: This linter can be disabled with `set_option linter.unusedSimpArgs false`
⚠ [1598/1646] Replayed CircuitCorrectness.PoseidonProgram
warning: CircuitCorrectness/PoseidonProgram.lean:38:15: unused variable `one`

Note: This linter can be disabled with `set_option linter.unusedVariables false`
warning: CircuitCorrectness/PoseidonProgram.lean:137:14: This simp argument is unused:
  Function.comp_def

Hint: Omit it from the simp argument list.
  simp [hc,̵ ̵F̵u̵n̵c̵t̵i̵o̵n̵.̵c̵o̵m̵p̵_̵d̵e̵f̵]

Note: This linter can be disabled with `set_option linter.unusedSimpArgs false`
warning: CircuitCorrectness/PoseidonProgram.lean:194:68: This simp argument is unused:
  one_mul

Hint: Omit it from the simp argument list.
  simp only [Instruction.value, Affine.eval_constant, Nat.cast_one, o̵n̵e̵_̵m̵u̵l̵,̵
  ̵ ̵ ̵ ̵ ̵h1, mul_one, Affine.eval_nil,
  ̲  ̲ ̲ ̲add_zero] at ho

Note: This linter can be disabled with `set_option linter.unusedSimpArgs false`
⚠ [1605/1646] Replayed CircuitCorrectness.ConcreteProgram
warning: CircuitCorrectness/ConcreteProgram.lean:257:61: This simp argument is unused:
  one_mul

Hint: Omit it from the simp argument list.
  simp only [expandLC, ̲List.map_cons, ̲List.map_nil, ̲evalLC, ̲List.sum_cons, ̲List.sum_nil,
        one_expand, ̲neg_one_expand, ̲cast_neg_one, ̲Nat.cast_one, ̲h1,o̵n̵e̵_̵m̵u̵l̵,̵ ̲add_zero, ̲mul_one]

Note: This linter can be disabled with `set_option linter.unusedSimpArgs false`
✔ [1646/1646] Built CircuitCorrectness.HashTrace2.Round39 (5.4s)
Build completed successfully (1646 jobs).

{"module": "CircuitCorrectness.HashTrace8.Round24", "exit_code": 0, "seconds": 7.201703834, "maximum_child_rss_bytes": 2673655808, "user_seconds": 5.006876, "system_seconds": 2.582466, "log": "results/clean_build_modules/CircuitCorrectness.HashTrace8.Round24.log", "command": ["/Users/hanbunko/Downloads/zkCNN/VerImgCmp/circuit_correctness/.elan/toolchains/leanprover--lean4---v4.28.0/bin/lake", "--no-cache", "build", "+CircuitCorrectness.HashTrace8.Round24"]}
⚠ [1589/1600] Replayed CircuitCorrectness.Affine
warning: CircuitCorrectness/Affine.lean:52:33: This simp argument is unused:
  add_assoc

Hint: Omit it from the simp argument list.
  simp [ih, add_left_comm,̵ ̵a̵d̵d̵_̵a̵s̵s̵o̵c̵]

Note: This linter can be disabled with `set_option linter.unusedSimpArgs false`
⚠ [1597/1600] Replayed CircuitCorrectness.PoseidonProgram
warning: CircuitCorrectness/PoseidonProgram.lean:38:15: unused variable `one`

Note: This linter can be disabled with `set_option linter.unusedVariables false`
warning: CircuitCorrectness/PoseidonProgram.lean:137:14: This simp argument is unused:
  Function.comp_def

Hint: Omit it from the simp argument list.
  simp [hc,̵ ̵F̵u̵n̵c̵t̵i̵o̵n̵.̵c̵o̵m̵p̵_̵d̵e̵f̵]

Note: This linter can be disabled with `set_option linter.unusedSimpArgs false`
warning: CircuitCorrectness/PoseidonProgram.lean:194:68: This simp argument is unused:
  one_mul

Hint: Omit it from the simp argument list.
  simp only [Instruction.value, Affine.eval_constant, Nat.cast_one, o̵n̵e̵_̵m̵u̵l̵,̵
  ̵ ̵ ̵ ̵ ̵h1, mul_one, Affine.eval_nil,
  ̲  ̲ ̲ ̲add_zero] at ho

Note: This linter can be disabled with `set_option linter.unusedSimpArgs false`
⚠ [1605/1631] Replayed CircuitCorrectness.ConcreteProgram
warning: CircuitCorrectness/ConcreteProgram.lean:257:61: This simp argument is unused:
  one_mul

Hint: Omit it from the simp argument list.
  simp only [expandLC, ̲List.map_cons, ̲List.map_nil, ̲evalLC, ̲List.sum_cons, ̲List.sum_nil,
        one_expand, ̲neg_one_expand, ̲cast_neg_one, ̲Nat.cast_one, ̲h1,o̵n̵e̵_̵m̵u̵l̵,̵ ̲add_zero, ̲mul_one]

Note: This linter can be disabled with `set_option linter.unusedSimpArgs false`
✔ [1631/1631] Built CircuitCorrectness.HashTrace8.Round24 (5.3s)
Build completed successfully (1631 jobs).

{"module": "CircuitCorrectness.HashTrace2.Round40", "exit_code": 0, "seconds": 7.2875750420007535, "maximum_child_rss_bytes": 2774761472, "user_seconds": 5.057877, "system_seconds": 2.589959, "log": "results/clean_build_modules/CircuitCorrectness.HashTrace2.Round40.log", "command": ["/Users/hanbunko/Downloads/zkCNN/VerImgCmp/circuit_correctness/.elan/toolchains/leanprover--lean4---v4.28.0/bin/lake", "--no-cache", "build", "+CircuitCorrectness.HashTrace2.Round40"]}
⚠ [1590/1647] Replayed CircuitCorrectness.Affine
warning: CircuitCorrectness/Affine.lean:52:33: This simp argument is unused:
  add_assoc

Hint: Omit it from the simp argument list.
  simp [ih, add_left_comm,̵ ̵a̵d̵d̵_̵a̵s̵s̵o̵c̵]

Note: This linter can be disabled with `set_option linter.unusedSimpArgs false`
⚠ [1598/1647] Replayed CircuitCorrectness.PoseidonProgram
warning: CircuitCorrectness/PoseidonProgram.lean:38:15: unused variable `one`

Note: This linter can be disabled with `set_option linter.unusedVariables false`
warning: CircuitCorrectness/PoseidonProgram.lean:137:14: This simp argument is unused:
  Function.comp_def

Hint: Omit it from the simp argument list.
  simp [hc,̵ ̵F̵u̵n̵c̵t̵i̵o̵n̵.̵c̵o̵m̵p̵_̵d̵e̵f̵]

Note: This linter can be disabled with `set_option linter.unusedSimpArgs false`
warning: CircuitCorrectness/PoseidonProgram.lean:194:68: This simp argument is unused:
  one_mul

Hint: Omit it from the simp argument list.
  simp only [Instruction.value, Affine.eval_constant, Nat.cast_one, o̵n̵e̵_̵m̵u̵l̵,̵
  ̵ ̵ ̵ ̵ ̵h1, mul_one, Affine.eval_nil,
  ̲  ̲ ̲ ̲add_zero] at ho

Note: This linter can be disabled with `set_option linter.unusedSimpArgs false`
⚠ [1605/1647] Replayed CircuitCorrectness.ConcreteProgram
warning: CircuitCorrectness/ConcreteProgram.lean:257:61: This simp argument is unused:
  one_mul

Hint: Omit it from the simp argument list.
  simp only [expandLC, ̲List.map_cons, ̲List.map_nil, ̲evalLC, ̲List.sum_cons, ̲List.sum_nil,
        one_expand, ̲neg_one_expand, ̲cast_neg_one, ̲Nat.cast_one, ̲h1,o̵n̵e̵_̵m̵u̵l̵,̵ ̲add_zero, ̲mul_one]

Note: This linter can be disabled with `set_option linter.unusedSimpArgs false`
✔ [1647/1647] Built CircuitCorrectness.HashTrace2.Round40 (5.4s)
Build completed successfully (1647 jobs).

{"module": "CircuitCorrectness.HashTrace8.Round25", "exit_code": 0, "seconds": 7.3402636250002615, "maximum_child_rss_bytes": 2694660096, "user_seconds": 5.093398, "system_seconds": 2.699399, "log": "results/clean_build_modules/CircuitCorrectness.HashTrace8.Round25.log", "command": ["/Users/hanbunko/Downloads/zkCNN/VerImgCmp/circuit_correctness/.elan/toolchains/leanprover--lean4---v4.28.0/bin/lake", "--no-cache", "build", "+CircuitCorrectness.HashTrace8.Round25"]}
⚠ [1590/1632] Replayed CircuitCorrectness.Affine
warning: CircuitCorrectness/Affine.lean:52:33: This simp argument is unused:
  add_assoc

Hint: Omit it from the simp argument list.
  simp [ih, add_left_comm,̵ ̵a̵d̵d̵_̵a̵s̵s̵o̵c̵]

Note: This linter can be disabled with `set_option linter.unusedSimpArgs false`
⚠ [1598/1632] Replayed CircuitCorrectness.PoseidonProgram
warning: CircuitCorrectness/PoseidonProgram.lean:38:15: unused variable `one`

Note: This linter can be disabled with `set_option linter.unusedVariables false`
warning: CircuitCorrectness/PoseidonProgram.lean:137:14: This simp argument is unused:
  Function.comp_def

Hint: Omit it from the simp argument list.
  simp [hc,̵ ̵F̵u̵n̵c̵t̵i̵o̵n̵.̵c̵o̵m̵p̵_̵d̵e̵f̵]

Note: This linter can be disabled with `set_option linter.unusedSimpArgs false`
warning: CircuitCorrectness/PoseidonProgram.lean:194:68: This simp argument is unused:
  one_mul

Hint: Omit it from the simp argument list.
  simp only [Instruction.value, Affine.eval_constant, Nat.cast_one, o̵n̵e̵_̵m̵u̵l̵,̵
  ̵ ̵ ̵ ̵ ̵h1, mul_one, Affine.eval_nil,
  ̲  ̲ ̲ ̲add_zero] at ho

Note: This linter can be disabled with `set_option linter.unusedSimpArgs false`
⚠ [1605/1632] Replayed CircuitCorrectness.ConcreteProgram
warning: CircuitCorrectness/ConcreteProgram.lean:257:61: This simp argument is unused:
  one_mul

Hint: Omit it from the simp argument list.
  simp only [expandLC, ̲List.map_cons, ̲List.map_nil, ̲evalLC, ̲List.sum_cons, ̲List.sum_nil,
        one_expand, ̲neg_one_expand, ̲cast_neg_one, ̲Nat.cast_one, ̲h1,o̵n̵e̵_̵m̵u̵l̵,̵ ̲add_zero, ̲mul_one]

Note: This linter can be disabled with `set_option linter.unusedSimpArgs false`
✔ [1632/1632] Built CircuitCorrectness.HashTrace8.Round25 (5.4s)
Build completed successfully (1632 jobs).

{"module": "CircuitCorrectness.HashTrace2.Round41", "exit_code": 0, "seconds": 7.308645332999731, "maximum_child_rss_bytes": 2780626944, "user_seconds": 5.078253, "system_seconds": 2.593283, "log": "results/clean_build_modules/CircuitCorrectness.HashTrace2.Round41.log", "command": ["/Users/hanbunko/Downloads/zkCNN/VerImgCmp/circuit_correctness/.elan/toolchains/leanprover--lean4---v4.28.0/bin/lake", "--no-cache", "build", "+CircuitCorrectness.HashTrace2.Round41"]}
⚠ [1590/1648] Replayed CircuitCorrectness.Affine
warning: CircuitCorrectness/Affine.lean:52:33: This simp argument is unused:
  add_assoc

Hint: Omit it from the simp argument list.
  simp [ih, add_left_comm,̵ ̵a̵d̵d̵_̵a̵s̵s̵o̵c̵]

Note: This linter can be disabled with `set_option linter.unusedSimpArgs false`
⚠ [1598/1648] Replayed CircuitCorrectness.PoseidonProgram
warning: CircuitCorrectness/PoseidonProgram.lean:38:15: unused variable `one`

Note: This linter can be disabled with `set_option linter.unusedVariables false`
warning: CircuitCorrectness/PoseidonProgram.lean:137:14: This simp argument is unused:
  Function.comp_def

Hint: Omit it from the simp argument list.
  simp [hc,̵ ̵F̵u̵n̵c̵t̵i̵o̵n̵.̵c̵o̵m̵p̵_̵d̵e̵f̵]

Note: This linter can be disabled with `set_option linter.unusedSimpArgs false`
warning: CircuitCorrectness/PoseidonProgram.lean:194:68: This simp argument is unused:
  one_mul

Hint: Omit it from the simp argument list.
  simp only [Instruction.value, Affine.eval_constant, Nat.cast_one, o̵n̵e̵_̵m̵u̵l̵,̵
  ̵ ̵ ̵ ̵ ̵h1, mul_one, Affine.eval_nil,
  ̲  ̲ ̲ ̲add_zero] at ho

Note: This linter can be disabled with `set_option linter.unusedSimpArgs false`
⚠ [1605/1648] Replayed CircuitCorrectness.ConcreteProgram
warning: CircuitCorrectness/ConcreteProgram.lean:257:61: This simp argument is unused:
  one_mul

Hint: Omit it from the simp argument list.
  simp only [expandLC, ̲List.map_cons, ̲List.map_nil, ̲evalLC, ̲List.sum_cons, ̲List.sum_nil,
        one_expand, ̲neg_one_expand, ̲cast_neg_one, ̲Nat.cast_one, ̲h1,o̵n̵e̵_̵m̵u̵l̵,̵ ̲add_zero, ̲mul_one]

Note: This linter can be disabled with `set_option linter.unusedSimpArgs false`
✔ [1648/1648] Built CircuitCorrectness.HashTrace2.Round41 (5.4s)
Build completed successfully (1648 jobs).

{"module": "CircuitCorrectness.HashTrace8.Round26", "exit_code": 0, "seconds": 7.463936124999236, "maximum_child_rss_bytes": 2772697088, "user_seconds": 5.290319, "system_seconds": 2.573562, "log": "results/clean_build_modules/CircuitCorrectness.HashTrace8.Round26.log", "command": ["/Users/hanbunko/Downloads/zkCNN/VerImgCmp/circuit_correctness/.elan/toolchains/leanprover--lean4---v4.28.0/bin/lake", "--no-cache", "build", "+CircuitCorrectness.HashTrace8.Round26"]}
⚠ [1589/1600] Replayed CircuitCorrectness.Affine
warning: CircuitCorrectness/Affine.lean:52:33: This simp argument is unused:
  add_assoc

Hint: Omit it from the simp argument list.
  simp [ih, add_left_comm,̵ ̵a̵d̵d̵_̵a̵s̵s̵o̵c̵]

Note: This linter can be disabled with `set_option linter.unusedSimpArgs false`
⚠ [1597/1600] Replayed CircuitCorrectness.PoseidonProgram
warning: CircuitCorrectness/PoseidonProgram.lean:38:15: unused variable `one`

Note: This linter can be disabled with `set_option linter.unusedVariables false`
warning: CircuitCorrectness/PoseidonProgram.lean:137:14: This simp argument is unused:
  Function.comp_def

Hint: Omit it from the simp argument list.
  simp [hc,̵ ̵F̵u̵n̵c̵t̵i̵o̵n̵.̵c̵o̵m̵p̵_̵d̵e̵f̵]

Note: This linter can be disabled with `set_option linter.unusedSimpArgs false`
warning: CircuitCorrectness/PoseidonProgram.lean:194:68: This simp argument is unused:
  one_mul

Hint: Omit it from the simp argument list.
  simp only [Instruction.value, Affine.eval_constant, Nat.cast_one, o̵n̵e̵_̵m̵u̵l̵,̵
  ̵ ̵ ̵ ̵ ̵h1, mul_one, Affine.eval_nil,
  ̲  ̲ ̲ ̲add_zero] at ho

Note: This linter can be disabled with `set_option linter.unusedSimpArgs false`
⚠ [1605/1633] Replayed CircuitCorrectness.ConcreteProgram
warning: CircuitCorrectness/ConcreteProgram.lean:257:61: This simp argument is unused:
  one_mul

Hint: Omit it from the simp argument list.
  simp only [expandLC, ̲List.map_cons, ̲List.map_nil, ̲evalLC, ̲List.sum_cons, ̲List.sum_nil,
        one_expand, ̲neg_one_expand, ̲cast_neg_one, ̲Nat.cast_one, ̲h1,o̵n̵e̵_̵m̵u̵l̵,̵ ̲add_zero, ̲mul_one]

Note: This linter can be disabled with `set_option linter.unusedSimpArgs false`
✔ [1633/1633] Built CircuitCorrectness.HashTrace8.Round26 (5.6s)
Build completed successfully (1633 jobs).

{"module": "CircuitCorrectness.HashTrace2.Round42", "exit_code": 0, "seconds": 7.398006583000097, "maximum_child_rss_bytes": 2793635840, "user_seconds": 5.145162, "system_seconds": 2.604275, "log": "results/clean_build_modules/CircuitCorrectness.HashTrace2.Round42.log", "command": ["/Users/hanbunko/Downloads/zkCNN/VerImgCmp/circuit_correctness/.elan/toolchains/leanprover--lean4---v4.28.0/bin/lake", "--no-cache", "build", "+CircuitCorrectness.HashTrace2.Round42"]}
⚠ [1589/1600] Replayed CircuitCorrectness.Affine
warning: CircuitCorrectness/Affine.lean:52:33: This simp argument is unused:
  add_assoc

Hint: Omit it from the simp argument list.
  simp [ih, add_left_comm,̵ ̵a̵d̵d̵_̵a̵s̵s̵o̵c̵]

Note: This linter can be disabled with `set_option linter.unusedSimpArgs false`
⚠ [1597/1600] Replayed CircuitCorrectness.PoseidonProgram
warning: CircuitCorrectness/PoseidonProgram.lean:38:15: unused variable `one`

Note: This linter can be disabled with `set_option linter.unusedVariables false`
warning: CircuitCorrectness/PoseidonProgram.lean:137:14: This simp argument is unused:
  Function.comp_def

Hint: Omit it from the simp argument list.
  simp [hc,̵ ̵F̵u̵n̵c̵t̵i̵o̵n̵.̵c̵o̵m̵p̵_̵d̵e̵f̵]

Note: This linter can be disabled with `set_option linter.unusedSimpArgs false`
warning: CircuitCorrectness/PoseidonProgram.lean:194:68: This simp argument is unused:
  one_mul

Hint: Omit it from the simp argument list.
  simp only [Instruction.value, Affine.eval_constant, Nat.cast_one, o̵n̵e̵_̵m̵u̵l̵,̵
  ̵ ̵ ̵ ̵ ̵h1, mul_one, Affine.eval_nil,
  ̲  ̲ ̲ ̲add_zero] at ho

Note: This linter can be disabled with `set_option linter.unusedSimpArgs false`
⚠ [1605/1649] Replayed CircuitCorrectness.ConcreteProgram
warning: CircuitCorrectness/ConcreteProgram.lean:257:61: This simp argument is unused:
  one_mul

Hint: Omit it from the simp argument list.
  simp only [expandLC, ̲List.map_cons, ̲List.map_nil, ̲evalLC, ̲List.sum_cons, ̲List.sum_nil,
        one_expand, ̲neg_one_expand, ̲cast_neg_one, ̲Nat.cast_one, ̲h1,o̵n̵e̵_̵m̵u̵l̵,̵ ̲add_zero, ̲mul_one]

Note: This linter can be disabled with `set_option linter.unusedSimpArgs false`
✔ [1649/1649] Built CircuitCorrectness.HashTrace2.Round42 (5.4s)
Build completed successfully (1649 jobs).

{"module": "CircuitCorrectness.HashTrace8.Round27", "exit_code": 0, "seconds": 7.49877537500015, "maximum_child_rss_bytes": 2734571520, "user_seconds": 5.297986, "system_seconds": 2.586234, "log": "results/clean_build_modules/CircuitCorrectness.HashTrace8.Round27.log", "command": ["/Users/hanbunko/Downloads/zkCNN/VerImgCmp/circuit_correctness/.elan/toolchains/leanprover--lean4---v4.28.0/bin/lake", "--no-cache", "build", "+CircuitCorrectness.HashTrace8.Round27"]}
⚠ [1590/1634] Replayed CircuitCorrectness.Affine
warning: CircuitCorrectness/Affine.lean:52:33: This simp argument is unused:
  add_assoc

Hint: Omit it from the simp argument list.
  simp [ih, add_left_comm,̵ ̵a̵d̵d̵_̵a̵s̵s̵o̵c̵]

Note: This linter can be disabled with `set_option linter.unusedSimpArgs false`
⚠ [1598/1634] Replayed CircuitCorrectness.PoseidonProgram
warning: CircuitCorrectness/PoseidonProgram.lean:38:15: unused variable `one`

Note: This linter can be disabled with `set_option linter.unusedVariables false`
warning: CircuitCorrectness/PoseidonProgram.lean:137:14: This simp argument is unused:
  Function.comp_def

Hint: Omit it from the simp argument list.
  simp [hc,̵ ̵F̵u̵n̵c̵t̵i̵o̵n̵.̵c̵o̵m̵p̵_̵d̵e̵f̵]

Note: This linter can be disabled with `set_option linter.unusedSimpArgs false`
warning: CircuitCorrectness/PoseidonProgram.lean:194:68: This simp argument is unused:
  one_mul

Hint: Omit it from the simp argument list.
  simp only [Instruction.value, Affine.eval_constant, Nat.cast_one, o̵n̵e̵_̵m̵u̵l̵,̵
  ̵ ̵ ̵ ̵ ̵h1, mul_one, Affine.eval_nil,
  ̲  ̲ ̲ ̲add_zero] at ho

Note: This linter can be disabled with `set_option linter.unusedSimpArgs false`
⚠ [1605/1634] Replayed CircuitCorrectness.ConcreteProgram
warning: CircuitCorrectness/ConcreteProgram.lean:257:61: This simp argument is unused:
  one_mul

Hint: Omit it from the simp argument list.
  simp only [expandLC, ̲List.map_cons, ̲List.map_nil, ̲evalLC, ̲List.sum_cons, ̲List.sum_nil,
        one_expand, ̲neg_one_expand, ̲cast_neg_one, ̲Nat.cast_one, ̲h1,o̵n̵e̵_̵m̵u̵l̵,̵ ̲add_zero, ̲mul_one]

Note: This linter can be disabled with `set_option linter.unusedSimpArgs false`
✔ [1634/1634] Built CircuitCorrectness.HashTrace8.Round27 (5.6s)
Build completed successfully (1634 jobs).

{"module": "CircuitCorrectness.HashTrace2.Round43", "exit_code": 0, "seconds": 7.514438624999457, "maximum_child_rss_bytes": 2855174144, "user_seconds": 5.337498, "system_seconds": 2.598979, "log": "results/clean_build_modules/CircuitCorrectness.HashTrace2.Round43.log", "command": ["/Users/hanbunko/Downloads/zkCNN/VerImgCmp/circuit_correctness/.elan/toolchains/leanprover--lean4---v4.28.0/bin/lake", "--no-cache", "build", "+CircuitCorrectness.HashTrace2.Round43"]}
⚠ [1590/1650] Replayed CircuitCorrectness.Affine
warning: CircuitCorrectness/Affine.lean:52:33: This simp argument is unused:
  add_assoc

Hint: Omit it from the simp argument list.
  simp [ih, add_left_comm,̵ ̵a̵d̵d̵_̵a̵s̵s̵o̵c̵]

Note: This linter can be disabled with `set_option linter.unusedSimpArgs false`
⚠ [1598/1650] Replayed CircuitCorrectness.PoseidonProgram
warning: CircuitCorrectness/PoseidonProgram.lean:38:15: unused variable `one`

Note: This linter can be disabled with `set_option linter.unusedVariables false`
warning: CircuitCorrectness/PoseidonProgram.lean:137:14: This simp argument is unused:
  Function.comp_def

Hint: Omit it from the simp argument list.
  simp [hc,̵ ̵F̵u̵n̵c̵t̵i̵o̵n̵.̵c̵o̵m̵p̵_̵d̵e̵f̵]

Note: This linter can be disabled with `set_option linter.unusedSimpArgs false`
warning: CircuitCorrectness/PoseidonProgram.lean:194:68: This simp argument is unused:
  one_mul

Hint: Omit it from the simp argument list.
  simp only [Instruction.value, Affine.eval_constant, Nat.cast_one, o̵n̵e̵_̵m̵u̵l̵,̵
  ̵ ̵ ̵ ̵ ̵h1, mul_one, Affine.eval_nil,
  ̲  ̲ ̲ ̲add_zero] at ho

Note: This linter can be disabled with `set_option linter.unusedSimpArgs false`
⚠ [1605/1650] Replayed CircuitCorrectness.ConcreteProgram
warning: CircuitCorrectness/ConcreteProgram.lean:257:61: This simp argument is unused:
  one_mul

Hint: Omit it from the simp argument list.
  simp only [expandLC, ̲List.map_cons, ̲List.map_nil, ̲evalLC, ̲List.sum_cons, ̲List.sum_nil,
        one_expand, ̲neg_one_expand, ̲cast_neg_one, ̲Nat.cast_one, ̲h1,o̵n̵e̵_̵m̵u̵l̵,̵ ̲add_zero, ̲mul_one]

Note: This linter can be disabled with `set_option linter.unusedSimpArgs false`
✔ [1650/1650] Built CircuitCorrectness.HashTrace2.Round43 (5.6s)
Build completed successfully (1650 jobs).

{"module": "CircuitCorrectness.HashTrace8.Round28", "exit_code": 0, "seconds": 7.67829837499994, "maximum_child_rss_bytes": 2726641664, "user_seconds": 5.495726, "system_seconds": 2.585568, "log": "results/clean_build_modules/CircuitCorrectness.HashTrace8.Round28.log", "command": ["/Users/hanbunko/Downloads/zkCNN/VerImgCmp/circuit_correctness/.elan/toolchains/leanprover--lean4---v4.28.0/bin/lake", "--no-cache", "build", "+CircuitCorrectness.HashTrace8.Round28"]}
⚠ [1590/1635] Replayed CircuitCorrectness.Affine
warning: CircuitCorrectness/Affine.lean:52:33: This simp argument is unused:
  add_assoc

Hint: Omit it from the simp argument list.
  simp [ih, add_left_comm,̵ ̵a̵d̵d̵_̵a̵s̵s̵o̵c̵]

Note: This linter can be disabled with `set_option linter.unusedSimpArgs false`
⚠ [1598/1635] Replayed CircuitCorrectness.PoseidonProgram
warning: CircuitCorrectness/PoseidonProgram.lean:38:15: unused variable `one`

Note: This linter can be disabled with `set_option linter.unusedVariables false`
warning: CircuitCorrectness/PoseidonProgram.lean:137:14: This simp argument is unused:
  Function.comp_def

Hint: Omit it from the simp argument list.
  simp [hc,̵ ̵F̵u̵n̵c̵t̵i̵o̵n̵.̵c̵o̵m̵p̵_̵d̵e̵f̵]

Note: This linter can be disabled with `set_option linter.unusedSimpArgs false`
warning: CircuitCorrectness/PoseidonProgram.lean:194:68: This simp argument is unused:
  one_mul

Hint: Omit it from the simp argument list.
  simp only [Instruction.value, Affine.eval_constant, Nat.cast_one, o̵n̵e̵_̵m̵u̵l̵,̵
  ̵ ̵ ̵ ̵ ̵h1, mul_one, Affine.eval_nil,
  ̲  ̲ ̲ ̲add_zero] at ho

Note: This linter can be disabled with `set_option linter.unusedSimpArgs false`
⚠ [1605/1635] Replayed CircuitCorrectness.ConcreteProgram
warning: CircuitCorrectness/ConcreteProgram.lean:257:61: This simp argument is unused:
  one_mul

Hint: Omit it from the simp argument list.
  simp only [expandLC, ̲List.map_cons, ̲List.map_nil, ̲evalLC, ̲List.sum_cons, ̲List.sum_nil,
        one_expand, ̲neg_one_expand, ̲cast_neg_one, ̲Nat.cast_one, ̲h1,o̵n̵e̵_̵m̵u̵l̵,̵ ̲add_zero, ̲mul_one]

Note: This linter can be disabled with `set_option linter.unusedSimpArgs false`
✔ [1635/1635] Built CircuitCorrectness.HashTrace8.Round28 (5.8s)
Build completed successfully (1635 jobs).

{"module": "CircuitCorrectness.HashTrace2.Round44", "exit_code": 0, "seconds": 7.644337749999977, "maximum_child_rss_bytes": 2842394624, "user_seconds": 5.317644, "system_seconds": 2.728459, "log": "results/clean_build_modules/CircuitCorrectness.HashTrace2.Round44.log", "command": ["/Users/hanbunko/Downloads/zkCNN/VerImgCmp/circuit_correctness/.elan/toolchains/leanprover--lean4---v4.28.0/bin/lake", "--no-cache", "build", "+CircuitCorrectness.HashTrace2.Round44"]}
⚠ [1590/1651] Replayed CircuitCorrectness.Affine
warning: CircuitCorrectness/Affine.lean:52:33: This simp argument is unused:
  add_assoc

Hint: Omit it from the simp argument list.
  simp [ih, add_left_comm,̵ ̵a̵d̵d̵_̵a̵s̵s̵o̵c̵]

Note: This linter can be disabled with `set_option linter.unusedSimpArgs false`
⚠ [1598/1651] Replayed CircuitCorrectness.PoseidonProgram
warning: CircuitCorrectness/PoseidonProgram.lean:38:15: unused variable `one`

Note: This linter can be disabled with `set_option linter.unusedVariables false`
warning: CircuitCorrectness/PoseidonProgram.lean:137:14: This simp argument is unused:
  Function.comp_def

Hint: Omit it from the simp argument list.
  simp [hc,̵ ̵F̵u̵n̵c̵t̵i̵o̵n̵.̵c̵o̵m̵p̵_̵d̵e̵f̵]

Note: This linter can be disabled with `set_option linter.unusedSimpArgs false`
warning: CircuitCorrectness/PoseidonProgram.lean:194:68: This simp argument is unused:
  one_mul

Hint: Omit it from the simp argument list.
  simp only [Instruction.value, Affine.eval_constant, Nat.cast_one, o̵n̵e̵_̵m̵u̵l̵,̵
  ̵ ̵ ̵ ̵ ̵h1, mul_one, Affine.eval_nil,
  ̲  ̲ ̲ ̲add_zero] at ho

Note: This linter can be disabled with `set_option linter.unusedSimpArgs false`
⚠ [1605/1651] Replayed CircuitCorrectness.ConcreteProgram
warning: CircuitCorrectness/ConcreteProgram.lean:257:61: This simp argument is unused:
  one_mul

Hint: Omit it from the simp argument list.
  simp only [expandLC, ̲List.map_cons, ̲List.map_nil, ̲evalLC, ̲List.sum_cons, ̲List.sum_nil,
        one_expand, ̲neg_one_expand, ̲cast_neg_one, ̲Nat.cast_one, ̲h1,o̵n̵e̵_̵m̵u̵l̵,̵ ̲add_zero, ̲mul_one]

Note: This linter can be disabled with `set_option linter.unusedSimpArgs false`
✔ [1651/1651] Built CircuitCorrectness.HashTrace2.Round44 (5.7s)
Build completed successfully (1651 jobs).

{"module": "CircuitCorrectness.HashTrace8.Round29", "exit_code": 0, "seconds": 8.034376582999357, "maximum_child_rss_bytes": 2798288896, "user_seconds": 5.831477, "system_seconds": 2.729651, "log": "results/clean_build_modules/CircuitCorrectness.HashTrace8.Round29.log", "command": ["/Users/hanbunko/Downloads/zkCNN/VerImgCmp/circuit_correctness/.elan/toolchains/leanprover--lean4---v4.28.0/bin/lake", "--no-cache", "build", "+CircuitCorrectness.HashTrace8.Round29"]}
⚠ [1590/1636] Replayed CircuitCorrectness.Affine
warning: CircuitCorrectness/Affine.lean:52:33: This simp argument is unused:
  add_assoc

Hint: Omit it from the simp argument list.
  simp [ih, add_left_comm,̵ ̵a̵d̵d̵_̵a̵s̵s̵o̵c̵]

Note: This linter can be disabled with `set_option linter.unusedSimpArgs false`
⚠ [1598/1636] Replayed CircuitCorrectness.PoseidonProgram
warning: CircuitCorrectness/PoseidonProgram.lean:38:15: unused variable `one`

Note: This linter can be disabled with `set_option linter.unusedVariables false`
warning: CircuitCorrectness/PoseidonProgram.lean:137:14: This simp argument is unused:
  Function.comp_def

Hint: Omit it from the simp argument list.
  simp [hc,̵ ̵F̵u̵n̵c̵t̵i̵o̵n̵.̵c̵o̵m̵p̵_̵d̵e̵f̵]

Note: This linter can be disabled with `set_option linter.unusedSimpArgs false`
warning: CircuitCorrectness/PoseidonProgram.lean:194:68: This simp argument is unused:
  one_mul

Hint: Omit it from the simp argument list.
  simp only [Instruction.value, Affine.eval_constant, Nat.cast_one, o̵n̵e̵_̵m̵u̵l̵,̵
  ̵ ̵ ̵ ̵ ̵h1, mul_one, Affine.eval_nil,
  ̲  ̲ ̲ ̲add_zero] at ho

Note: This linter can be disabled with `set_option linter.unusedSimpArgs false`
⚠ [1605/1636] Replayed CircuitCorrectness.ConcreteProgram
warning: CircuitCorrectness/ConcreteProgram.lean:257:61: This simp argument is unused:
  one_mul

Hint: Omit it from the simp argument list.
  simp only [expandLC, ̲List.map_cons, ̲List.map_nil, ̲evalLC, ̲List.sum_cons, ̲List.sum_nil,
        one_expand, ̲neg_one_expand, ̲cast_neg_one, ̲Nat.cast_one, ̲h1,o̵n̵e̵_̵m̵u̵l̵,̵ ̲add_zero, ̲mul_one]

Note: This linter can be disabled with `set_option linter.unusedSimpArgs false`
✔ [1636/1636] Built CircuitCorrectness.HashTrace8.Round29 (6.2s)
Build completed successfully (1636 jobs).

{"module": "CircuitCorrectness.HashTrace2.Round45", "exit_code": 0, "seconds": 7.606274499999927, "maximum_child_rss_bytes": 2900721664, "user_seconds": 5.396911, "system_seconds": 2.588561, "log": "results/clean_build_modules/CircuitCorrectness.HashTrace2.Round45.log", "command": ["/Users/hanbunko/Downloads/zkCNN/VerImgCmp/circuit_correctness/.elan/toolchains/leanprover--lean4---v4.28.0/bin/lake", "--no-cache", "build", "+CircuitCorrectness.HashTrace2.Round45"]}
⚠ [1590/1652] Replayed CircuitCorrectness.Affine
warning: CircuitCorrectness/Affine.lean:52:33: This simp argument is unused:
  add_assoc

Hint: Omit it from the simp argument list.
  simp [ih, add_left_comm,̵ ̵a̵d̵d̵_̵a̵s̵s̵o̵c̵]

Note: This linter can be disabled with `set_option linter.unusedSimpArgs false`
⚠ [1598/1652] Replayed CircuitCorrectness.PoseidonProgram
warning: CircuitCorrectness/PoseidonProgram.lean:38:15: unused variable `one`

Note: This linter can be disabled with `set_option linter.unusedVariables false`
warning: CircuitCorrectness/PoseidonProgram.lean:137:14: This simp argument is unused:
  Function.comp_def

Hint: Omit it from the simp argument list.
  simp [hc,̵ ̵F̵u̵n̵c̵t̵i̵o̵n̵.̵c̵o̵m̵p̵_̵d̵e̵f̵]

Note: This linter can be disabled with `set_option linter.unusedSimpArgs false`
warning: CircuitCorrectness/PoseidonProgram.lean:194:68: This simp argument is unused:
  one_mul

Hint: Omit it from the simp argument list.
  simp only [Instruction.value, Affine.eval_constant, Nat.cast_one, o̵n̵e̵_̵m̵u̵l̵,̵
  ̵ ̵ ̵ ̵ ̵h1, mul_one, Affine.eval_nil,
  ̲  ̲ ̲ ̲add_zero] at ho

Note: This linter can be disabled with `set_option linter.unusedSimpArgs false`
⚠ [1605/1652] Replayed CircuitCorrectness.ConcreteProgram
warning: CircuitCorrectness/ConcreteProgram.lean:257:61: This simp argument is unused:
  one_mul

Hint: Omit it from the simp argument list.
  simp only [expandLC, ̲List.map_cons, ̲List.map_nil, ̲evalLC, ̲List.sum_cons, ̲List.sum_nil,
        one_expand, ̲neg_one_expand, ̲cast_neg_one, ̲Nat.cast_one, ̲h1,o̵n̵e̵_̵m̵u̵l̵,̵ ̲add_zero, ̲mul_one]

Note: This linter can be disabled with `set_option linter.unusedSimpArgs false`
✔ [1652/1652] Built CircuitCorrectness.HashTrace2.Round45 (5.7s)
Build completed successfully (1652 jobs).

{"module": "CircuitCorrectness.HashTrace8.Round30", "exit_code": 0, "seconds": 7.888353999999708, "maximum_child_rss_bytes": 2864332800, "user_seconds": 5.784989, "system_seconds": 2.601965, "log": "results/clean_build_modules/CircuitCorrectness.HashTrace8.Round30.log", "command": ["/Users/hanbunko/Downloads/zkCNN/VerImgCmp/circuit_correctness/.elan/toolchains/leanprover--lean4---v4.28.0/bin/lake", "--no-cache", "build", "+CircuitCorrectness.HashTrace8.Round30"]}
⚠ [1590/1637] Replayed CircuitCorrectness.Affine
warning: CircuitCorrectness/Affine.lean:52:33: This simp argument is unused:
  add_assoc

Hint: Omit it from the simp argument list.
  simp [ih, add_left_comm,̵ ̵a̵d̵d̵_̵a̵s̵s̵o̵c̵]

Note: This linter can be disabled with `set_option linter.unusedSimpArgs false`
⚠ [1598/1637] Replayed CircuitCorrectness.PoseidonProgram
warning: CircuitCorrectness/PoseidonProgram.lean:38:15: unused variable `one`

Note: This linter can be disabled with `set_option linter.unusedVariables false`
warning: CircuitCorrectness/PoseidonProgram.lean:137:14: This simp argument is unused:
  Function.comp_def

Hint: Omit it from the simp argument list.
  simp [hc,̵ ̵F̵u̵n̵c̵t̵i̵o̵n̵.̵c̵o̵m̵p̵_̵d̵e̵f̵]

Note: This linter can be disabled with `set_option linter.unusedSimpArgs false`
warning: CircuitCorrectness/PoseidonProgram.lean:194:68: This simp argument is unused:
  one_mul

Hint: Omit it from the simp argument list.
  simp only [Instruction.value, Affine.eval_constant, Nat.cast_one, o̵n̵e̵_̵m̵u̵l̵,̵
  ̵ ̵ ̵ ̵ ̵h1, mul_one, Affine.eval_nil,
  ̲  ̲ ̲ ̲add_zero] at ho

Note: This linter can be disabled with `set_option linter.unusedSimpArgs false`
⚠ [1605/1637] Replayed CircuitCorrectness.ConcreteProgram
warning: CircuitCorrectness/ConcreteProgram.lean:257:61: This simp argument is unused:
  one_mul

Hint: Omit it from the simp argument list.
  simp only [expandLC, ̲List.map_cons, ̲List.map_nil, ̲evalLC, ̲List.sum_cons, ̲List.sum_nil,
        one_expand, ̲neg_one_expand, ̲cast_neg_one, ̲Nat.cast_one, ̲h1,o̵n̵e̵_̵m̵u̵l̵,̵ ̲add_zero, ̲mul_one]

Note: This linter can be disabled with `set_option linter.unusedSimpArgs false`
✔ [1637/1637] Built CircuitCorrectness.HashTrace8.Round30 (6.1s)
Build completed successfully (1637 jobs).

{"module": "CircuitCorrectness.HashTrace2.Round46", "exit_code": 0, "seconds": 7.608331208999516, "maximum_child_rss_bytes": 2798764032, "user_seconds": 5.375005, "system_seconds": 2.600642, "log": "results/clean_build_modules/CircuitCorrectness.HashTrace2.Round46.log", "command": ["/Users/hanbunko/Downloads/zkCNN/VerImgCmp/circuit_correctness/.elan/toolchains/leanprover--lean4---v4.28.0/bin/lake", "--no-cache", "build", "+CircuitCorrectness.HashTrace2.Round46"]}
⚠ [1590/1653] Replayed CircuitCorrectness.Affine
warning: CircuitCorrectness/Affine.lean:52:33: This simp argument is unused:
  add_assoc

Hint: Omit it from the simp argument list.
  simp [ih, add_left_comm,̵ ̵a̵d̵d̵_̵a̵s̵s̵o̵c̵]

Note: This linter can be disabled with `set_option linter.unusedSimpArgs false`
⚠ [1598/1653] Replayed CircuitCorrectness.PoseidonProgram
warning: CircuitCorrectness/PoseidonProgram.lean:38:15: unused variable `one`

Note: This linter can be disabled with `set_option linter.unusedVariables false`
warning: CircuitCorrectness/PoseidonProgram.lean:137:14: This simp argument is unused:
  Function.comp_def

Hint: Omit it from the simp argument list.
  simp [hc,̵ ̵F̵u̵n̵c̵t̵i̵o̵n̵.̵c̵o̵m̵p̵_̵d̵e̵f̵]

Note: This linter can be disabled with `set_option linter.unusedSimpArgs false`
warning: CircuitCorrectness/PoseidonProgram.lean:194:68: This simp argument is unused:
  one_mul

Hint: Omit it from the simp argument list.
  simp only [Instruction.value, Affine.eval_constant, Nat.cast_one, o̵n̵e̵_̵m̵u̵l̵,̵
  ̵ ̵ ̵ ̵ ̵h1, mul_one, Affine.eval_nil,
  ̲  ̲ ̲ ̲add_zero] at ho

Note: This linter can be disabled with `set_option linter.unusedSimpArgs false`
⚠ [1605/1653] Replayed CircuitCorrectness.ConcreteProgram
warning: CircuitCorrectness/ConcreteProgram.lean:257:61: This simp argument is unused:
  one_mul

Hint: Omit it from the simp argument list.
  simp only [expandLC, ̲List.map_cons, ̲List.map_nil, ̲evalLC, ̲List.sum_cons, ̲List.sum_nil,
        one_expand, ̲neg_one_expand, ̲cast_neg_one, ̲Nat.cast_one, ̲h1,o̵n̵e̵_̵m̵u̵l̵,̵ ̲add_zero, ̲mul_one]

Note: This linter can be disabled with `set_option linter.unusedSimpArgs false`
✔ [1653/1653] Built CircuitCorrectness.HashTrace2.Round46 (5.7s)
Build completed successfully (1653 jobs).

{"module": "CircuitCorrectness.HashTrace8.Round31", "exit_code": 0, "seconds": 8.013601042000118, "maximum_child_rss_bytes": 2730786816, "user_seconds": 5.8050749999999995, "system_seconds": 2.620796, "log": "results/clean_build_modules/CircuitCorrectness.HashTrace8.Round31.log", "command": ["/Users/hanbunko/Downloads/zkCNN/VerImgCmp/circuit_correctness/.elan/toolchains/leanprover--lean4---v4.28.0/bin/lake", "--no-cache", "build", "+CircuitCorrectness.HashTrace8.Round31"]}
⚠ [1590/1638] Replayed CircuitCorrectness.Affine
warning: CircuitCorrectness/Affine.lean:52:33: This simp argument is unused:
  add_assoc

Hint: Omit it from the simp argument list.
  simp [ih, add_left_comm,̵ ̵a̵d̵d̵_̵a̵s̵s̵o̵c̵]

Note: This linter can be disabled with `set_option linter.unusedSimpArgs false`
⚠ [1598/1638] Replayed CircuitCorrectness.PoseidonProgram
warning: CircuitCorrectness/PoseidonProgram.lean:38:15: unused variable `one`

Note: This linter can be disabled with `set_option linter.unusedVariables false`
warning: CircuitCorrectness/PoseidonProgram.lean:137:14: This simp argument is unused:
  Function.comp_def

Hint: Omit it from the simp argument list.
  simp [hc,̵ ̵F̵u̵n̵c̵t̵i̵o̵n̵.̵c̵o̵m̵p̵_̵d̵e̵f̵]

Note: This linter can be disabled with `set_option linter.unusedSimpArgs false`
warning: CircuitCorrectness/PoseidonProgram.lean:194:68: This simp argument is unused:
  one_mul

Hint: Omit it from the simp argument list.
  simp only [Instruction.value, Affine.eval_constant, Nat.cast_one, o̵n̵e̵_̵m̵u̵l̵,̵
  ̵ ̵ ̵ ̵ ̵h1, mul_one, Affine.eval_nil,
  ̲  ̲ ̲ ̲add_zero] at ho

Note: This linter can be disabled with `set_option linter.unusedSimpArgs false`
⚠ [1605/1638] Replayed CircuitCorrectness.ConcreteProgram
warning: CircuitCorrectness/ConcreteProgram.lean:257:61: This simp argument is unused:
  one_mul

Hint: Omit it from the simp argument list.
  simp only [expandLC, ̲List.map_cons, ̲List.map_nil, ̲evalLC, ̲List.sum_cons, ̲List.sum_nil,
        one_expand, ̲neg_one_expand, ̲cast_neg_one, ̲Nat.cast_one, ̲h1,o̵n̵e̵_̵m̵u̵l̵,̵ ̲add_zero, ̲mul_one]

Note: This linter can be disabled with `set_option linter.unusedSimpArgs false`
✔ [1638/1638] Built CircuitCorrectness.HashTrace8.Round31 (6.1s)
Build completed successfully (1638 jobs).

{"module": "CircuitCorrectness.HashTrace2.Round47", "exit_code": 0, "seconds": 7.831512499999917, "maximum_child_rss_bytes": 2911305728, "user_seconds": 5.65069, "system_seconds": 2.610789, "log": "results/clean_build_modules/CircuitCorrectness.HashTrace2.Round47.log", "command": ["/Users/hanbunko/Downloads/zkCNN/VerImgCmp/circuit_correctness/.elan/toolchains/leanprover--lean4---v4.28.0/bin/lake", "--no-cache", "build", "+CircuitCorrectness.HashTrace2.Round47"]}
⚠ [1590/1654] Replayed CircuitCorrectness.Affine
warning: CircuitCorrectness/Affine.lean:52:33: This simp argument is unused:
  add_assoc

Hint: Omit it from the simp argument list.
  simp [ih, add_left_comm,̵ ̵a̵d̵d̵_̵a̵s̵s̵o̵c̵]

Note: This linter can be disabled with `set_option linter.unusedSimpArgs false`
⚠ [1598/1654] Replayed CircuitCorrectness.PoseidonProgram
warning: CircuitCorrectness/PoseidonProgram.lean:38:15: unused variable `one`

Note: This linter can be disabled with `set_option linter.unusedVariables false`
warning: CircuitCorrectness/PoseidonProgram.lean:137:14: This simp argument is unused:
  Function.comp_def

Hint: Omit it from the simp argument list.
  simp [hc,̵ ̵F̵u̵n̵c̵t̵i̵o̵n̵.̵c̵o̵m̵p̵_̵d̵e̵f̵]

Note: This linter can be disabled with `set_option linter.unusedSimpArgs false`
warning: CircuitCorrectness/PoseidonProgram.lean:194:68: This simp argument is unused:
  one_mul

Hint: Omit it from the simp argument list.
  simp only [Instruction.value, Affine.eval_constant, Nat.cast_one, o̵n̵e̵_̵m̵u̵l̵,̵
  ̵ ̵ ̵ ̵ ̵h1, mul_one, Affine.eval_nil,
  ̲  ̲ ̲ ̲add_zero] at ho

Note: This linter can be disabled with `set_option linter.unusedSimpArgs false`
⚠ [1605/1654] Replayed CircuitCorrectness.ConcreteProgram
warning: CircuitCorrectness/ConcreteProgram.lean:257:61: This simp argument is unused:
  one_mul

Hint: Omit it from the simp argument list.
  simp only [expandLC, ̲List.map_cons, ̲List.map_nil, ̲evalLC, ̲List.sum_cons, ̲List.sum_nil,
        one_expand, ̲neg_one_expand, ̲cast_neg_one, ̲Nat.cast_one, ̲h1,o̵n̵e̵_̵m̵u̵l̵,̵ ̲add_zero, ̲mul_one]

Note: This linter can be disabled with `set_option linter.unusedSimpArgs false`
✔ [1654/1654] Built CircuitCorrectness.HashTrace2.Round47 (5.9s)
Build completed successfully (1654 jobs).

{"module": "CircuitCorrectness.HashTrace8.Round32", "exit_code": 0, "seconds": 8.23125466700003, "maximum_child_rss_bytes": 2830008320, "user_seconds": 6.062203, "system_seconds": 2.627555, "log": "results/clean_build_modules/CircuitCorrectness.HashTrace8.Round32.log", "command": ["/Users/hanbunko/Downloads/zkCNN/VerImgCmp/circuit_correctness/.elan/toolchains/leanprover--lean4---v4.28.0/bin/lake", "--no-cache", "build", "+CircuitCorrectness.HashTrace8.Round32"]}
⚠ [1590/1639] Replayed CircuitCorrectness.Affine
warning: CircuitCorrectness/Affine.lean:52:33: This simp argument is unused:
  add_assoc

Hint: Omit it from the simp argument list.
  simp [ih, add_left_comm,̵ ̵a̵d̵d̵_̵a̵s̵s̵o̵c̵]

Note: This linter can be disabled with `set_option linter.unusedSimpArgs false`
⚠ [1598/1639] Replayed CircuitCorrectness.PoseidonProgram
warning: CircuitCorrectness/PoseidonProgram.lean:38:15: unused variable `one`

Note: This linter can be disabled with `set_option linter.unusedVariables false`
warning: CircuitCorrectness/PoseidonProgram.lean:137:14: This simp argument is unused:
  Function.comp_def

Hint: Omit it from the simp argument list.
  simp [hc,̵ ̵F̵u̵n̵c̵t̵i̵o̵n̵.̵c̵o̵m̵p̵_̵d̵e̵f̵]

Note: This linter can be disabled with `set_option linter.unusedSimpArgs false`
warning: CircuitCorrectness/PoseidonProgram.lean:194:68: This simp argument is unused:
  one_mul

Hint: Omit it from the simp argument list.
  simp only [Instruction.value, Affine.eval_constant, Nat.cast_one, o̵n̵e̵_̵m̵u̵l̵,̵
  ̵ ̵ ̵ ̵ ̵h1, mul_one, Affine.eval_nil,
  ̲  ̲ ̲ ̲add_zero] at ho

Note: This linter can be disabled with `set_option linter.unusedSimpArgs false`
⚠ [1605/1639] Replayed CircuitCorrectness.ConcreteProgram
warning: CircuitCorrectness/ConcreteProgram.lean:257:61: This simp argument is unused:
  one_mul

Hint: Omit it from the simp argument list.
  simp only [expandLC, ̲List.map_cons, ̲List.map_nil, ̲evalLC, ̲List.sum_cons, ̲List.sum_nil,
        one_expand, ̲neg_one_expand, ̲cast_neg_one, ̲Nat.cast_one, ̲h1,o̵n̵e̵_̵m̵u̵l̵,̵ ̲add_zero, ̲mul_one]

Note: This linter can be disabled with `set_option linter.unusedSimpArgs false`
✔ [1639/1639] Built CircuitCorrectness.HashTrace8.Round32 (6.4s)
Build completed successfully (1639 jobs).

{"module": "CircuitCorrectness.HashTrace2.Round48", "exit_code": 0, "seconds": 7.919758125000044, "maximum_child_rss_bytes": 2935980032, "user_seconds": 5.7468259999999995, "system_seconds": 2.616825, "log": "results/clean_build_modules/CircuitCorrectness.HashTrace2.Round48.log", "command": ["/Users/hanbunko/Downloads/zkCNN/VerImgCmp/circuit_correctness/.elan/toolchains/leanprover--lean4---v4.28.0/bin/lake", "--no-cache", "build", "+CircuitCorrectness.HashTrace2.Round48"]}
⚠ [1590/1655] Replayed CircuitCorrectness.Affine
warning: CircuitCorrectness/Affine.lean:52:33: This simp argument is unused:
  add_assoc

Hint: Omit it from the simp argument list.
  simp [ih, add_left_comm,̵ ̵a̵d̵d̵_̵a̵s̵s̵o̵c̵]

Note: This linter can be disabled with `set_option linter.unusedSimpArgs false`
⚠ [1598/1655] Replayed CircuitCorrectness.PoseidonProgram
warning: CircuitCorrectness/PoseidonProgram.lean:38:15: unused variable `one`

Note: This linter can be disabled with `set_option linter.unusedVariables false`
warning: CircuitCorrectness/PoseidonProgram.lean:137:14: This simp argument is unused:
  Function.comp_def

Hint: Omit it from the simp argument list.
  simp [hc,̵ ̵F̵u̵n̵c̵t̵i̵o̵n̵.̵c̵o̵m̵p̵_̵d̵e̵f̵]

Note: This linter can be disabled with `set_option linter.unusedSimpArgs false`
warning: CircuitCorrectness/PoseidonProgram.lean:194:68: This simp argument is unused:
  one_mul

Hint: Omit it from the simp argument list.
  simp only [Instruction.value, Affine.eval_constant, Nat.cast_one, o̵n̵e̵_̵m̵u̵l̵,̵
  ̵ ̵ ̵ ̵ ̵h1, mul_one, Affine.eval_nil,
  ̲  ̲ ̲ ̲add_zero] at ho

Note: This linter can be disabled with `set_option linter.unusedSimpArgs false`
⚠ [1605/1655] Replayed CircuitCorrectness.ConcreteProgram
warning: CircuitCorrectness/ConcreteProgram.lean:257:61: This simp argument is unused:
  one_mul

Hint: Omit it from the simp argument list.
  simp only [expandLC, ̲List.map_cons, ̲List.map_nil, ̲evalLC, ̲List.sum_cons, ̲List.sum_nil,
        one_expand, ̲neg_one_expand, ̲cast_neg_one, ̲Nat.cast_one, ̲h1,o̵n̵e̵_̵m̵u̵l̵,̵ ̲add_zero, ̲mul_one]

Note: This linter can be disabled with `set_option linter.unusedSimpArgs false`
✔ [1655/1655] Built CircuitCorrectness.HashTrace2.Round48 (6.0s)
Build completed successfully (1655 jobs).

{"module": "CircuitCorrectness.HashTrace8.Round33", "exit_code": 0, "seconds": 8.258240707999903, "maximum_child_rss_bytes": 2810183680, "user_seconds": 6.028348, "system_seconds": 2.6642959999999998, "log": "results/clean_build_modules/CircuitCorrectness.HashTrace8.Round33.log", "command": ["/Users/hanbunko/Downloads/zkCNN/VerImgCmp/circuit_correctness/.elan/toolchains/leanprover--lean4---v4.28.0/bin/lake", "--no-cache", "build", "+CircuitCorrectness.HashTrace8.Round33"]}
⚠ [1590/1640] Replayed CircuitCorrectness.Affine
warning: CircuitCorrectness/Affine.lean:52:33: This simp argument is unused:
  add_assoc

Hint: Omit it from the simp argument list.
  simp [ih, add_left_comm,̵ ̵a̵d̵d̵_̵a̵s̵s̵o̵c̵]

Note: This linter can be disabled with `set_option linter.unusedSimpArgs false`
⚠ [1598/1640] Replayed CircuitCorrectness.PoseidonProgram
warning: CircuitCorrectness/PoseidonProgram.lean:38:15: unused variable `one`

Note: This linter can be disabled with `set_option linter.unusedVariables false`
warning: CircuitCorrectness/PoseidonProgram.lean:137:14: This simp argument is unused:
  Function.comp_def

Hint: Omit it from the simp argument list.
  simp [hc,̵ ̵F̵u̵n̵c̵t̵i̵o̵n̵.̵c̵o̵m̵p̵_̵d̵e̵f̵]

Note: This linter can be disabled with `set_option linter.unusedSimpArgs false`
warning: CircuitCorrectness/PoseidonProgram.lean:194:68: This simp argument is unused:
  one_mul

Hint: Omit it from the simp argument list.
  simp only [Instruction.value, Affine.eval_constant, Nat.cast_one, o̵n̵e̵_̵m̵u̵l̵,̵
  ̵ ̵ ̵ ̵ ̵h1, mul_one, Affine.eval_nil,
  ̲  ̲ ̲ ̲add_zero] at ho

Note: This linter can be disabled with `set_option linter.unusedSimpArgs false`
⚠ [1605/1640] Replayed CircuitCorrectness.ConcreteProgram
warning: CircuitCorrectness/ConcreteProgram.lean:257:61: This simp argument is unused:
  one_mul

Hint: Omit it from the simp argument list.
  simp only [expandLC, ̲List.map_cons, ̲List.map_nil, ̲evalLC, ̲List.sum_cons, ̲List.sum_nil,
        one_expand, ̲neg_one_expand, ̲cast_neg_one, ̲Nat.cast_one, ̲h1,o̵n̵e̵_̵m̵u̵l̵,̵ ̲add_zero, ̲mul_one]

Note: This linter can be disabled with `set_option linter.unusedSimpArgs false`
✔ [1640/1640] Built CircuitCorrectness.HashTrace8.Round33 (6.4s)
Build completed successfully (1640 jobs).

{"module": "CircuitCorrectness.HashTrace2.Round49", "exit_code": 0, "seconds": 7.96731304199966, "maximum_child_rss_bytes": 2943991808, "user_seconds": 5.777909, "system_seconds": 2.618686, "log": "results/clean_build_modules/CircuitCorrectness.HashTrace2.Round49.log", "command": ["/Users/hanbunko/Downloads/zkCNN/VerImgCmp/circuit_correctness/.elan/toolchains/leanprover--lean4---v4.28.0/bin/lake", "--no-cache", "build", "+CircuitCorrectness.HashTrace2.Round49"]}
⚠ [1590/1656] Replayed CircuitCorrectness.Affine
warning: CircuitCorrectness/Affine.lean:52:33: This simp argument is unused:
  add_assoc

Hint: Omit it from the simp argument list.
  simp [ih, add_left_comm,̵ ̵a̵d̵d̵_̵a̵s̵s̵o̵c̵]

Note: This linter can be disabled with `set_option linter.unusedSimpArgs false`
⚠ [1598/1656] Replayed CircuitCorrectness.PoseidonProgram
warning: CircuitCorrectness/PoseidonProgram.lean:38:15: unused variable `one`

Note: This linter can be disabled with `set_option linter.unusedVariables false`
warning: CircuitCorrectness/PoseidonProgram.lean:137:14: This simp argument is unused:
  Function.comp_def

Hint: Omit it from the simp argument list.
  simp [hc,̵ ̵F̵u̵n̵c̵t̵i̵o̵n̵.̵c̵o̵m̵p̵_̵d̵e̵f̵]

Note: This linter can be disabled with `set_option linter.unusedSimpArgs false`
warning: CircuitCorrectness/PoseidonProgram.lean:194:68: This simp argument is unused:
  one_mul

Hint: Omit it from the simp argument list.
  simp only [Instruction.value, Affine.eval_constant, Nat.cast_one, o̵n̵e̵_̵m̵u̵l̵,̵
  ̵ ̵ ̵ ̵ ̵h1, mul_one, Affine.eval_nil,
  ̲  ̲ ̲ ̲add_zero] at ho

Note: This linter can be disabled with `set_option linter.unusedSimpArgs false`
⚠ [1605/1656] Replayed CircuitCorrectness.ConcreteProgram
warning: CircuitCorrectness/ConcreteProgram.lean:257:61: This simp argument is unused:
  one_mul

Hint: Omit it from the simp argument list.
  simp only [expandLC, ̲List.map_cons, ̲List.map_nil, ̲evalLC, ̲List.sum_cons, ̲List.sum_nil,
        one_expand, ̲neg_one_expand, ̲cast_neg_one, ̲Nat.cast_one, ̲h1,o̵n̵e̵_̵m̵u̵l̵,̵ ̲add_zero, ̲mul_one]

Note: This linter can be disabled with `set_option linter.unusedSimpArgs false`
✔ [1656/1656] Built CircuitCorrectness.HashTrace2.Round49 (6.1s)
Build completed successfully (1656 jobs).

{"module": "CircuitCorrectness.HashTrace8.Round34", "exit_code": 0, "seconds": 8.272371416999704, "maximum_child_rss_bytes": 2834219008, "user_seconds": 6.123636, "system_seconds": 2.660413, "log": "results/clean_build_modules/CircuitCorrectness.HashTrace8.Round34.log", "command": ["/Users/hanbunko/Downloads/zkCNN/VerImgCmp/circuit_correctness/.elan/toolchains/leanprover--lean4---v4.28.0/bin/lake", "--no-cache", "build", "+CircuitCorrectness.HashTrace8.Round34"]}
⚠ [1589/1600] Replayed CircuitCorrectness.Affine
warning: CircuitCorrectness/Affine.lean:52:33: This simp argument is unused:
  add_assoc

Hint: Omit it from the simp argument list.
  simp [ih, add_left_comm,̵ ̵a̵d̵d̵_̵a̵s̵s̵o̵c̵]

Note: This linter can be disabled with `set_option linter.unusedSimpArgs false`
⚠ [1597/1600] Replayed CircuitCorrectness.PoseidonProgram
warning: CircuitCorrectness/PoseidonProgram.lean:38:15: unused variable `one`

Note: This linter can be disabled with `set_option linter.unusedVariables false`
warning: CircuitCorrectness/PoseidonProgram.lean:137:14: This simp argument is unused:
  Function.comp_def

Hint: Omit it from the simp argument list.
  simp [hc,̵ ̵F̵u̵n̵c̵t̵i̵o̵n̵.̵c̵o̵m̵p̵_̵d̵e̵f̵]

Note: This linter can be disabled with `set_option linter.unusedSimpArgs false`
warning: CircuitCorrectness/PoseidonProgram.lean:194:68: This simp argument is unused:
  one_mul

Hint: Omit it from the simp argument list.
  simp only [Instruction.value, Affine.eval_constant, Nat.cast_one, o̵n̵e̵_̵m̵u̵l̵,̵
  ̵ ̵ ̵ ̵ ̵h1, mul_one, Affine.eval_nil,
  ̲  ̲ ̲ ̲add_zero] at ho

Note: This linter can be disabled with `set_option linter.unusedSimpArgs false`
⚠ [1605/1641] Replayed CircuitCorrectness.ConcreteProgram
warning: CircuitCorrectness/ConcreteProgram.lean:257:61: This simp argument is unused:
  one_mul

Hint: Omit it from the simp argument list.
  simp only [expandLC, ̲List.map_cons, ̲List.map_nil, ̲evalLC, ̲List.sum_cons, ̲List.sum_nil,
        one_expand, ̲neg_one_expand, ̲cast_neg_one, ̲Nat.cast_one, ̲h1,o̵n̵e̵_̵m̵u̵l̵,̵ ̲add_zero, ̲mul_one]

Note: This linter can be disabled with `set_option linter.unusedSimpArgs false`
✔ [1641/1641] Built CircuitCorrectness.HashTrace8.Round34 (6.4s)
Build completed successfully (1641 jobs).

{"module": "CircuitCorrectness.HashTrace2.Round50", "exit_code": 0, "seconds": 8.177723582999533, "maximum_child_rss_bytes": 2957836288, "user_seconds": 5.888637, "system_seconds": 2.640314, "log": "results/clean_build_modules/CircuitCorrectness.HashTrace2.Round50.log", "command": ["/Users/hanbunko/Downloads/zkCNN/VerImgCmp/circuit_correctness/.elan/toolchains/leanprover--lean4---v4.28.0/bin/lake", "--no-cache", "build", "+CircuitCorrectness.HashTrace2.Round50"]}
⚠ [1589/1594] Replayed CircuitCorrectness.Affine
warning: CircuitCorrectness/Affine.lean:52:33: This simp argument is unused:
  add_assoc

Hint: Omit it from the simp argument list.
  simp [ih, add_left_comm,̵ ̵a̵d̵d̵_̵a̵s̵s̵o̵c̵]

Note: This linter can be disabled with `set_option linter.unusedSimpArgs false`
⚠ [1598/1657] Replayed CircuitCorrectness.PoseidonProgram
warning: CircuitCorrectness/PoseidonProgram.lean:38:15: unused variable `one`

Note: This linter can be disabled with `set_option linter.unusedVariables false`
warning: CircuitCorrectness/PoseidonProgram.lean:137:14: This simp argument is unused:
  Function.comp_def

Hint: Omit it from the simp argument list.
  simp [hc,̵ ̵F̵u̵n̵c̵t̵i̵o̵n̵.̵c̵o̵m̵p̵_̵d̵e̵f̵]

Note: This linter can be disabled with `set_option linter.unusedSimpArgs false`
warning: CircuitCorrectness/PoseidonProgram.lean:194:68: This simp argument is unused:
  one_mul

Hint: Omit it from the simp argument list.
  simp only [Instruction.value, Affine.eval_constant, Nat.cast_one, o̵n̵e̵_̵m̵u̵l̵,̵
  ̵ ̵ ̵ ̵ ̵h1, mul_one, Affine.eval_nil,
  ̲  ̲ ̲ ̲add_zero] at ho

Note: This linter can be disabled with `set_option linter.unusedSimpArgs false`
⚠ [1605/1657] Replayed CircuitCorrectness.ConcreteProgram
warning: CircuitCorrectness/ConcreteProgram.lean:257:61: This simp argument is unused:
  one_mul

Hint: Omit it from the simp argument list.
  simp only [expandLC, ̲List.map_cons, ̲List.map_nil, ̲evalLC, ̲List.sum_cons, ̲List.sum_nil,
        one_expand, ̲neg_one_expand, ̲cast_neg_one, ̲Nat.cast_one, ̲h1,o̵n̵e̵_̵m̵u̵l̵,̵ ̲add_zero, ̲mul_one]

Note: This linter can be disabled with `set_option linter.unusedSimpArgs false`
✔ [1657/1657] Built CircuitCorrectness.HashTrace2.Round50 (6.2s)
Build completed successfully (1657 jobs).

{"module": "CircuitCorrectness.HashTrace8.Round35", "exit_code": 0, "seconds": 8.492650334000245, "maximum_child_rss_bytes": 2826141696, "user_seconds": 6.262905, "system_seconds": 2.665933, "log": "results/clean_build_modules/CircuitCorrectness.HashTrace8.Round35.log", "command": ["/Users/hanbunko/Downloads/zkCNN/VerImgCmp/circuit_correctness/.elan/toolchains/leanprover--lean4---v4.28.0/bin/lake", "--no-cache", "build", "+CircuitCorrectness.HashTrace8.Round35"]}
⚠ [1590/1642] Replayed CircuitCorrectness.Affine
warning: CircuitCorrectness/Affine.lean:52:33: This simp argument is unused:
  add_assoc

Hint: Omit it from the simp argument list.
  simp [ih, add_left_comm,̵ ̵a̵d̵d̵_̵a̵s̵s̵o̵c̵]

Note: This linter can be disabled with `set_option linter.unusedSimpArgs false`
⚠ [1598/1642] Replayed CircuitCorrectness.PoseidonProgram
warning: CircuitCorrectness/PoseidonProgram.lean:38:15: unused variable `one`

Note: This linter can be disabled with `set_option linter.unusedVariables false`
warning: CircuitCorrectness/PoseidonProgram.lean:137:14: This simp argument is unused:
  Function.comp_def

Hint: Omit it from the simp argument list.
  simp [hc,̵ ̵F̵u̵n̵c̵t̵i̵o̵n̵.̵c̵o̵m̵p̵_̵d̵e̵f̵]

Note: This linter can be disabled with `set_option linter.unusedSimpArgs false`
warning: CircuitCorrectness/PoseidonProgram.lean:194:68: This simp argument is unused:
  one_mul

Hint: Omit it from the simp argument list.
  simp only [Instruction.value, Affine.eval_constant, Nat.cast_one, o̵n̵e̵_̵m̵u̵l̵,̵
  ̵ ̵ ̵ ̵ ̵h1, mul_one, Affine.eval_nil,
  ̲  ̲ ̲ ̲add_zero] at ho

Note: This linter can be disabled with `set_option linter.unusedSimpArgs false`
⚠ [1605/1642] Replayed CircuitCorrectness.ConcreteProgram
warning: CircuitCorrectness/ConcreteProgram.lean:257:61: This simp argument is unused:
  one_mul

Hint: Omit it from the simp argument list.
  simp only [expandLC, ̲List.map_cons, ̲List.map_nil, ̲evalLC, ̲List.sum_cons, ̲List.sum_nil,
        one_expand, ̲neg_one_expand, ̲cast_neg_one, ̲Nat.cast_one, ̲h1,o̵n̵e̵_̵m̵u̵l̵,̵ ̲add_zero, ̲mul_one]

Note: This linter can be disabled with `set_option linter.unusedSimpArgs false`
✔ [1642/1642] Built CircuitCorrectness.HashTrace8.Round35 (6.6s)
Build completed successfully (1642 jobs).

{"module": "CircuitCorrectness.HashTrace2.Round51", "exit_code": 0, "seconds": 8.230364749999353, "maximum_child_rss_bytes": 2959867904, "user_seconds": 5.87928, "system_seconds": 2.662232, "log": "results/clean_build_modules/CircuitCorrectness.HashTrace2.Round51.log", "command": ["/Users/hanbunko/Downloads/zkCNN/VerImgCmp/circuit_correctness/.elan/toolchains/leanprover--lean4---v4.28.0/bin/lake", "--no-cache", "build", "+CircuitCorrectness.HashTrace2.Round51"]}
⚠ [1590/1658] Replayed CircuitCorrectness.Affine
warning: CircuitCorrectness/Affine.lean:52:33: This simp argument is unused:
  add_assoc

Hint: Omit it from the simp argument list.
  simp [ih, add_left_comm,̵ ̵a̵d̵d̵_̵a̵s̵s̵o̵c̵]

Note: This linter can be disabled with `set_option linter.unusedSimpArgs false`
⚠ [1598/1658] Replayed CircuitCorrectness.PoseidonProgram
warning: CircuitCorrectness/PoseidonProgram.lean:38:15: unused variable `one`

Note: This linter can be disabled with `set_option linter.unusedVariables false`
warning: CircuitCorrectness/PoseidonProgram.lean:137:14: This simp argument is unused:
  Function.comp_def

Hint: Omit it from the simp argument list.
  simp [hc,̵ ̵F̵u̵n̵c̵t̵i̵o̵n̵.̵c̵o̵m̵p̵_̵d̵e̵f̵]

Note: This linter can be disabled with `set_option linter.unusedSimpArgs false`
warning: CircuitCorrectness/PoseidonProgram.lean:194:68: This simp argument is unused:
  one_mul

Hint: Omit it from the simp argument list.
  simp only [Instruction.value, Affine.eval_constant, Nat.cast_one, o̵n̵e̵_̵m̵u̵l̵,̵
  ̵ ̵ ̵ ̵ ̵h1, mul_one, Affine.eval_nil,
  ̲  ̲ ̲ ̲add_zero] at ho

Note: This linter can be disabled with `set_option linter.unusedSimpArgs false`
⚠ [1605/1658] Replayed CircuitCorrectness.ConcreteProgram
warning: CircuitCorrectness/ConcreteProgram.lean:257:61: This simp argument is unused:
  one_mul

Hint: Omit it from the simp argument list.
  simp only [expandLC, ̲List.map_cons, ̲List.map_nil, ̲evalLC, ̲List.sum_cons, ̲List.sum_nil,
        one_expand, ̲neg_one_expand, ̲cast_neg_one, ̲Nat.cast_one, ̲h1,o̵n̵e̵_̵m̵u̵l̵,̵ ̲add_zero, ̲mul_one]

Note: This linter can be disabled with `set_option linter.unusedSimpArgs false`
✔ [1658/1658] Built CircuitCorrectness.HashTrace2.Round51 (6.2s)
Build completed successfully (1658 jobs).

{"module": "CircuitCorrectness.HashTrace8.Round36", "exit_code": 0, "seconds": 8.700161707999541, "maximum_child_rss_bytes": 2881536000, "user_seconds": 6.538799, "system_seconds": 2.683065, "log": "results/clean_build_modules/CircuitCorrectness.HashTrace8.Round36.log", "command": ["/Users/hanbunko/Downloads/zkCNN/VerImgCmp/circuit_correctness/.elan/toolchains/leanprover--lean4---v4.28.0/bin/lake", "--no-cache", "build", "+CircuitCorrectness.HashTrace8.Round36"]}
⚠ [1590/1643] Replayed CircuitCorrectness.Affine
warning: CircuitCorrectness/Affine.lean:52:33: This simp argument is unused:
  add_assoc

Hint: Omit it from the simp argument list.
  simp [ih, add_left_comm,̵ ̵a̵d̵d̵_̵a̵s̵s̵o̵c̵]

Note: This linter can be disabled with `set_option linter.unusedSimpArgs false`
⚠ [1598/1643] Replayed CircuitCorrectness.PoseidonProgram
warning: CircuitCorrectness/PoseidonProgram.lean:38:15: unused variable `one`

Note: This linter can be disabled with `set_option linter.unusedVariables false`
warning: CircuitCorrectness/PoseidonProgram.lean:137:14: This simp argument is unused:
  Function.comp_def

Hint: Omit it from the simp argument list.
  simp [hc,̵ ̵F̵u̵n̵c̵t̵i̵o̵n̵.̵c̵o̵m̵p̵_̵d̵e̵f̵]

Note: This linter can be disabled with `set_option linter.unusedSimpArgs false`
warning: CircuitCorrectness/PoseidonProgram.lean:194:68: This simp argument is unused:
  one_mul

Hint: Omit it from the simp argument list.
  simp only [Instruction.value, Affine.eval_constant, Nat.cast_one, o̵n̵e̵_̵m̵u̵l̵,̵
  ̵ ̵ ̵ ̵ ̵h1, mul_one, Affine.eval_nil,
  ̲  ̲ ̲ ̲add_zero] at ho

Note: This linter can be disabled with `set_option linter.unusedSimpArgs false`
⚠ [1605/1643] Replayed CircuitCorrectness.ConcreteProgram
warning: CircuitCorrectness/ConcreteProgram.lean:257:61: This simp argument is unused:
  one_mul

Hint: Omit it from the simp argument list.
  simp only [expandLC, ̲List.map_cons, ̲List.map_nil, ̲evalLC, ̲List.sum_cons, ̲List.sum_nil,
        one_expand, ̲neg_one_expand, ̲cast_neg_one, ̲Nat.cast_one, ̲h1,o̵n̵e̵_̵m̵u̵l̵,̵ ̲add_zero, ̲mul_one]

Note: This linter can be disabled with `set_option linter.unusedSimpArgs false`
✔ [1643/1643] Built CircuitCorrectness.HashTrace8.Round36 (6.8s)
Build completed successfully (1643 jobs).

{"module": "CircuitCorrectness.HashTrace2.Round52", "exit_code": 0, "seconds": 8.188576624999769, "maximum_child_rss_bytes": 2951249920, "user_seconds": 5.979809, "system_seconds": 2.671278, "log": "results/clean_build_modules/CircuitCorrectness.HashTrace2.Round52.log", "command": ["/Users/hanbunko/Downloads/zkCNN/VerImgCmp/circuit_correctness/.elan/toolchains/leanprover--lean4---v4.28.0/bin/lake", "--no-cache", "build", "+CircuitCorrectness.HashTrace2.Round52"]}
⚠ [1590/1659] Replayed CircuitCorrectness.Affine
warning: CircuitCorrectness/Affine.lean:52:33: This simp argument is unused:
  add_assoc

Hint: Omit it from the simp argument list.
  simp [ih, add_left_comm,̵ ̵a̵d̵d̵_̵a̵s̵s̵o̵c̵]

Note: This linter can be disabled with `set_option linter.unusedSimpArgs false`
⚠ [1598/1659] Replayed CircuitCorrectness.PoseidonProgram
warning: CircuitCorrectness/PoseidonProgram.lean:38:15: unused variable `one`

Note: This linter can be disabled with `set_option linter.unusedVariables false`
warning: CircuitCorrectness/PoseidonProgram.lean:137:14: This simp argument is unused:
  Function.comp_def

Hint: Omit it from the simp argument list.
  simp [hc,̵ ̵F̵u̵n̵c̵t̵i̵o̵n̵.̵c̵o̵m̵p̵_̵d̵e̵f̵]

Note: This linter can be disabled with `set_option linter.unusedSimpArgs false`
warning: CircuitCorrectness/PoseidonProgram.lean:194:68: This simp argument is unused:
  one_mul

Hint: Omit it from the simp argument list.
  simp only [Instruction.value, Affine.eval_constant, Nat.cast_one, o̵n̵e̵_̵m̵u̵l̵,̵
  ̵ ̵ ̵ ̵ ̵h1, mul_one, Affine.eval_nil,
  ̲  ̲ ̲ ̲add_zero] at ho

Note: This linter can be disabled with `set_option linter.unusedSimpArgs false`
⚠ [1605/1659] Replayed CircuitCorrectness.ConcreteProgram
warning: CircuitCorrectness/ConcreteProgram.lean:257:61: This simp argument is unused:
  one_mul

Hint: Omit it from the simp argument list.
  simp only [expandLC, ̲List.map_cons, ̲List.map_nil, ̲evalLC, ̲List.sum_cons, ̲List.sum_nil,
        one_expand, ̲neg_one_expand, ̲cast_neg_one, ̲Nat.cast_one, ̲h1,o̵n̵e̵_̵m̵u̵l̵,̵ ̲add_zero, ̲mul_one]

Note: This linter can be disabled with `set_option linter.unusedSimpArgs false`
✔ [1659/1659] Built CircuitCorrectness.HashTrace2.Round52 (6.3s)
Build completed successfully (1659 jobs).

{"module": "CircuitCorrectness.HashTrace8.Round37", "exit_code": 0, "seconds": 9.149491875000422, "maximum_child_rss_bytes": 2908946432, "user_seconds": 6.829773, "system_seconds": 2.698589, "log": "results/clean_build_modules/CircuitCorrectness.HashTrace8.Round37.log", "command": ["/Users/hanbunko/Downloads/zkCNN/VerImgCmp/circuit_correctness/.elan/toolchains/leanprover--lean4---v4.28.0/bin/lake", "--no-cache", "build", "+CircuitCorrectness.HashTrace8.Round37"]}
⚠ [1590/1644] Replayed CircuitCorrectness.Affine
warning: CircuitCorrectness/Affine.lean:52:33: This simp argument is unused:
  add_assoc

Hint: Omit it from the simp argument list.
  simp [ih, add_left_comm,̵ ̵a̵d̵d̵_̵a̵s̵s̵o̵c̵]

Note: This linter can be disabled with `set_option linter.unusedSimpArgs false`
⚠ [1598/1644] Replayed CircuitCorrectness.PoseidonProgram
warning: CircuitCorrectness/PoseidonProgram.lean:38:15: unused variable `one`

Note: This linter can be disabled with `set_option linter.unusedVariables false`
warning: CircuitCorrectness/PoseidonProgram.lean:137:14: This simp argument is unused:
  Function.comp_def

Hint: Omit it from the simp argument list.
  simp [hc,̵ ̵F̵u̵n̵c̵t̵i̵o̵n̵.̵c̵o̵m̵p̵_̵d̵e̵f̵]

Note: This linter can be disabled with `set_option linter.unusedSimpArgs false`
warning: CircuitCorrectness/PoseidonProgram.lean:194:68: This simp argument is unused:
  one_mul

Hint: Omit it from the simp argument list.
  simp only [Instruction.value, Affine.eval_constant, Nat.cast_one, o̵n̵e̵_̵m̵u̵l̵,̵
  ̵ ̵ ̵ ̵ ̵h1, mul_one, Affine.eval_nil,
  ̲  ̲ ̲ ̲add_zero] at ho

Note: This linter can be disabled with `set_option linter.unusedSimpArgs false`
⚠ [1605/1644] Replayed CircuitCorrectness.ConcreteProgram
warning: CircuitCorrectness/ConcreteProgram.lean:257:61: This simp argument is unused:
  one_mul

Hint: Omit it from the simp argument list.
  simp only [expandLC, ̲List.map_cons, ̲List.map_nil, ̲evalLC, ̲List.sum_cons, ̲List.sum_nil,
        one_expand, ̲neg_one_expand, ̲cast_neg_one, ̲Nat.cast_one, ̲h1,o̵n̵e̵_̵m̵u̵l̵,̵ ̲add_zero, ̲mul_one]

Note: This linter can be disabled with `set_option linter.unusedSimpArgs false`
✔ [1644/1644] Built CircuitCorrectness.HashTrace8.Round37 (7.2s)
Build completed successfully (1644 jobs).

{"module": "CircuitCorrectness.HashTrace2.Round53", "exit_code": 0, "seconds": 8.247387667000112, "maximum_child_rss_bytes": 2983657472, "user_seconds": 6.010569, "system_seconds": 2.65652, "log": "results/clean_build_modules/CircuitCorrectness.HashTrace2.Round53.log", "command": ["/Users/hanbunko/Downloads/zkCNN/VerImgCmp/circuit_correctness/.elan/toolchains/leanprover--lean4---v4.28.0/bin/lake", "--no-cache", "build", "+CircuitCorrectness.HashTrace2.Round53"]}
⚠ [1590/1660] Replayed CircuitCorrectness.Affine
warning: CircuitCorrectness/Affine.lean:52:33: This simp argument is unused:
  add_assoc

Hint: Omit it from the simp argument list.
  simp [ih, add_left_comm,̵ ̵a̵d̵d̵_̵a̵s̵s̵o̵c̵]

Note: This linter can be disabled with `set_option linter.unusedSimpArgs false`
⚠ [1598/1660] Replayed CircuitCorrectness.PoseidonProgram
warning: CircuitCorrectness/PoseidonProgram.lean:38:15: unused variable `one`

Note: This linter can be disabled with `set_option linter.unusedVariables false`
warning: CircuitCorrectness/PoseidonProgram.lean:137:14: This simp argument is unused:
  Function.comp_def

Hint: Omit it from the simp argument list.
  simp [hc,̵ ̵F̵u̵n̵c̵t̵i̵o̵n̵.̵c̵o̵m̵p̵_̵d̵e̵f̵]

Note: This linter can be disabled with `set_option linter.unusedSimpArgs false`
warning: CircuitCorrectness/PoseidonProgram.lean:194:68: This simp argument is unused:
  one_mul

Hint: Omit it from the simp argument list.
  simp only [Instruction.value, Affine.eval_constant, Nat.cast_one, o̵n̵e̵_̵m̵u̵l̵,̵
  ̵ ̵ ̵ ̵ ̵h1, mul_one, Affine.eval_nil,
  ̲  ̲ ̲ ̲add_zero] at ho

Note: This linter can be disabled with `set_option linter.unusedSimpArgs false`
⚠ [1605/1660] Replayed CircuitCorrectness.ConcreteProgram
warning: CircuitCorrectness/ConcreteProgram.lean:257:61: This simp argument is unused:
  one_mul

Hint: Omit it from the simp argument list.
  simp only [expandLC, ̲List.map_cons, ̲List.map_nil, ̲evalLC, ̲List.sum_cons, ̲List.sum_nil,
        one_expand, ̲neg_one_expand, ̲cast_neg_one, ̲Nat.cast_one, ̲h1,o̵n̵e̵_̵m̵u̵l̵,̵ ̲add_zero, ̲mul_one]

Note: This linter can be disabled with `set_option linter.unusedSimpArgs false`
✔ [1660/1660] Built CircuitCorrectness.HashTrace2.Round53 (6.4s)
Build completed successfully (1660 jobs).

{"module": "CircuitCorrectness.HashTrace2.Round54", "exit_code": 0, "seconds": 8.564362084000095, "maximum_child_rss_bytes": 2936340480, "user_seconds": 6.151757, "system_seconds": 2.810437, "log": "results/clean_build_modules/CircuitCorrectness.HashTrace2.Round54.log", "command": ["/Users/hanbunko/Downloads/zkCNN/VerImgCmp/circuit_correctness/.elan/toolchains/leanprover--lean4---v4.28.0/bin/lake", "--no-cache", "build", "+CircuitCorrectness.HashTrace2.Round54"]}
⚠ [1590/1661] Replayed CircuitCorrectness.Affine
warning: CircuitCorrectness/Affine.lean:52:33: This simp argument is unused:
  add_assoc

Hint: Omit it from the simp argument list.
  simp [ih, add_left_comm,̵ ̵a̵d̵d̵_̵a̵s̵s̵o̵c̵]

Note: This linter can be disabled with `set_option linter.unusedSimpArgs false`
⚠ [1598/1661] Replayed CircuitCorrectness.PoseidonProgram
warning: CircuitCorrectness/PoseidonProgram.lean:38:15: unused variable `one`

Note: This linter can be disabled with `set_option linter.unusedVariables false`
warning: CircuitCorrectness/PoseidonProgram.lean:137:14: This simp argument is unused:
  Function.comp_def

Hint: Omit it from the simp argument list.
  simp [hc,̵ ̵F̵u̵n̵c̵t̵i̵o̵n̵.̵c̵o̵m̵p̵_̵d̵e̵f̵]

Note: This linter can be disabled with `set_option linter.unusedSimpArgs false`
warning: CircuitCorrectness/PoseidonProgram.lean:194:68: This simp argument is unused:
  one_mul

Hint: Omit it from the simp argument list.
  simp only [Instruction.value, Affine.eval_constant, Nat.cast_one, o̵n̵e̵_̵m̵u̵l̵,̵
  ̵ ̵ ̵ ̵ ̵h1, mul_one, Affine.eval_nil,
  ̲  ̲ ̲ ̲add_zero] at ho

Note: This linter can be disabled with `set_option linter.unusedSimpArgs false`
⚠ [1605/1661] Replayed CircuitCorrectness.ConcreteProgram
warning: CircuitCorrectness/ConcreteProgram.lean:257:61: This simp argument is unused:
  one_mul

Hint: Omit it from the simp argument list.
  simp only [expandLC, ̲List.map_cons, ̲List.map_nil, ̲evalLC, ̲List.sum_cons, ̲List.sum_nil,
        one_expand, ̲neg_one_expand, ̲cast_neg_one, ̲Nat.cast_one, ̲h1,o̵n̵e̵_̵m̵u̵l̵,̵ ̲add_zero, ̲mul_one]

Note: This linter can be disabled with `set_option linter.unusedSimpArgs false`
✔ [1661/1661] Built CircuitCorrectness.HashTrace2.Round54 (6.5s)
Build completed successfully (1661 jobs).

{"module": "CircuitCorrectness.HashTrace8.Round38", "exit_code": 0, "seconds": 9.229468417000135, "maximum_child_rss_bytes": 2914041856, "user_seconds": 6.934192, "system_seconds": 2.87599, "log": "results/clean_build_modules/CircuitCorrectness.HashTrace8.Round38.log", "command": ["/Users/hanbunko/Downloads/zkCNN/VerImgCmp/circuit_correctness/.elan/toolchains/leanprover--lean4---v4.28.0/bin/lake", "--no-cache", "build", "+CircuitCorrectness.HashTrace8.Round38"]}
⚠ [1590/1645] Replayed CircuitCorrectness.Affine
warning: CircuitCorrectness/Affine.lean:52:33: This simp argument is unused:
  add_assoc

Hint: Omit it from the simp argument list.
  simp [ih, add_left_comm,̵ ̵a̵d̵d̵_̵a̵s̵s̵o̵c̵]

Note: This linter can be disabled with `set_option linter.unusedSimpArgs false`
⚠ [1598/1645] Replayed CircuitCorrectness.PoseidonProgram
warning: CircuitCorrectness/PoseidonProgram.lean:38:15: unused variable `one`

Note: This linter can be disabled with `set_option linter.unusedVariables false`
warning: CircuitCorrectness/PoseidonProgram.lean:137:14: This simp argument is unused:
  Function.comp_def

Hint: Omit it from the simp argument list.
  simp [hc,̵ ̵F̵u̵n̵c̵t̵i̵o̵n̵.̵c̵o̵m̵p̵_̵d̵e̵f̵]

Note: This linter can be disabled with `set_option linter.unusedSimpArgs false`
warning: CircuitCorrectness/PoseidonProgram.lean:194:68: This simp argument is unused:
  one_mul

Hint: Omit it from the simp argument list.
  simp only [Instruction.value, Affine.eval_constant, Nat.cast_one, o̵n̵e̵_̵m̵u̵l̵,̵
  ̵ ̵ ̵ ̵ ̵h1, mul_one, Affine.eval_nil,
  ̲  ̲ ̲ ̲add_zero] at ho

Note: This linter can be disabled with `set_option linter.unusedSimpArgs false`
⚠ [1605/1645] Replayed CircuitCorrectness.ConcreteProgram
warning: CircuitCorrectness/ConcreteProgram.lean:257:61: This simp argument is unused:
  one_mul

Hint: Omit it from the simp argument list.
  simp only [expandLC, ̲List.map_cons, ̲List.map_nil, ̲evalLC, ̲List.sum_cons, ̲List.sum_nil,
        one_expand, ̲neg_one_expand, ̲cast_neg_one, ̲Nat.cast_one, ̲h1,o̵n̵e̵_̵m̵u̵l̵,̵ ̲add_zero, ̲mul_one]

Note: This linter can be disabled with `set_option linter.unusedSimpArgs false`
✔ [1645/1645] Built CircuitCorrectness.HashTrace8.Round38 (7.2s)
Build completed successfully (1645 jobs).

{"module": "CircuitCorrectness.HashTrace2.Round55", "exit_code": 0, "seconds": 8.742647500000203, "maximum_child_rss_bytes": 2971336704, "user_seconds": 6.339736, "system_seconds": 2.767957, "log": "results/clean_build_modules/CircuitCorrectness.HashTrace2.Round55.log", "command": ["/Users/hanbunko/Downloads/zkCNN/VerImgCmp/circuit_correctness/.elan/toolchains/leanprover--lean4---v4.28.0/bin/lake", "--no-cache", "build", "+CircuitCorrectness.HashTrace2.Round55"]}
⚠ [1590/1662] Replayed CircuitCorrectness.Affine
warning: CircuitCorrectness/Affine.lean:52:33: This simp argument is unused:
  add_assoc

Hint: Omit it from the simp argument list.
  simp [ih, add_left_comm,̵ ̵a̵d̵d̵_̵a̵s̵s̵o̵c̵]

Note: This linter can be disabled with `set_option linter.unusedSimpArgs false`
⚠ [1598/1662] Replayed CircuitCorrectness.PoseidonProgram
warning: CircuitCorrectness/PoseidonProgram.lean:38:15: unused variable `one`

Note: This linter can be disabled with `set_option linter.unusedVariables false`
warning: CircuitCorrectness/PoseidonProgram.lean:137:14: This simp argument is unused:
  Function.comp_def

Hint: Omit it from the simp argument list.
  simp [hc,̵ ̵F̵u̵n̵c̵t̵i̵o̵n̵.̵c̵o̵m̵p̵_̵d̵e̵f̵]

Note: This linter can be disabled with `set_option linter.unusedSimpArgs false`
warning: CircuitCorrectness/PoseidonProgram.lean:194:68: This simp argument is unused:
  one_mul

Hint: Omit it from the simp argument list.
  simp only [Instruction.value, Affine.eval_constant, Nat.cast_one, o̵n̵e̵_̵m̵u̵l̵,̵
  ̵ ̵ ̵ ̵ ̵h1, mul_one, Affine.eval_nil,
  ̲  ̲ ̲ ̲add_zero] at ho

Note: This linter can be disabled with `set_option linter.unusedSimpArgs false`
⚠ [1605/1662] Replayed CircuitCorrectness.ConcreteProgram
warning: CircuitCorrectness/ConcreteProgram.lean:257:61: This simp argument is unused:
  one_mul

Hint: Omit it from the simp argument list.
  simp only [expandLC, ̲List.map_cons, ̲List.map_nil, ̲evalLC, ̲List.sum_cons, ̲List.sum_nil,
        one_expand, ̲neg_one_expand, ̲cast_neg_one, ̲Nat.cast_one, ̲h1,o̵n̵e̵_̵m̵u̵l̵,̵ ̲add_zero, ̲mul_one]

Note: This linter can be disabled with `set_option linter.unusedSimpArgs false`
✔ [1662/1662] Built CircuitCorrectness.HashTrace2.Round55 (6.8s)
Build completed successfully (1662 jobs).

{"module": "CircuitCorrectness.HashTrace8.Round39", "exit_code": 0, "seconds": 9.282582457999524, "maximum_child_rss_bytes": 2948775936, "user_seconds": 7.085177, "system_seconds": 2.778418, "log": "results/clean_build_modules/CircuitCorrectness.HashTrace8.Round39.log", "command": ["/Users/hanbunko/Downloads/zkCNN/VerImgCmp/circuit_correctness/.elan/toolchains/leanprover--lean4---v4.28.0/bin/lake", "--no-cache", "build", "+CircuitCorrectness.HashTrace8.Round39"]}
⚠ [1590/1646] Replayed CircuitCorrectness.Affine
warning: CircuitCorrectness/Affine.lean:52:33: This simp argument is unused:
  add_assoc

Hint: Omit it from the simp argument list.
  simp [ih, add_left_comm,̵ ̵a̵d̵d̵_̵a̵s̵s̵o̵c̵]

Note: This linter can be disabled with `set_option linter.unusedSimpArgs false`
⚠ [1598/1646] Replayed CircuitCorrectness.PoseidonProgram
warning: CircuitCorrectness/PoseidonProgram.lean:38:15: unused variable `one`

Note: This linter can be disabled with `set_option linter.unusedVariables false`
warning: CircuitCorrectness/PoseidonProgram.lean:137:14: This simp argument is unused:
  Function.comp_def

Hint: Omit it from the simp argument list.
  simp [hc,̵ ̵F̵u̵n̵c̵t̵i̵o̵n̵.̵c̵o̵m̵p̵_̵d̵e̵f̵]

Note: This linter can be disabled with `set_option linter.unusedSimpArgs false`
warning: CircuitCorrectness/PoseidonProgram.lean:194:68: This simp argument is unused:
  one_mul

Hint: Omit it from the simp argument list.
  simp only [Instruction.value, Affine.eval_constant, Nat.cast_one, o̵n̵e̵_̵m̵u̵l̵,̵
  ̵ ̵ ̵ ̵ ̵h1, mul_one, Affine.eval_nil,
  ̲  ̲ ̲ ̲add_zero] at ho

Note: This linter can be disabled with `set_option linter.unusedSimpArgs false`
⚠ [1605/1646] Replayed CircuitCorrectness.ConcreteProgram
warning: CircuitCorrectness/ConcreteProgram.lean:257:61: This simp argument is unused:
  one_mul

Hint: Omit it from the simp argument list.
  simp only [expandLC, ̲List.map_cons, ̲List.map_nil, ̲evalLC, ̲List.sum_cons, ̲List.sum_nil,
        one_expand, ̲neg_one_expand, ̲cast_neg_one, ̲Nat.cast_one, ̲h1,o̵n̵e̵_̵m̵u̵l̵,̵ ̲add_zero, ̲mul_one]

Note: This linter can be disabled with `set_option linter.unusedSimpArgs false`
✔ [1646/1646] Built CircuitCorrectness.HashTrace8.Round39 (7.3s)
Build completed successfully (1646 jobs).

{"module": "CircuitCorrectness.HashTrace2.Round56", "exit_code": 0, "seconds": 8.64181116600048, "maximum_child_rss_bytes": 3011280896, "user_seconds": 6.243658, "system_seconds": 2.837939, "log": "results/clean_build_modules/CircuitCorrectness.HashTrace2.Round56.log", "command": ["/Users/hanbunko/Downloads/zkCNN/VerImgCmp/circuit_correctness/.elan/toolchains/leanprover--lean4---v4.28.0/bin/lake", "--no-cache", "build", "+CircuitCorrectness.HashTrace2.Round56"]}
⚠ [1590/1663] Replayed CircuitCorrectness.Affine
warning: CircuitCorrectness/Affine.lean:52:33: This simp argument is unused:
  add_assoc

Hint: Omit it from the simp argument list.
  simp [ih, add_left_comm,̵ ̵a̵d̵d̵_̵a̵s̵s̵o̵c̵]

Note: This linter can be disabled with `set_option linter.unusedSimpArgs false`
⚠ [1598/1663] Replayed CircuitCorrectness.PoseidonProgram
warning: CircuitCorrectness/PoseidonProgram.lean:38:15: unused variable `one`

Note: This linter can be disabled with `set_option linter.unusedVariables false`
warning: CircuitCorrectness/PoseidonProgram.lean:137:14: This simp argument is unused:
  Function.comp_def

Hint: Omit it from the simp argument list.
  simp [hc,̵ ̵F̵u̵n̵c̵t̵i̵o̵n̵.̵c̵o̵m̵p̵_̵d̵e̵f̵]

Note: This linter can be disabled with `set_option linter.unusedSimpArgs false`
warning: CircuitCorrectness/PoseidonProgram.lean:194:68: This simp argument is unused:
  one_mul

Hint: Omit it from the simp argument list.
  simp only [Instruction.value, Affine.eval_constant, Nat.cast_one, o̵n̵e̵_̵m̵u̵l̵,̵
  ̵ ̵ ̵ ̵ ̵h1, mul_one, Affine.eval_nil,
  ̲  ̲ ̲ ̲add_zero] at ho

Note: This linter can be disabled with `set_option linter.unusedSimpArgs false`
⚠ [1605/1663] Replayed CircuitCorrectness.ConcreteProgram
warning: CircuitCorrectness/ConcreteProgram.lean:257:61: This simp argument is unused:
  one_mul

Hint: Omit it from the simp argument list.
  simp only [expandLC, ̲List.map_cons, ̲List.map_nil, ̲evalLC, ̲List.sum_cons, ̲List.sum_nil,
        one_expand, ̲neg_one_expand, ̲cast_neg_one, ̲Nat.cast_one, ̲h1,o̵n̵e̵_̵m̵u̵l̵,̵ ̲add_zero, ̲mul_one]

Note: This linter can be disabled with `set_option linter.unusedSimpArgs false`
✔ [1663/1663] Built CircuitCorrectness.HashTrace2.Round56 (6.6s)
Build completed successfully (1663 jobs).

{"module": "CircuitCorrectness.HashTrace8.Round40", "exit_code": 0, "seconds": 9.421778957999777, "maximum_child_rss_bytes": 2961932288, "user_seconds": 7.268612, "system_seconds": 2.763497, "log": "results/clean_build_modules/CircuitCorrectness.HashTrace8.Round40.log", "command": ["/Users/hanbunko/Downloads/zkCNN/VerImgCmp/circuit_correctness/.elan/toolchains/leanprover--lean4---v4.28.0/bin/lake", "--no-cache", "build", "+CircuitCorrectness.HashTrace8.Round40"]}
⚠ [1590/1647] Replayed CircuitCorrectness.Affine
warning: CircuitCorrectness/Affine.lean:52:33: This simp argument is unused:
  add_assoc

Hint: Omit it from the simp argument list.
  simp [ih, add_left_comm,̵ ̵a̵d̵d̵_̵a̵s̵s̵o̵c̵]

Note: This linter can be disabled with `set_option linter.unusedSimpArgs false`
⚠ [1598/1647] Replayed CircuitCorrectness.PoseidonProgram
warning: CircuitCorrectness/PoseidonProgram.lean:38:15: unused variable `one`

Note: This linter can be disabled with `set_option linter.unusedVariables false`
warning: CircuitCorrectness/PoseidonProgram.lean:137:14: This simp argument is unused:
  Function.comp_def

Hint: Omit it from the simp argument list.
  simp [hc,̵ ̵F̵u̵n̵c̵t̵i̵o̵n̵.̵c̵o̵m̵p̵_̵d̵e̵f̵]

Note: This linter can be disabled with `set_option linter.unusedSimpArgs false`
warning: CircuitCorrectness/PoseidonProgram.lean:194:68: This simp argument is unused:
  one_mul

Hint: Omit it from the simp argument list.
  simp only [Instruction.value, Affine.eval_constant, Nat.cast_one, o̵n̵e̵_̵m̵u̵l̵,̵
  ̵ ̵ ̵ ̵ ̵h1, mul_one, Affine.eval_nil,
  ̲  ̲ ̲ ̲add_zero] at ho

Note: This linter can be disabled with `set_option linter.unusedSimpArgs false`
⚠ [1605/1647] Replayed CircuitCorrectness.ConcreteProgram
warning: CircuitCorrectness/ConcreteProgram.lean:257:61: This simp argument is unused:
  one_mul

Hint: Omit it from the simp argument list.
  simp only [expandLC, ̲List.map_cons, ̲List.map_nil, ̲evalLC, ̲List.sum_cons, ̲List.sum_nil,
        one_expand, ̲neg_one_expand, ̲cast_neg_one, ̲Nat.cast_one, ̲h1,o̵n̵e̵_̵m̵u̵l̵,̵ ̲add_zero, ̲mul_one]

Note: This linter can be disabled with `set_option linter.unusedSimpArgs false`
✔ [1647/1647] Built CircuitCorrectness.HashTrace8.Round40 (7.5s)
Build completed successfully (1647 jobs).

{"module": "CircuitCorrectness.HashTrace2.Round57", "exit_code": 0, "seconds": 8.829220999999961, "maximum_child_rss_bytes": 3049701376, "user_seconds": 6.439887, "system_seconds": 2.810095, "log": "results/clean_build_modules/CircuitCorrectness.HashTrace2.Round57.log", "command": ["/Users/hanbunko/Downloads/zkCNN/VerImgCmp/circuit_correctness/.elan/toolchains/leanprover--lean4---v4.28.0/bin/lake", "--no-cache", "build", "+CircuitCorrectness.HashTrace2.Round57"]}
⚠ [1590/1664] Replayed CircuitCorrectness.Affine
warning: CircuitCorrectness/Affine.lean:52:33: This simp argument is unused:
  add_assoc

Hint: Omit it from the simp argument list.
  simp [ih, add_left_comm,̵ ̵a̵d̵d̵_̵a̵s̵s̵o̵c̵]

Note: This linter can be disabled with `set_option linter.unusedSimpArgs false`
⚠ [1598/1664] Replayed CircuitCorrectness.PoseidonProgram
warning: CircuitCorrectness/PoseidonProgram.lean:38:15: unused variable `one`

Note: This linter can be disabled with `set_option linter.unusedVariables false`
warning: CircuitCorrectness/PoseidonProgram.lean:137:14: This simp argument is unused:
  Function.comp_def

Hint: Omit it from the simp argument list.
  simp [hc,̵ ̵F̵u̵n̵c̵t̵i̵o̵n̵.̵c̵o̵m̵p̵_̵d̵e̵f̵]

Note: This linter can be disabled with `set_option linter.unusedSimpArgs false`
warning: CircuitCorrectness/PoseidonProgram.lean:194:68: This simp argument is unused:
  one_mul

Hint: Omit it from the simp argument list.
  simp only [Instruction.value, Affine.eval_constant, Nat.cast_one, o̵n̵e̵_̵m̵u̵l̵,̵
  ̵ ̵ ̵ ̵ ̵h1, mul_one, Affine.eval_nil,
  ̲  ̲ ̲ ̲add_zero] at ho

Note: This linter can be disabled with `set_option linter.unusedSimpArgs false`
⚠ [1605/1664] Replayed CircuitCorrectness.ConcreteProgram
warning: CircuitCorrectness/ConcreteProgram.lean:257:61: This simp argument is unused:
  one_mul

Hint: Omit it from the simp argument list.
  simp only [expandLC, ̲List.map_cons, ̲List.map_nil, ̲evalLC, ̲List.sum_cons, ̲List.sum_nil,
        one_expand, ̲neg_one_expand, ̲cast_neg_one, ̲Nat.cast_one, ̲h1,o̵n̵e̵_̵m̵u̵l̵,̵ ̲add_zero, ̲mul_one]

Note: This linter can be disabled with `set_option linter.unusedSimpArgs false`
✔ [1664/1664] Built CircuitCorrectness.HashTrace2.Round57 (6.9s)
Build completed successfully (1664 jobs).

{"module": "CircuitCorrectness.HashTrace8.Round41", "exit_code": 0, "seconds": 9.403349082999739, "maximum_child_rss_bytes": 2906963968, "user_seconds": 7.223071, "system_seconds": 2.73465, "log": "results/clean_build_modules/CircuitCorrectness.HashTrace8.Round41.log", "command": ["/Users/hanbunko/Downloads/zkCNN/VerImgCmp/circuit_correctness/.elan/toolchains/leanprover--lean4---v4.28.0/bin/lake", "--no-cache", "build", "+CircuitCorrectness.HashTrace8.Round41"]}
⚠ [1590/1648] Replayed CircuitCorrectness.Affine
warning: CircuitCorrectness/Affine.lean:52:33: This simp argument is unused:
  add_assoc

Hint: Omit it from the simp argument list.
  simp [ih, add_left_comm,̵ ̵a̵d̵d̵_̵a̵s̵s̵o̵c̵]

Note: This linter can be disabled with `set_option linter.unusedSimpArgs false`
⚠ [1598/1648] Replayed CircuitCorrectness.PoseidonProgram
warning: CircuitCorrectness/PoseidonProgram.lean:38:15: unused variable `one`

Note: This linter can be disabled with `set_option linter.unusedVariables false`
warning: CircuitCorrectness/PoseidonProgram.lean:137:14: This simp argument is unused:
  Function.comp_def

Hint: Omit it from the simp argument list.
  simp [hc,̵ ̵F̵u̵n̵c̵t̵i̵o̵n̵.̵c̵o̵m̵p̵_̵d̵e̵f̵]

Note: This linter can be disabled with `set_option linter.unusedSimpArgs false`
warning: CircuitCorrectness/PoseidonProgram.lean:194:68: This simp argument is unused:
  one_mul

Hint: Omit it from the simp argument list.
  simp only [Instruction.value, Affine.eval_constant, Nat.cast_one, o̵n̵e̵_̵m̵u̵l̵,̵
  ̵ ̵ ̵ ̵ ̵h1, mul_one, Affine.eval_nil,
  ̲  ̲ ̲ ̲add_zero] at ho

Note: This linter can be disabled with `set_option linter.unusedSimpArgs false`
⚠ [1605/1648] Replayed CircuitCorrectness.ConcreteProgram
warning: CircuitCorrectness/ConcreteProgram.lean:257:61: This simp argument is unused:
  one_mul

Hint: Omit it from the simp argument list.
  simp only [expandLC, ̲List.map_cons, ̲List.map_nil, ̲evalLC, ̲List.sum_cons, ̲List.sum_nil,
        one_expand, ̲neg_one_expand, ̲cast_neg_one, ̲Nat.cast_one, ̲h1,o̵n̵e̵_̵m̵u̵l̵,̵ ̲add_zero, ̲mul_one]

Note: This linter can be disabled with `set_option linter.unusedSimpArgs false`
✔ [1648/1648] Built CircuitCorrectness.HashTrace8.Round41 (7.5s)
Build completed successfully (1648 jobs).

{"module": "CircuitCorrectness.HashTrace2.Round58", "exit_code": 0, "seconds": 8.85409270800028, "maximum_child_rss_bytes": 3074015232, "user_seconds": 6.519923, "system_seconds": 2.783945, "log": "results/clean_build_modules/CircuitCorrectness.HashTrace2.Round58.log", "command": ["/Users/hanbunko/Downloads/zkCNN/VerImgCmp/circuit_correctness/.elan/toolchains/leanprover--lean4---v4.28.0/bin/lake", "--no-cache", "build", "+CircuitCorrectness.HashTrace2.Round58"]}
⚠ [1590/1665] Replayed CircuitCorrectness.Affine
warning: CircuitCorrectness/Affine.lean:52:33: This simp argument is unused:
  add_assoc

Hint: Omit it from the simp argument list.
  simp [ih, add_left_comm,̵ ̵a̵d̵d̵_̵a̵s̵s̵o̵c̵]

Note: This linter can be disabled with `set_option linter.unusedSimpArgs false`
⚠ [1598/1665] Replayed CircuitCorrectness.PoseidonProgram
warning: CircuitCorrectness/PoseidonProgram.lean:38:15: unused variable `one`

Note: This linter can be disabled with `set_option linter.unusedVariables false`
warning: CircuitCorrectness/PoseidonProgram.lean:137:14: This simp argument is unused:
  Function.comp_def

Hint: Omit it from the simp argument list.
  simp [hc,̵ ̵F̵u̵n̵c̵t̵i̵o̵n̵.̵c̵o̵m̵p̵_̵d̵e̵f̵]

Note: This linter can be disabled with `set_option linter.unusedSimpArgs false`
warning: CircuitCorrectness/PoseidonProgram.lean:194:68: This simp argument is unused:
  one_mul

Hint: Omit it from the simp argument list.
  simp only [Instruction.value, Affine.eval_constant, Nat.cast_one, o̵n̵e̵_̵m̵u̵l̵,̵
  ̵ ̵ ̵ ̵ ̵h1, mul_one, Affine.eval_nil,
  ̲  ̲ ̲ ̲add_zero] at ho

Note: This linter can be disabled with `set_option linter.unusedSimpArgs false`
⚠ [1605/1665] Replayed CircuitCorrectness.ConcreteProgram
warning: CircuitCorrectness/ConcreteProgram.lean:257:61: This simp argument is unused:
  one_mul

Hint: Omit it from the simp argument list.
  simp only [expandLC, ̲List.map_cons, ̲List.map_nil, ̲evalLC, ̲List.sum_cons, ̲List.sum_nil,
        one_expand, ̲neg_one_expand, ̲cast_neg_one, ̲Nat.cast_one, ̲h1,o̵n̵e̵_̵m̵u̵l̵,̵ ̲add_zero, ̲mul_one]

Note: This linter can be disabled with `set_option linter.unusedSimpArgs false`
✔ [1665/1665] Built CircuitCorrectness.HashTrace2.Round58 (6.9s)
Build completed successfully (1665 jobs).

{"module": "CircuitCorrectness.HashTrace8.Round42", "exit_code": 0, "seconds": 9.613859250000132, "maximum_child_rss_bytes": 2987212800, "user_seconds": 7.383299, "system_seconds": 2.744824, "log": "results/clean_build_modules/CircuitCorrectness.HashTrace8.Round42.log", "command": ["/Users/hanbunko/Downloads/zkCNN/VerImgCmp/circuit_correctness/.elan/toolchains/leanprover--lean4---v4.28.0/bin/lake", "--no-cache", "build", "+CircuitCorrectness.HashTrace8.Round42"]}
⚠ [1590/1649] Replayed CircuitCorrectness.Affine
warning: CircuitCorrectness/Affine.lean:52:33: This simp argument is unused:
  add_assoc

Hint: Omit it from the simp argument list.
  simp [ih, add_left_comm,̵ ̵a̵d̵d̵_̵a̵s̵s̵o̵c̵]

Note: This linter can be disabled with `set_option linter.unusedSimpArgs false`
⚠ [1598/1649] Replayed CircuitCorrectness.PoseidonProgram
warning: CircuitCorrectness/PoseidonProgram.lean:38:15: unused variable `one`

Note: This linter can be disabled with `set_option linter.unusedVariables false`
warning: CircuitCorrectness/PoseidonProgram.lean:137:14: This simp argument is unused:
  Function.comp_def

Hint: Omit it from the simp argument list.
  simp [hc,̵ ̵F̵u̵n̵c̵t̵i̵o̵n̵.̵c̵o̵m̵p̵_̵d̵e̵f̵]

Note: This linter can be disabled with `set_option linter.unusedSimpArgs false`
warning: CircuitCorrectness/PoseidonProgram.lean:194:68: This simp argument is unused:
  one_mul

Hint: Omit it from the simp argument list.
  simp only [Instruction.value, Affine.eval_constant, Nat.cast_one, o̵n̵e̵_̵m̵u̵l̵,̵
  ̵ ̵ ̵ ̵ ̵h1, mul_one, Affine.eval_nil,
  ̲  ̲ ̲ ̲add_zero] at ho

Note: This linter can be disabled with `set_option linter.unusedSimpArgs false`
⚠ [1605/1649] Replayed CircuitCorrectness.ConcreteProgram
warning: CircuitCorrectness/ConcreteProgram.lean:257:61: This simp argument is unused:
  one_mul

Hint: Omit it from the simp argument list.
  simp only [expandLC, ̲List.map_cons, ̲List.map_nil, ̲evalLC, ̲List.sum_cons, ̲List.sum_nil,
        one_expand, ̲neg_one_expand, ̲cast_neg_one, ̲Nat.cast_one, ̲h1,o̵n̵e̵_̵m̵u̵l̵,̵ ̲add_zero, ̲mul_one]

Note: This linter can be disabled with `set_option linter.unusedSimpArgs false`
✔ [1649/1649] Built CircuitCorrectness.HashTrace8.Round42 (7.6s)
Build completed successfully (1649 jobs).

{"module": "CircuitCorrectness.HashTrace8.Round43", "exit_code": 0, "seconds": 9.843466292000812, "maximum_child_rss_bytes": 3046408192, "user_seconds": 7.729357, "system_seconds": 2.664002, "log": "results/clean_build_modules/CircuitCorrectness.HashTrace8.Round43.log", "command": ["/Users/hanbunko/Downloads/zkCNN/VerImgCmp/circuit_correctness/.elan/toolchains/leanprover--lean4---v4.28.0/bin/lake", "--no-cache", "build", "+CircuitCorrectness.HashTrace8.Round43"]}
⚠ [1590/1650] Replayed CircuitCorrectness.Affine
warning: CircuitCorrectness/Affine.lean:52:33: This simp argument is unused:
  add_assoc

Hint: Omit it from the simp argument list.
  simp [ih, add_left_comm,̵ ̵a̵d̵d̵_̵a̵s̵s̵o̵c̵]

Note: This linter can be disabled with `set_option linter.unusedSimpArgs false`
⚠ [1598/1650] Replayed CircuitCorrectness.PoseidonProgram
warning: CircuitCorrectness/PoseidonProgram.lean:38:15: unused variable `one`

Note: This linter can be disabled with `set_option linter.unusedVariables false`
warning: CircuitCorrectness/PoseidonProgram.lean:137:14: This simp argument is unused:
  Function.comp_def

Hint: Omit it from the simp argument list.
  simp [hc,̵ ̵F̵u̵n̵c̵t̵i̵o̵n̵.̵c̵o̵m̵p̵_̵d̵e̵f̵]

Note: This linter can be disabled with `set_option linter.unusedSimpArgs false`
warning: CircuitCorrectness/PoseidonProgram.lean:194:68: This simp argument is unused:
  one_mul

Hint: Omit it from the simp argument list.
  simp only [Instruction.value, Affine.eval_constant, Nat.cast_one, o̵n̵e̵_̵m̵u̵l̵,̵
  ̵ ̵ ̵ ̵ ̵h1, mul_one, Affine.eval_nil,
  ̲  ̲ ̲ ̲add_zero] at ho

Note: This linter can be disabled with `set_option linter.unusedSimpArgs false`
⚠ [1605/1650] Replayed CircuitCorrectness.ConcreteProgram
warning: CircuitCorrectness/ConcreteProgram.lean:257:61: This simp argument is unused:
  one_mul

Hint: Omit it from the simp argument list.
  simp only [expandLC, ̲List.map_cons, ̲List.map_nil, ̲evalLC, ̲List.sum_cons, ̲List.sum_nil,
        one_expand, ̲neg_one_expand, ̲cast_neg_one, ̲Nat.cast_one, ̲h1,o̵n̵e̵_̵m̵u̵l̵,̵ ̲add_zero, ̲mul_one]

Note: This linter can be disabled with `set_option linter.unusedSimpArgs false`
✔ [1650/1650] Built CircuitCorrectness.HashTrace8.Round43 (7.0s)
Build completed successfully (1650 jobs).

{"module": "CircuitCorrectness.HashTrace2.Round59", "exit_code": 0, "seconds": 17.62543691599967, "maximum_child_rss_bytes": 5000839168, "user_seconds": 15.038027, "system_seconds": 2.973437, "log": "results/clean_build_modules/CircuitCorrectness.HashTrace2.Round59.log", "command": ["/Users/hanbunko/Downloads/zkCNN/VerImgCmp/circuit_correctness/.elan/toolchains/leanprover--lean4---v4.28.0/bin/lake", "--no-cache", "build", "+CircuitCorrectness.HashTrace2.Round59"]}
⚠ [1590/1666] Replayed CircuitCorrectness.Affine
warning: CircuitCorrectness/Affine.lean:52:33: This simp argument is unused:
  add_assoc

Hint: Omit it from the simp argument list.
  simp [ih, add_left_comm,̵ ̵a̵d̵d̵_̵a̵s̵s̵o̵c̵]

Note: This linter can be disabled with `set_option linter.unusedSimpArgs false`
⚠ [1598/1666] Replayed CircuitCorrectness.PoseidonProgram
warning: CircuitCorrectness/PoseidonProgram.lean:38:15: unused variable `one`

Note: This linter can be disabled with `set_option linter.unusedVariables false`
warning: CircuitCorrectness/PoseidonProgram.lean:137:14: This simp argument is unused:
  Function.comp_def

Hint: Omit it from the simp argument list.
  simp [hc,̵ ̵F̵u̵n̵c̵t̵i̵o̵n̵.̵c̵o̵m̵p̵_̵d̵e̵f̵]

Note: This linter can be disabled with `set_option linter.unusedSimpArgs false`
warning: CircuitCorrectness/PoseidonProgram.lean:194:68: This simp argument is unused:
  one_mul

Hint: Omit it from the simp argument list.
  simp only [Instruction.value, Affine.eval_constant, Nat.cast_one, o̵n̵e̵_̵m̵u̵l̵,̵
  ̵ ̵ ̵ ̵ ̵h1, mul_one, Affine.eval_nil,
  ̲  ̲ ̲ ̲add_zero] at ho

Note: This linter can be disabled with `set_option linter.unusedSimpArgs false`
⚠ [1605/1666] Replayed CircuitCorrectness.ConcreteProgram
warning: CircuitCorrectness/ConcreteProgram.lean:257:61: This simp argument is unused:
  one_mul

Hint: Omit it from the simp argument list.
  simp only [expandLC, ̲List.map_cons, ̲List.map_nil, ̲evalLC, ̲List.sum_cons, ̲List.sum_nil,
        one_expand, ̲neg_one_expand, ̲cast_neg_one, ̲Nat.cast_one, ̲h1,o̵n̵e̵_̵m̵u̵l̵,̵ ̲add_zero, ̲mul_one]

Note: This linter can be disabled with `set_option linter.unusedSimpArgs false`
✔ [1666/1666] Built CircuitCorrectness.HashTrace2.Round59 (15s)
Build completed successfully (1666 jobs).

{"module": "CircuitCorrectness.HashTrace2.Round60", "exit_code": 0, "seconds": 4.853803457999675, "maximum_child_rss_bytes": 2280587264, "user_seconds": 2.59273, "system_seconds": 2.540731, "log": "results/clean_build_modules/CircuitCorrectness.HashTrace2.Round60.log", "command": ["/Users/hanbunko/Downloads/zkCNN/VerImgCmp/circuit_correctness/.elan/toolchains/leanprover--lean4---v4.28.0/bin/lake", "--no-cache", "build", "+CircuitCorrectness.HashTrace2.Round60"]}
⚠ [1590/1667] Replayed CircuitCorrectness.Affine
warning: CircuitCorrectness/Affine.lean:52:33: This simp argument is unused:
  add_assoc

Hint: Omit it from the simp argument list.
  simp [ih, add_left_comm,̵ ̵a̵d̵d̵_̵a̵s̵s̵o̵c̵]

Note: This linter can be disabled with `set_option linter.unusedSimpArgs false`
⚠ [1598/1667] Replayed CircuitCorrectness.PoseidonProgram
warning: CircuitCorrectness/PoseidonProgram.lean:38:15: unused variable `one`

Note: This linter can be disabled with `set_option linter.unusedVariables false`
warning: CircuitCorrectness/PoseidonProgram.lean:137:14: This simp argument is unused:
  Function.comp_def

Hint: Omit it from the simp argument list.
  simp [hc,̵ ̵F̵u̵n̵c̵t̵i̵o̵n̵.̵c̵o̵m̵p̵_̵d̵e̵f̵]

Note: This linter can be disabled with `set_option linter.unusedSimpArgs false`
warning: CircuitCorrectness/PoseidonProgram.lean:194:68: This simp argument is unused:
  one_mul

Hint: Omit it from the simp argument list.
  simp only [Instruction.value, Affine.eval_constant, Nat.cast_one, o̵n̵e̵_̵m̵u̵l̵,̵
  ̵ ̵ ̵ ̵ ̵h1, mul_one, Affine.eval_nil,
  ̲  ̲ ̲ ̲add_zero] at ho

Note: This linter can be disabled with `set_option linter.unusedSimpArgs false`
⚠ [1605/1667] Replayed CircuitCorrectness.ConcreteProgram
warning: CircuitCorrectness/ConcreteProgram.lean:257:61: This simp argument is unused:
  one_mul

Hint: Omit it from the simp argument list.
  simp only [expandLC, ̲List.map_cons, ̲List.map_nil, ̲evalLC, ̲List.sum_cons, ̲List.sum_nil,
        one_expand, ̲neg_one_expand, ̲cast_neg_one, ̲Nat.cast_one, ̲h1,o̵n̵e̵_̵m̵u̵l̵,̵ ̲add_zero, ̲mul_one]

Note: This linter can be disabled with `set_option linter.unusedSimpArgs false`
✔ [1667/1667] Built CircuitCorrectness.HashTrace2.Round60 (2.9s)
Build completed successfully (1667 jobs).

{"module": "CircuitCorrectness.HashTrace8.Round44", "exit_code": 0, "seconds": 9.895872125000096, "maximum_child_rss_bytes": 2996060160, "user_seconds": 7.629055, "system_seconds": 2.700691, "log": "results/clean_build_modules/CircuitCorrectness.HashTrace8.Round44.log", "command": ["/Users/hanbunko/Downloads/zkCNN/VerImgCmp/circuit_correctness/.elan/toolchains/leanprover--lean4---v4.28.0/bin/lake", "--no-cache", "build", "+CircuitCorrectness.HashTrace8.Round44"]}
⚠ [1590/1651] Replayed CircuitCorrectness.Affine
warning: CircuitCorrectness/Affine.lean:52:33: This simp argument is unused:
  add_assoc

Hint: Omit it from the simp argument list.
  simp [ih, add_left_comm,̵ ̵a̵d̵d̵_̵a̵s̵s̵o̵c̵]

Note: This linter can be disabled with `set_option linter.unusedSimpArgs false`
⚠ [1598/1651] Replayed CircuitCorrectness.PoseidonProgram
warning: CircuitCorrectness/PoseidonProgram.lean:38:15: unused variable `one`

Note: This linter can be disabled with `set_option linter.unusedVariables false`
warning: CircuitCorrectness/PoseidonProgram.lean:137:14: This simp argument is unused:
  Function.comp_def

Hint: Omit it from the simp argument list.
  simp [hc,̵ ̵F̵u̵n̵c̵t̵i̵o̵n̵.̵c̵o̵m̵p̵_̵d̵e̵f̵]

Note: This linter can be disabled with `set_option linter.unusedSimpArgs false`
warning: CircuitCorrectness/PoseidonProgram.lean:194:68: This simp argument is unused:
  one_mul

Hint: Omit it from the simp argument list.
  simp only [Instruction.value, Affine.eval_constant, Nat.cast_one, o̵n̵e̵_̵m̵u̵l̵,̵
  ̵ ̵ ̵ ̵ ̵h1, mul_one, Affine.eval_nil,
  ̲  ̲ ̲ ̲add_zero] at ho

Note: This linter can be disabled with `set_option linter.unusedSimpArgs false`
⚠ [1605/1651] Replayed CircuitCorrectness.ConcreteProgram
warning: CircuitCorrectness/ConcreteProgram.lean:257:61: This simp argument is unused:
  one_mul

Hint: Omit it from the simp argument list.
  simp only [expandLC, ̲List.map_cons, ̲List.map_nil, ̲evalLC, ̲List.sum_cons, ̲List.sum_nil,
        one_expand, ̲neg_one_expand, ̲cast_neg_one, ̲Nat.cast_one, ̲h1,o̵n̵e̵_̵m̵u̵l̵,̵ ̲add_zero, ̲mul_one]

Note: This linter can be disabled with `set_option linter.unusedSimpArgs false`
✔ [1651/1651] Built CircuitCorrectness.HashTrace8.Round44 (7.0s)
Build completed successfully (1651 jobs).

{"module": "CircuitCorrectness.HashTrace2.Round61", "exit_code": 0, "seconds": 4.897114542000054, "maximum_child_rss_bytes": 2274820096, "user_seconds": 2.572971, "system_seconds": 2.7016459999999998, "log": "results/clean_build_modules/CircuitCorrectness.HashTrace2.Round61.log", "command": ["/Users/hanbunko/Downloads/zkCNN/VerImgCmp/circuit_correctness/.elan/toolchains/leanprover--lean4---v4.28.0/bin/lake", "--no-cache", "build", "+CircuitCorrectness.HashTrace2.Round61"]}
⚠ [1590/1668] Replayed CircuitCorrectness.Affine
warning: CircuitCorrectness/Affine.lean:52:33: This simp argument is unused:
  add_assoc

Hint: Omit it from the simp argument list.
  simp [ih, add_left_comm,̵ ̵a̵d̵d̵_̵a̵s̵s̵o̵c̵]

Note: This linter can be disabled with `set_option linter.unusedSimpArgs false`
⚠ [1598/1668] Replayed CircuitCorrectness.PoseidonProgram
warning: CircuitCorrectness/PoseidonProgram.lean:38:15: unused variable `one`

Note: This linter can be disabled with `set_option linter.unusedVariables false`
warning: CircuitCorrectness/PoseidonProgram.lean:137:14: This simp argument is unused:
  Function.comp_def

Hint: Omit it from the simp argument list.
  simp [hc,̵ ̵F̵u̵n̵c̵t̵i̵o̵n̵.̵c̵o̵m̵p̵_̵d̵e̵f̵]

Note: This linter can be disabled with `set_option linter.unusedSimpArgs false`
warning: CircuitCorrectness/PoseidonProgram.lean:194:68: This simp argument is unused:
  one_mul

Hint: Omit it from the simp argument list.
  simp only [Instruction.value, Affine.eval_constant, Nat.cast_one, o̵n̵e̵_̵m̵u̵l̵,̵
  ̵ ̵ ̵ ̵ ̵h1, mul_one, Affine.eval_nil,
  ̲  ̲ ̲ ̲add_zero] at ho

Note: This linter can be disabled with `set_option linter.unusedSimpArgs false`
⚠ [1605/1668] Replayed CircuitCorrectness.ConcreteProgram
warning: CircuitCorrectness/ConcreteProgram.lean:257:61: This simp argument is unused:
  one_mul

Hint: Omit it from the simp argument list.
  simp only [expandLC, ̲List.map_cons, ̲List.map_nil, ̲evalLC, ̲List.sum_cons, ̲List.sum_nil,
        one_expand, ̲neg_one_expand, ̲cast_neg_one, ̲Nat.cast_one, ̲h1,o̵n̵e̵_̵m̵u̵l̵,̵ ̲add_zero, ̲mul_one]

Note: This linter can be disabled with `set_option linter.unusedSimpArgs false`
✔ [1668/1668] Built CircuitCorrectness.HashTrace2.Round61 (3.0s)
Build completed successfully (1668 jobs).

{"module": "CircuitCorrectness.HashTrace2.Round62", "exit_code": 0, "seconds": 4.580980583999917, "maximum_child_rss_bytes": 2239512576, "user_seconds": 2.462108, "system_seconds": 2.514678, "log": "results/clean_build_modules/CircuitCorrectness.HashTrace2.Round62.log", "command": ["/Users/hanbunko/Downloads/zkCNN/VerImgCmp/circuit_correctness/.elan/toolchains/leanprover--lean4---v4.28.0/bin/lake", "--no-cache", "build", "+CircuitCorrectness.HashTrace2.Round62"]}
⚠ [1590/1669] Replayed CircuitCorrectness.Affine
warning: CircuitCorrectness/Affine.lean:52:33: This simp argument is unused:
  add_assoc

Hint: Omit it from the simp argument list.
  simp [ih, add_left_comm,̵ ̵a̵d̵d̵_̵a̵s̵s̵o̵c̵]

Note: This linter can be disabled with `set_option linter.unusedSimpArgs false`
⚠ [1598/1669] Replayed CircuitCorrectness.PoseidonProgram
warning: CircuitCorrectness/PoseidonProgram.lean:38:15: unused variable `one`

Note: This linter can be disabled with `set_option linter.unusedVariables false`
warning: CircuitCorrectness/PoseidonProgram.lean:137:14: This simp argument is unused:
  Function.comp_def

Hint: Omit it from the simp argument list.
  simp [hc,̵ ̵F̵u̵n̵c̵t̵i̵o̵n̵.̵c̵o̵m̵p̵_̵d̵e̵f̵]

Note: This linter can be disabled with `set_option linter.unusedSimpArgs false`
warning: CircuitCorrectness/PoseidonProgram.lean:194:68: This simp argument is unused:
  one_mul

Hint: Omit it from the simp argument list.
  simp only [Instruction.value, Affine.eval_constant, Nat.cast_one, o̵n̵e̵_̵m̵u̵l̵,̵
  ̵ ̵ ̵ ̵ ̵h1, mul_one, Affine.eval_nil,
  ̲  ̲ ̲ ̲add_zero] at ho

Note: This linter can be disabled with `set_option linter.unusedSimpArgs false`
⚠ [1605/1669] Replayed CircuitCorrectness.ConcreteProgram
warning: CircuitCorrectness/ConcreteProgram.lean:257:61: This simp argument is unused:
  one_mul

Hint: Omit it from the simp argument list.
  simp only [expandLC, ̲List.map_cons, ̲List.map_nil, ̲evalLC, ̲List.sum_cons, ̲List.sum_nil,
        one_expand, ̲neg_one_expand, ̲cast_neg_one, ̲Nat.cast_one, ̲h1,o̵n̵e̵_̵m̵u̵l̵,̵ ̲add_zero, ̲mul_one]

Note: This linter can be disabled with `set_option linter.unusedSimpArgs false`
✔ [1669/1669] Built CircuitCorrectness.HashTrace2.Round62 (2.7s)
Build completed successfully (1669 jobs).

{"module": "CircuitCorrectness.HashTrace8.Round45", "exit_code": 0, "seconds": 9.980220917000224, "maximum_child_rss_bytes": 3026944000, "user_seconds": 7.847339, "system_seconds": 2.801613, "log": "results/clean_build_modules/CircuitCorrectness.HashTrace8.Round45.log", "command": ["/Users/hanbunko/Downloads/zkCNN/VerImgCmp/circuit_correctness/.elan/toolchains/leanprover--lean4---v4.28.0/bin/lake", "--no-cache", "build", "+CircuitCorrectness.HashTrace8.Round45"]}
⚠ [1590/1652] Replayed CircuitCorrectness.Affine
warning: CircuitCorrectness/Affine.lean:52:33: This simp argument is unused:
  add_assoc

Hint: Omit it from the simp argument list.
  simp [ih, add_left_comm,̵ ̵a̵d̵d̵_̵a̵s̵s̵o̵c̵]

Note: This linter can be disabled with `set_option linter.unusedSimpArgs false`
⚠ [1598/1652] Replayed CircuitCorrectness.PoseidonProgram
warning: CircuitCorrectness/PoseidonProgram.lean:38:15: unused variable `one`

Note: This linter can be disabled with `set_option linter.unusedVariables false`
warning: CircuitCorrectness/PoseidonProgram.lean:137:14: This simp argument is unused:
  Function.comp_def

Hint: Omit it from the simp argument list.
  simp [hc,̵ ̵F̵u̵n̵c̵t̵i̵o̵n̵.̵c̵o̵m̵p̵_̵d̵e̵f̵]

Note: This linter can be disabled with `set_option linter.unusedSimpArgs false`
warning: CircuitCorrectness/PoseidonProgram.lean:194:68: This simp argument is unused:
  one_mul

Hint: Omit it from the simp argument list.
  simp only [Instruction.value, Affine.eval_constant, Nat.cast_one, o̵n̵e̵_̵m̵u̵l̵,̵
  ̵ ̵ ̵ ̵ ̵h1, mul_one, Affine.eval_nil,
  ̲  ̲ ̲ ̲add_zero] at ho

Note: This linter can be disabled with `set_option linter.unusedSimpArgs false`
⚠ [1605/1652] Replayed CircuitCorrectness.ConcreteProgram
warning: CircuitCorrectness/ConcreteProgram.lean:257:61: This simp argument is unused:
  one_mul

Hint: Omit it from the simp argument list.
  simp only [expandLC, ̲List.map_cons, ̲List.map_nil, ̲evalLC, ̲List.sum_cons, ̲List.sum_nil,
        one_expand, ̲neg_one_expand, ̲cast_neg_one, ̲Nat.cast_one, ̲h1,o̵n̵e̵_̵m̵u̵l̵,̵ ̲add_zero, ̲mul_one]

Note: This linter can be disabled with `set_option linter.unusedSimpArgs false`
✔ [1652/1652] Built CircuitCorrectness.HashTrace8.Round45 (8.1s)
Build completed successfully (1652 jobs).

{"module": "CircuitCorrectness.HashTrace2.Output", "exit_code": 0, "seconds": 4.156686165999417, "maximum_child_rss_bytes": 2090975232, "user_seconds": 1.865252, "system_seconds": 2.569439, "log": "results/clean_build_modules/CircuitCorrectness.HashTrace2.Output.log", "command": ["/Users/hanbunko/Downloads/zkCNN/VerImgCmp/circuit_correctness/.elan/toolchains/leanprover--lean4---v4.28.0/bin/lake", "--no-cache", "build", "+CircuitCorrectness.HashTrace2.Output"]}
⚠ [1590/1670] Replayed CircuitCorrectness.Affine
warning: CircuitCorrectness/Affine.lean:52:33: This simp argument is unused:
  add_assoc

Hint: Omit it from the simp argument list.
  simp [ih, add_left_comm,̵ ̵a̵d̵d̵_̵a̵s̵s̵o̵c̵]

Note: This linter can be disabled with `set_option linter.unusedSimpArgs false`
⚠ [1598/1670] Replayed CircuitCorrectness.PoseidonProgram
warning: CircuitCorrectness/PoseidonProgram.lean:38:15: unused variable `one`

Note: This linter can be disabled with `set_option linter.unusedVariables false`
warning: CircuitCorrectness/PoseidonProgram.lean:137:14: This simp argument is unused:
  Function.comp_def

Hint: Omit it from the simp argument list.
  simp [hc,̵ ̵F̵u̵n̵c̵t̵i̵o̵n̵.̵c̵o̵m̵p̵_̵d̵e̵f̵]

Note: This linter can be disabled with `set_option linter.unusedSimpArgs false`
warning: CircuitCorrectness/PoseidonProgram.lean:194:68: This simp argument is unused:
  one_mul

Hint: Omit it from the simp argument list.
  simp only [Instruction.value, Affine.eval_constant, Nat.cast_one, o̵n̵e̵_̵m̵u̵l̵,̵
  ̵ ̵ ̵ ̵ ̵h1, mul_one, Affine.eval_nil,
  ̲  ̲ ̲ ̲add_zero] at ho

Note: This linter can be disabled with `set_option linter.unusedSimpArgs false`
⚠ [1605/1670] Replayed CircuitCorrectness.ConcreteProgram
warning: CircuitCorrectness/ConcreteProgram.lean:257:61: This simp argument is unused:
  one_mul

Hint: Omit it from the simp argument list.
  simp only [expandLC, ̲List.map_cons, ̲List.map_nil, ̲evalLC, ̲List.sum_cons, ̲List.sum_nil,
        one_expand, ̲neg_one_expand, ̲cast_neg_one, ̲Nat.cast_one, ̲h1,o̵n̵e̵_̵m̵u̵l̵,̵ ̲add_zero, ̲mul_one]

Note: This linter can be disabled with `set_option linter.unusedSimpArgs false`
✔ [1670/1670] Built CircuitCorrectness.HashTrace2.Output (2.2s)
Build completed successfully (1670 jobs).

{"module": "CircuitCorrectness.HashWiring", "exit_code": 0, "seconds": 4.135798999999679, "maximum_child_rss_bytes": 2075230208, "user_seconds": 2.08729, "system_seconds": 2.519164, "log": "results/clean_build_modules/CircuitCorrectness.HashWiring.log", "command": ["/Users/hanbunko/Downloads/zkCNN/VerImgCmp/circuit_correctness/.elan/toolchains/leanprover--lean4---v4.28.0/bin/lake", "--no-cache", "build", "+CircuitCorrectness.HashWiring"]}
⚠ [1601/1603] Replayed CircuitCorrectness.Affine
warning: CircuitCorrectness/Affine.lean:52:33: This simp argument is unused:
  add_assoc

Hint: Omit it from the simp argument list.
  simp [ih, add_left_comm,̵ ̵a̵d̵d̵_̵a̵s̵s̵o̵c̵]

Note: This linter can be disabled with `set_option linter.unusedSimpArgs false`
⚠ [1602/1603] Replayed CircuitCorrectness.ConcreteProgram
warning: CircuitCorrectness/ConcreteProgram.lean:257:61: This simp argument is unused:
  one_mul

Hint: Omit it from the simp argument list.
  simp only [expandLC, ̲List.map_cons, ̲List.map_nil, ̲evalLC, ̲List.sum_cons, ̲List.sum_nil,
        one_expand, ̲neg_one_expand, ̲cast_neg_one, ̲Nat.cast_one, ̲h1,o̵n̵e̵_̵m̵u̵l̵,̵ ̲add_zero, ̲mul_one]

Note: This linter can be disabled with `set_option linter.unusedSimpArgs false`
✔ [1603/1603] Built CircuitCorrectness.HashWiring (2.3s)
Build completed successfully (1603 jobs).

{"module": "CircuitCorrectness.HashTrace8.Round46", "exit_code": 0, "seconds": 10.147298833000605, "maximum_child_rss_bytes": 3093676032, "user_seconds": 8.015587, "system_seconds": 2.670969, "log": "results/clean_build_modules/CircuitCorrectness.HashTrace8.Round46.log", "command": ["/Users/hanbunko/Downloads/zkCNN/VerImgCmp/circuit_correctness/.elan/toolchains/leanprover--lean4---v4.28.0/bin/lake", "--no-cache", "build", "+CircuitCorrectness.HashTrace8.Round46"]}
⚠ [1590/1653] Replayed CircuitCorrectness.Affine
warning: CircuitCorrectness/Affine.lean:52:33: This simp argument is unused:
  add_assoc

Hint: Omit it from the simp argument list.
  simp [ih, add_left_comm,̵ ̵a̵d̵d̵_̵a̵s̵s̵o̵c̵]

Note: This linter can be disabled with `set_option linter.unusedSimpArgs false`
⚠ [1598/1653] Replayed CircuitCorrectness.PoseidonProgram
warning: CircuitCorrectness/PoseidonProgram.lean:38:15: unused variable `one`

Note: This linter can be disabled with `set_option linter.unusedVariables false`
warning: CircuitCorrectness/PoseidonProgram.lean:137:14: This simp argument is unused:
  Function.comp_def

Hint: Omit it from the simp argument list.
  simp [hc,̵ ̵F̵u̵n̵c̵t̵i̵o̵n̵.̵c̵o̵m̵p̵_̵d̵e̵f̵]

Note: This linter can be disabled with `set_option linter.unusedSimpArgs false`
warning: CircuitCorrectness/PoseidonProgram.lean:194:68: This simp argument is unused:
  one_mul

Hint: Omit it from the simp argument list.
  simp only [Instruction.value, Affine.eval_constant, Nat.cast_one, o̵n̵e̵_̵m̵u̵l̵,̵
  ̵ ̵ ̵ ̵ ̵h1, mul_one, Affine.eval_nil,
  ̲  ̲ ̲ ̲add_zero] at ho

Note: This linter can be disabled with `set_option linter.unusedSimpArgs false`
⚠ [1605/1653] Replayed CircuitCorrectness.ConcreteProgram
warning: CircuitCorrectness/ConcreteProgram.lean:257:61: This simp argument is unused:
  one_mul

Hint: Omit it from the simp argument list.
  simp only [expandLC, ̲List.map_cons, ̲List.map_nil, ̲evalLC, ̲List.sum_cons, ̲List.sum_nil,
        one_expand, ̲neg_one_expand, ̲cast_neg_one, ̲Nat.cast_one, ̲h1,o̵n̵e̵_̵m̵u̵l̵,̵ ̲add_zero, ̲mul_one]

Note: This linter can be disabled with `set_option linter.unusedSimpArgs false`
✔ [1653/1653] Built CircuitCorrectness.HashTrace8.Round46 (8.3s)
Build completed successfully (1653 jobs).

{"module": "CircuitCorrectness.HashWiringCertificates.Transfer", "exit_code": 0, "seconds": 4.060143040999719, "maximum_child_rss_bytes": 2055995392, "user_seconds": 1.916034, "system_seconds": 2.503046, "log": "results/clean_build_modules/CircuitCorrectness.HashWiringCertificates.Transfer.log", "command": ["/Users/hanbunko/Downloads/zkCNN/VerImgCmp/circuit_correctness/.elan/toolchains/leanprover--lean4---v4.28.0/bin/lake", "--no-cache", "build", "+CircuitCorrectness.HashWiringCertificates.Transfer"]}
⚠ [1601/1606] Replayed CircuitCorrectness.Affine
warning: CircuitCorrectness/Affine.lean:52:33: This simp argument is unused:
  add_assoc

Hint: Omit it from the simp argument list.
  simp [ih, add_left_comm,̵ ̵a̵d̵d̵_̵a̵s̵s̵o̵c̵]

Note: This linter can be disabled with `set_option linter.unusedSimpArgs false`
⚠ [1602/1606] Replayed CircuitCorrectness.ConcreteProgram
warning: CircuitCorrectness/ConcreteProgram.lean:257:61: This simp argument is unused:
  one_mul

Hint: Omit it from the simp argument list.
  simp only [expandLC, ̲List.map_cons, ̲List.map_nil, ̲evalLC, ̲List.sum_cons, ̲List.sum_nil,
        one_expand, ̲neg_one_expand, ̲cast_neg_one, ̲Nat.cast_one, ̲h1,o̵n̵e̵_̵m̵u̵l̵,̵ ̲add_zero, ̲mul_one]

Note: This linter can be disabled with `set_option linter.unusedSimpArgs false`
⚠ [1606/1606] Built CircuitCorrectness.HashWiringCertificates.Transfer (2.2s)
warning: CircuitCorrectness/HashWiringCertificates/Transfer.lean:23:10: This simp argument is unused:
  Function.comp_def

Hint: Omit it from the simp argument list.
  simp [F̵u̵n̵c̵t̵i̵o̵n̵.̵c̵o̵m̵p̵_̵d̵e̵f̵,̵ ̵rename8_input node i hi8, getElem!_pos, hin]

Note: This linter can be disabled with `set_option linter.unusedSimpArgs false`
Build completed successfully (1606 jobs).

{"module": "CircuitCorrectness.HashTrace8.Round47", "exit_code": 0, "seconds": 10.555551834000653, "maximum_child_rss_bytes": 3116662784, "user_seconds": 8.30883, "system_seconds": 2.745523, "log": "results/clean_build_modules/CircuitCorrectness.HashTrace8.Round47.log", "command": ["/Users/hanbunko/Downloads/zkCNN/VerImgCmp/circuit_correctness/.elan/toolchains/leanprover--lean4---v4.28.0/bin/lake", "--no-cache", "build", "+CircuitCorrectness.HashTrace8.Round47"]}
⚠ [1590/1654] Replayed CircuitCorrectness.Affine
warning: CircuitCorrectness/Affine.lean:52:33: This simp argument is unused:
  add_assoc

Hint: Omit it from the simp argument list.
  simp [ih, add_left_comm,̵ ̵a̵d̵d̵_̵a̵s̵s̵o̵c̵]

Note: This linter can be disabled with `set_option linter.unusedSimpArgs false`
⚠ [1598/1654] Replayed CircuitCorrectness.PoseidonProgram
warning: CircuitCorrectness/PoseidonProgram.lean:38:15: unused variable `one`

Note: This linter can be disabled with `set_option linter.unusedVariables false`
warning: CircuitCorrectness/PoseidonProgram.lean:137:14: This simp argument is unused:
  Function.comp_def

Hint: Omit it from the simp argument list.
  simp [hc,̵ ̵F̵u̵n̵c̵t̵i̵o̵n̵.̵c̵o̵m̵p̵_̵d̵e̵f̵]

Note: This linter can be disabled with `set_option linter.unusedSimpArgs false`
warning: CircuitCorrectness/PoseidonProgram.lean:194:68: This simp argument is unused:
  one_mul

Hint: Omit it from the simp argument list.
  simp only [Instruction.value, Affine.eval_constant, Nat.cast_one, o̵n̵e̵_̵m̵u̵l̵,̵
  ̵ ̵ ̵ ̵ ̵h1, mul_one, Affine.eval_nil,
  ̲  ̲ ̲ ̲add_zero] at ho

Note: This linter can be disabled with `set_option linter.unusedSimpArgs false`
⚠ [1605/1654] Replayed CircuitCorrectness.ConcreteProgram
warning: CircuitCorrectness/ConcreteProgram.lean:257:61: This simp argument is unused:
  one_mul

Hint: Omit it from the simp argument list.
  simp only [expandLC, ̲List.map_cons, ̲List.map_nil, ̲evalLC, ̲List.sum_cons, ̲List.sum_nil,
        one_expand, ̲neg_one_expand, ̲cast_neg_one, ̲Nat.cast_one, ̲h1,o̵n̵e̵_̵m̵u̵l̵,̵ ̲add_zero, ̲mul_one]

Note: This linter can be disabled with `set_option linter.unusedSimpArgs false`
✔ [1654/1654] Built CircuitCorrectness.HashTrace8.Round47 (8.6s)
Build completed successfully (1654 jobs).

{"module": "CircuitCorrectness.HashTrace8.Round48", "exit_code": 0, "seconds": 10.63465241599988, "maximum_child_rss_bytes": 3061760000, "user_seconds": 8.259106, "system_seconds": 2.824813, "log": "results/clean_build_modules/CircuitCorrectness.HashTrace8.Round48.log", "command": ["/Users/hanbunko/Downloads/zkCNN/VerImgCmp/circuit_correctness/.elan/toolchains/leanprover--lean4---v4.28.0/bin/lake", "--no-cache", "build", "+CircuitCorrectness.HashTrace8.Round48"]}
⚠ [1590/1655] Replayed CircuitCorrectness.Affine
warning: CircuitCorrectness/Affine.lean:52:33: This simp argument is unused:
  add_assoc

Hint: Omit it from the simp argument list.
  simp [ih, add_left_comm,̵ ̵a̵d̵d̵_̵a̵s̵s̵o̵c̵]

Note: This linter can be disabled with `set_option linter.unusedSimpArgs false`
⚠ [1598/1655] Replayed CircuitCorrectness.PoseidonProgram
warning: CircuitCorrectness/PoseidonProgram.lean:38:15: unused variable `one`

Note: This linter can be disabled with `set_option linter.unusedVariables false`
warning: CircuitCorrectness/PoseidonProgram.lean:137:14: This simp argument is unused:
  Function.comp_def

Hint: Omit it from the simp argument list.
  simp [hc,̵ ̵F̵u̵n̵c̵t̵i̵o̵n̵.̵c̵o̵m̵p̵_̵d̵e̵f̵]

Note: This linter can be disabled with `set_option linter.unusedSimpArgs false`
warning: CircuitCorrectness/PoseidonProgram.lean:194:68: This simp argument is unused:
  one_mul

Hint: Omit it from the simp argument list.
  simp only [Instruction.value, Affine.eval_constant, Nat.cast_one, o̵n̵e̵_̵m̵u̵l̵,̵
  ̵ ̵ ̵ ̵ ̵h1, mul_one, Affine.eval_nil,
  ̲  ̲ ̲ ̲add_zero] at ho

Note: This linter can be disabled with `set_option linter.unusedSimpArgs false`
⚠ [1605/1655] Replayed CircuitCorrectness.ConcreteProgram
warning: CircuitCorrectness/ConcreteProgram.lean:257:61: This simp argument is unused:
  one_mul

Hint: Omit it from the simp argument list.
  simp only [expandLC, ̲List.map_cons, ̲List.map_nil, ̲evalLC, ̲List.sum_cons, ̲List.sum_nil,
        one_expand, ̲neg_one_expand, ̲cast_neg_one, ̲Nat.cast_one, ̲h1,o̵n̵e̵_̵m̵u̵l̵,̵ ̲add_zero, ̲mul_one]

Note: This linter can be disabled with `set_option linter.unusedSimpArgs false`
✔ [1655/1655] Built CircuitCorrectness.HashTrace8.Round48 (8.5s)
Build completed successfully (1655 jobs).

{"module": "CircuitCorrectness.HashWiringTemplates", "exit_code": 0, "seconds": 22.196615374999965, "maximum_child_rss_bytes": 3646160896, "user_seconds": 34.928066, "system_seconds": 3.208103, "log": "results/clean_build_modules/CircuitCorrectness.HashWiringTemplates.log", "command": ["/Users/hanbunko/Downloads/zkCNN/VerImgCmp/circuit_correctness/.elan/toolchains/leanprover--lean4---v4.28.0/bin/lake", "--no-cache", "build", "+CircuitCorrectness.HashWiringTemplates"]}
⚠ [1601/1604] Replayed CircuitCorrectness.Affine
warning: CircuitCorrectness/Affine.lean:52:33: This simp argument is unused:
  add_assoc

Hint: Omit it from the simp argument list.
  simp [ih, add_left_comm,̵ ̵a̵d̵d̵_̵a̵s̵s̵o̵c̵]

Note: This linter can be disabled with `set_option linter.unusedSimpArgs false`
⚠ [1602/1604] Replayed CircuitCorrectness.ConcreteProgram
warning: CircuitCorrectness/ConcreteProgram.lean:257:61: This simp argument is unused:
  one_mul

Hint: Omit it from the simp argument list.
  simp only [expandLC, ̲List.map_cons, ̲List.map_nil, ̲evalLC, ̲List.sum_cons, ̲List.sum_nil,
        one_expand, ̲neg_one_expand, ̲cast_neg_one, ̲Nat.cast_one, ̲h1,o̵n̵e̵_̵m̵u̵l̵,̵ ̲add_zero, ̲mul_one]

Note: This linter can be disabled with `set_option linter.unusedSimpArgs false`
✔ [1604/1604] Built CircuitCorrectness.HashWiringTemplates (20s)
Build completed successfully (1604 jobs).

{"module": "CircuitCorrectness.HashTrace2.All", "exit_code": 0, "seconds": 5.762048250000589, "maximum_child_rss_bytes": 2512568320, "user_seconds": 4.527903, "system_seconds": 2.601919, "log": "results/clean_build_modules/CircuitCorrectness.HashTrace2.All.log", "command": ["/Users/hanbunko/Downloads/zkCNN/VerImgCmp/circuit_correctness/.elan/toolchains/leanprover--lean4---v4.28.0/bin/lake", "--no-cache", "build", "+CircuitCorrectness.HashTrace2.All"]}
⚠ [1590/1674] Replayed CircuitCorrectness.Affine
warning: CircuitCorrectness/Affine.lean:52:33: This simp argument is unused:
  add_assoc

Hint: Omit it from the simp argument list.
  simp [ih, add_left_comm,̵ ̵a̵d̵d̵_̵a̵s̵s̵o̵c̵]

Note: This linter can be disabled with `set_option linter.unusedSimpArgs false`
⚠ [1598/1674] Replayed CircuitCorrectness.PoseidonProgram
warning: CircuitCorrectness/PoseidonProgram.lean:38:15: unused variable `one`

Note: This linter can be disabled with `set_option linter.unusedVariables false`
warning: CircuitCorrectness/PoseidonProgram.lean:137:14: This simp argument is unused:
  Function.comp_def

Hint: Omit it from the simp argument list.
  simp [hc,̵ ̵F̵u̵n̵c̵t̵i̵o̵n̵.̵c̵o̵m̵p̵_̵d̵e̵f̵]

Note: This linter can be disabled with `set_option linter.unusedSimpArgs false`
warning: CircuitCorrectness/PoseidonProgram.lean:194:68: This simp argument is unused:
  one_mul

Hint: Omit it from the simp argument list.
  simp only [Instruction.value, Affine.eval_constant, Nat.cast_one, o̵n̵e̵_̵m̵u̵l̵,̵
  ̵ ̵ ̵ ̵ ̵h1, mul_one, Affine.eval_nil,
  ̲  ̲ ̲ ̲add_zero] at ho

Note: This linter can be disabled with `set_option linter.unusedSimpArgs false`
⚠ [1605/1674] Replayed CircuitCorrectness.ConcreteProgram
warning: CircuitCorrectness/ConcreteProgram.lean:257:61: This simp argument is unused:
  one_mul

Hint: Omit it from the simp argument list.
  simp only [expandLC, ̲List.map_cons, ̲List.map_nil, ̲evalLC, ̲List.sum_cons, ̲List.sum_nil,
        one_expand, ̲neg_one_expand, ̲cast_neg_one, ̲Nat.cast_one, ̲h1,o̵n̵e̵_̵m̵u̵l̵,̵ ̲add_zero, ̲mul_one]

Note: This linter can be disabled with `set_option linter.unusedSimpArgs false`
ℹ [1674/1674] Built CircuitCorrectness.HashTrace2.All (3.9s)
info: CircuitCorrectness/HashTrace2/All.lean:380:0: 'CircuitCorrectness.HashTrace2.template_sound' depends on axioms: [propext, Classical.choice, Quot.sound]
Build completed successfully (1674 jobs).

{"module": "CircuitCorrectness.HashTrace8.Round49", "exit_code": 0, "seconds": 10.693405959000302, "maximum_child_rss_bytes": 3132473344, "user_seconds": 8.453107, "system_seconds": 2.722158, "log": "results/clean_build_modules/CircuitCorrectness.HashTrace8.Round49.log", "command": ["/Users/hanbunko/Downloads/zkCNN/VerImgCmp/circuit_correctness/.elan/toolchains/leanprover--lean4---v4.28.0/bin/lake", "--no-cache", "build", "+CircuitCorrectness.HashTrace8.Round49"]}
⚠ [1590/1656] Replayed CircuitCorrectness.Affine
warning: CircuitCorrectness/Affine.lean:52:33: This simp argument is unused:
  add_assoc

Hint: Omit it from the simp argument list.
  simp [ih, add_left_comm,̵ ̵a̵d̵d̵_̵a̵s̵s̵o̵c̵]

Note: This linter can be disabled with `set_option linter.unusedSimpArgs false`
⚠ [1598/1656] Replayed CircuitCorrectness.PoseidonProgram
warning: CircuitCorrectness/PoseidonProgram.lean:38:15: unused variable `one`

Note: This linter can be disabled with `set_option linter.unusedVariables false`
warning: CircuitCorrectness/PoseidonProgram.lean:137:14: This simp argument is unused:
  Function.comp_def

Hint: Omit it from the simp argument list.
  simp [hc,̵ ̵F̵u̵n̵c̵t̵i̵o̵n̵.̵c̵o̵m̵p̵_̵d̵e̵f̵]

Note: This linter can be disabled with `set_option linter.unusedSimpArgs false`
warning: CircuitCorrectness/PoseidonProgram.lean:194:68: This simp argument is unused:
  one_mul

Hint: Omit it from the simp argument list.
  simp only [Instruction.value, Affine.eval_constant, Nat.cast_one, o̵n̵e̵_̵m̵u̵l̵,̵
  ̵ ̵ ̵ ̵ ̵h1, mul_one, Affine.eval_nil,
  ̲  ̲ ̲ ̲add_zero] at ho

Note: This linter can be disabled with `set_option linter.unusedSimpArgs false`
⚠ [1605/1656] Replayed CircuitCorrectness.ConcreteProgram
warning: CircuitCorrectness/ConcreteProgram.lean:257:61: This simp argument is unused:
  one_mul

Hint: Omit it from the simp argument list.
  simp only [expandLC, ̲List.map_cons, ̲List.map_nil, ̲evalLC, ̲List.sum_cons, ̲List.sum_nil,
        one_expand, ̲neg_one_expand, ̲cast_neg_one, ̲Nat.cast_one, ̲h1,o̵n̵e̵_̵m̵u̵l̵,̵ ̲add_zero, ̲mul_one]

Note: This linter can be disabled with `set_option linter.unusedSimpArgs false`
✔ [1656/1656] Built CircuitCorrectness.HashTrace8.Round49 (8.7s)
Build completed successfully (1656 jobs).

{"module": "CircuitCorrectness.HashTrace8.Round50", "exit_code": 0, "seconds": 11.597873083000195, "maximum_child_rss_bytes": 3105718272, "user_seconds": 8.845162, "system_seconds": 2.793544, "log": "results/clean_build_modules/CircuitCorrectness.HashTrace8.Round50.log", "command": ["/Users/hanbunko/Downloads/zkCNN/VerImgCmp/circuit_correctness/.elan/toolchains/leanprover--lean4---v4.28.0/bin/lake", "--no-cache", "build", "+CircuitCorrectness.HashTrace8.Round50"]}
⚠ [1590/1657] Replayed CircuitCorrectness.Affine
warning: CircuitCorrectness/Affine.lean:52:33: This simp argument is unused:
  add_assoc

Hint: Omit it from the simp argument list.
  simp [ih, add_left_comm,̵ ̵a̵d̵d̵_̵a̵s̵s̵o̵c̵]

Note: This linter can be disabled with `set_option linter.unusedSimpArgs false`
⚠ [1598/1657] Replayed CircuitCorrectness.PoseidonProgram
warning: CircuitCorrectness/PoseidonProgram.lean:38:15: unused variable `one`

Note: This linter can be disabled with `set_option linter.unusedVariables false`
warning: CircuitCorrectness/PoseidonProgram.lean:137:14: This simp argument is unused:
  Function.comp_def

Hint: Omit it from the simp argument list.
  simp [hc,̵ ̵F̵u̵n̵c̵t̵i̵o̵n̵.̵c̵o̵m̵p̵_̵d̵e̵f̵]

Note: This linter can be disabled with `set_option linter.unusedSimpArgs false`
warning: CircuitCorrectness/PoseidonProgram.lean:194:68: This simp argument is unused:
  one_mul

Hint: Omit it from the simp argument list.
  simp only [Instruction.value, Affine.eval_constant, Nat.cast_one, o̵n̵e̵_̵m̵u̵l̵,̵
  ̵ ̵ ̵ ̵ ̵h1, mul_one, Affine.eval_nil,
  ̲  ̲ ̲ ̲add_zero] at ho

Note: This linter can be disabled with `set_option linter.unusedSimpArgs false`
⚠ [1605/1657] Replayed CircuitCorrectness.ConcreteProgram
warning: CircuitCorrectness/ConcreteProgram.lean:257:61: This simp argument is unused:
  one_mul

Hint: Omit it from the simp argument list.
  simp only [expandLC, ̲List.map_cons, ̲List.map_nil, ̲evalLC, ̲List.sum_cons, ̲List.sum_nil,
        one_expand, ̲neg_one_expand, ̲cast_neg_one, ̲Nat.cast_one, ̲h1,o̵n̵e̵_̵m̵u̵l̵,̵ ̲add_zero, ̲mul_one]

Note: This linter can be disabled with `set_option linter.unusedSimpArgs false`
✔ [1657/1657] Built CircuitCorrectness.HashTrace8.Round50 (9.4s)
Build completed successfully (1657 jobs).

{"module": "CircuitCorrectness.HashTrace8.Round51", "exit_code": 0, "seconds": 10.70286008399944, "maximum_child_rss_bytes": 3119874048, "user_seconds": 8.588502, "system_seconds": 2.650594, "log": "results/clean_build_modules/CircuitCorrectness.HashTrace8.Round51.log", "command": ["/Users/hanbunko/Downloads/zkCNN/VerImgCmp/circuit_correctness/.elan/toolchains/leanprover--lean4---v4.28.0/bin/lake", "--no-cache", "build", "+CircuitCorrectness.HashTrace8.Round51"]}
⚠ [1590/1658] Replayed CircuitCorrectness.Affine
warning: CircuitCorrectness/Affine.lean:52:33: This simp argument is unused:
  add_assoc

Hint: Omit it from the simp argument list.
  simp [ih, add_left_comm,̵ ̵a̵d̵d̵_̵a̵s̵s̵o̵c̵]

Note: This linter can be disabled with `set_option linter.unusedSimpArgs false`
⚠ [1598/1658] Replayed CircuitCorrectness.PoseidonProgram
warning: CircuitCorrectness/PoseidonProgram.lean:38:15: unused variable `one`

Note: This linter can be disabled with `set_option linter.unusedVariables false`
warning: CircuitCorrectness/PoseidonProgram.lean:137:14: This simp argument is unused:
  Function.comp_def

Hint: Omit it from the simp argument list.
  simp [hc,̵ ̵F̵u̵n̵c̵t̵i̵o̵n̵.̵c̵o̵m̵p̵_̵d̵e̵f̵]

Note: This linter can be disabled with `set_option linter.unusedSimpArgs false`
warning: CircuitCorrectness/PoseidonProgram.lean:194:68: This simp argument is unused:
  one_mul

Hint: Omit it from the simp argument list.
  simp only [Instruction.value, Affine.eval_constant, Nat.cast_one, o̵n̵e̵_̵m̵u̵l̵,̵
  ̵ ̵ ̵ ̵ ̵h1, mul_one, Affine.eval_nil,
  ̲  ̲ ̲ ̲add_zero] at ho

Note: This linter can be disabled with `set_option linter.unusedSimpArgs false`
⚠ [1605/1658] Replayed CircuitCorrectness.ConcreteProgram
warning: CircuitCorrectness/ConcreteProgram.lean:257:61: This simp argument is unused:
  one_mul

Hint: Omit it from the simp argument list.
  simp only [expandLC, ̲List.map_cons, ̲List.map_nil, ̲evalLC, ̲List.sum_cons, ̲List.sum_nil,
        one_expand, ̲neg_one_expand, ̲cast_neg_one, ̲Nat.cast_one, ̲h1,o̵n̵e̵_̵m̵u̵l̵,̵ ̲add_zero, ̲mul_one]

Note: This linter can be disabled with `set_option linter.unusedSimpArgs false`
✔ [1658/1658] Built CircuitCorrectness.HashTrace8.Round51 (8.8s)
Build completed successfully (1658 jobs).

{"module": "CircuitCorrectness.HashWiringCertificates.Group00", "exit_code": 0, "seconds": 28.986243499999546, "maximum_child_rss_bytes": 3789864960, "user_seconds": 55.43773, "system_seconds": 3.6117, "log": "results/clean_build_modules/CircuitCorrectness.HashWiringCertificates.Group00.log", "command": ["/Users/hanbunko/Downloads/zkCNN/VerImgCmp/circuit_correctness/.elan/toolchains/leanprover--lean4---v4.28.0/bin/lake", "--no-cache", "build", "+CircuitCorrectness.HashWiringCertificates.Group00"]}
⚠ [1601/1605] Replayed CircuitCorrectness.Affine
warning: CircuitCorrectness/Affine.lean:52:33: This simp argument is unused:
  add_assoc

Hint: Omit it from the simp argument list.
  simp [ih, add_left_comm,̵ ̵a̵d̵d̵_̵a̵s̵s̵o̵c̵]

Note: This linter can be disabled with `set_option linter.unusedSimpArgs false`
⚠ [1602/1605] Replayed CircuitCorrectness.ConcreteProgram
warning: CircuitCorrectness/ConcreteProgram.lean:257:61: This simp argument is unused:
  one_mul

Hint: Omit it from the simp argument list.
  simp only [expandLC, ̲List.map_cons, ̲List.map_nil, ̲evalLC, ̲List.sum_cons, ̲List.sum_nil,
        one_expand, ̲neg_one_expand, ̲cast_neg_one, ̲Nat.cast_one, ̲h1,o̵n̵e̵_̵m̵u̵l̵,̵ ̲add_zero, ̲mul_one]

Note: This linter can be disabled with `set_option linter.unusedSimpArgs false`
✔ [1605/1605] Built CircuitCorrectness.HashWiringCertificates.Group00 (27s)
Build completed successfully (1605 jobs).

{"module": "CircuitCorrectness.HashTrace8.Round52", "exit_code": 0, "seconds": 11.657905041000049, "maximum_child_rss_bytes": 3120660480, "user_seconds": 8.926932, "system_seconds": 2.664893, "log": "results/clean_build_modules/CircuitCorrectness.HashTrace8.Round52.log", "command": ["/Users/hanbunko/Downloads/zkCNN/VerImgCmp/circuit_correctness/.elan/toolchains/leanprover--lean4---v4.28.0/bin/lake", "--no-cache", "build", "+CircuitCorrectness.HashTrace8.Round52"]}
⚠ [1590/1659] Replayed CircuitCorrectness.Affine
warning: CircuitCorrectness/Affine.lean:52:33: This simp argument is unused:
  add_assoc

Hint: Omit it from the simp argument list.
  simp [ih, add_left_comm,̵ ̵a̵d̵d̵_̵a̵s̵s̵o̵c̵]

Note: This linter can be disabled with `set_option linter.unusedSimpArgs false`
⚠ [1598/1659] Replayed CircuitCorrectness.PoseidonProgram
warning: CircuitCorrectness/PoseidonProgram.lean:38:15: unused variable `one`

Note: This linter can be disabled with `set_option linter.unusedVariables false`
warning: CircuitCorrectness/PoseidonProgram.lean:137:14: This simp argument is unused:
  Function.comp_def

Hint: Omit it from the simp argument list.
  simp [hc,̵ ̵F̵u̵n̵c̵t̵i̵o̵n̵.̵c̵o̵m̵p̵_̵d̵e̵f̵]

Note: This linter can be disabled with `set_option linter.unusedSimpArgs false`
warning: CircuitCorrectness/PoseidonProgram.lean:194:68: This simp argument is unused:
  one_mul

Hint: Omit it from the simp argument list.
  simp only [Instruction.value, Affine.eval_constant, Nat.cast_one, o̵n̵e̵_̵m̵u̵l̵,̵
  ̵ ̵ ̵ ̵ ̵h1, mul_one, Affine.eval_nil,
  ̲  ̲ ̲ ̲add_zero] at ho

Note: This linter can be disabled with `set_option linter.unusedSimpArgs false`
⚠ [1605/1659] Replayed CircuitCorrectness.ConcreteProgram
warning: CircuitCorrectness/ConcreteProgram.lean:257:61: This simp argument is unused:
  one_mul

Hint: Omit it from the simp argument list.
  simp only [expandLC, ̲List.map_cons, ̲List.map_nil, ̲evalLC, ̲List.sum_cons, ̲List.sum_nil,
        one_expand, ̲neg_one_expand, ̲cast_neg_one, ̲Nat.cast_one, ̲h1,o̵n̵e̵_̵m̵u̵l̵,̵ ̲add_zero, ̲mul_one]

Note: This linter can be disabled with `set_option linter.unusedSimpArgs false`
✔ [1659/1659] Built CircuitCorrectness.HashTrace8.Round52 (9.8s)
Build completed successfully (1659 jobs).

{"module": "CircuitCorrectness.HashTrace8.Round53", "exit_code": 0, "seconds": 11.294195665999723, "maximum_child_rss_bytes": 3184345088, "user_seconds": 9.030871, "system_seconds": 2.8164059999999997, "log": "results/clean_build_modules/CircuitCorrectness.HashTrace8.Round53.log", "command": ["/Users/hanbunko/Downloads/zkCNN/VerImgCmp/circuit_correctness/.elan/toolchains/leanprover--lean4---v4.28.0/bin/lake", "--no-cache", "build", "+CircuitCorrectness.HashTrace8.Round53"]}
⚠ [1589/1633] Replayed CircuitCorrectness.Affine
warning: CircuitCorrectness/Affine.lean:52:33: This simp argument is unused:
  add_assoc

Hint: Omit it from the simp argument list.
  simp [ih, add_left_comm,̵ ̵a̵d̵d̵_̵a̵s̵s̵o̵c̵]

Note: This linter can be disabled with `set_option linter.unusedSimpArgs false`
⚠ [1597/1633] Replayed CircuitCorrectness.PoseidonProgram
warning: CircuitCorrectness/PoseidonProgram.lean:38:15: unused variable `one`

Note: This linter can be disabled with `set_option linter.unusedVariables false`
warning: CircuitCorrectness/PoseidonProgram.lean:137:14: This simp argument is unused:
  Function.comp_def

Hint: Omit it from the simp argument list.
  simp [hc,̵ ̵F̵u̵n̵c̵t̵i̵o̵n̵.̵c̵o̵m̵p̵_̵d̵e̵f̵]

Note: This linter can be disabled with `set_option linter.unusedSimpArgs false`
warning: CircuitCorrectness/PoseidonProgram.lean:194:68: This simp argument is unused:
  one_mul

Hint: Omit it from the simp argument list.
  simp only [Instruction.value, Affine.eval_constant, Nat.cast_one, o̵n̵e̵_̵m̵u̵l̵,̵
  ̵ ̵ ̵ ̵ ̵h1, mul_one, Affine.eval_nil,
  ̲  ̲ ̲ ̲add_zero] at ho

Note: This linter can be disabled with `set_option linter.unusedSimpArgs false`
⚠ [1604/1633] Replayed CircuitCorrectness.ConcreteProgram
warning: CircuitCorrectness/ConcreteProgram.lean:257:61: This simp argument is unused:
  one_mul

Hint: Omit it from the simp argument list.
  simp only [expandLC, ̲List.map_cons, ̲List.map_nil, ̲evalLC, ̲List.sum_cons, ̲List.sum_nil,
        one_expand, ̲neg_one_expand, ̲cast_neg_one, ̲Nat.cast_one, ̲h1,o̵n̵e̵_̵m̵u̵l̵,̵ ̲add_zero, ̲mul_one]

Note: This linter can be disabled with `set_option linter.unusedSimpArgs false`
✔ [1660/1660] Built CircuitCorrectness.HashTrace8.Round53 (9.3s)
Build completed successfully (1660 jobs).

{"module": "CircuitCorrectness.HashWiringCertificates.Group01", "exit_code": 0, "seconds": 28.82148129199959, "maximum_child_rss_bytes": 3683631104, "user_seconds": 55.141576, "system_seconds": 3.637826, "log": "results/clean_build_modules/CircuitCorrectness.HashWiringCertificates.Group01.log", "command": ["/Users/hanbunko/Downloads/zkCNN/VerImgCmp/circuit_correctness/.elan/toolchains/leanprover--lean4---v4.28.0/bin/lake", "--no-cache", "build", "+CircuitCorrectness.HashWiringCertificates.Group01"]}
⚠ [1601/1605] Replayed CircuitCorrectness.Affine
warning: CircuitCorrectness/Affine.lean:52:33: This simp argument is unused:
  add_assoc

Hint: Omit it from the simp argument list.
  simp [ih, add_left_comm,̵ ̵a̵d̵d̵_̵a̵s̵s̵o̵c̵]

Note: This linter can be disabled with `set_option linter.unusedSimpArgs false`
⚠ [1602/1605] Replayed CircuitCorrectness.ConcreteProgram
warning: CircuitCorrectness/ConcreteProgram.lean:257:61: This simp argument is unused:
  one_mul

Hint: Omit it from the simp argument list.
  simp only [expandLC, ̲List.map_cons, ̲List.map_nil, ̲evalLC, ̲List.sum_cons, ̲List.sum_nil,
        one_expand, ̲neg_one_expand, ̲cast_neg_one, ̲Nat.cast_one, ̲h1,o̵n̵e̵_̵m̵u̵l̵,̵ ̲add_zero, ̲mul_one]

Note: This linter can be disabled with `set_option linter.unusedSimpArgs false`
✔ [1605/1605] Built CircuitCorrectness.HashWiringCertificates.Group01 (27s)
Build completed successfully (1605 jobs).

{"module": "CircuitCorrectness.HashTrace8.Round54", "exit_code": 0, "seconds": 11.170560290999674, "maximum_child_rss_bytes": 3168272384, "user_seconds": 8.986134, "system_seconds": 2.6884449999999998, "log": "results/clean_build_modules/CircuitCorrectness.HashTrace8.Round54.log", "command": ["/Users/hanbunko/Downloads/zkCNN/VerImgCmp/circuit_correctness/.elan/toolchains/leanprover--lean4---v4.28.0/bin/lake", "--no-cache", "build", "+CircuitCorrectness.HashTrace8.Round54"]}
⚠ [1590/1661] Replayed CircuitCorrectness.Affine
warning: CircuitCorrectness/Affine.lean:52:33: This simp argument is unused:
  add_assoc

Hint: Omit it from the simp argument list.
  simp [ih, add_left_comm,̵ ̵a̵d̵d̵_̵a̵s̵s̵o̵c̵]

Note: This linter can be disabled with `set_option linter.unusedSimpArgs false`
⚠ [1598/1661] Replayed CircuitCorrectness.PoseidonProgram
warning: CircuitCorrectness/PoseidonProgram.lean:38:15: unused variable `one`

Note: This linter can be disabled with `set_option linter.unusedVariables false`
warning: CircuitCorrectness/PoseidonProgram.lean:137:14: This simp argument is unused:
  Function.comp_def

Hint: Omit it from the simp argument list.
  simp [hc,̵ ̵F̵u̵n̵c̵t̵i̵o̵n̵.̵c̵o̵m̵p̵_̵d̵e̵f̵]

Note: This linter can be disabled with `set_option linter.unusedSimpArgs false`
warning: CircuitCorrectness/PoseidonProgram.lean:194:68: This simp argument is unused:
  one_mul

Hint: Omit it from the simp argument list.
  simp only [Instruction.value, Affine.eval_constant, Nat.cast_one, o̵n̵e̵_̵m̵u̵l̵,̵
  ̵ ̵ ̵ ̵ ̵h1, mul_one, Affine.eval_nil,
  ̲  ̲ ̲ ̲add_zero] at ho

Note: This linter can be disabled with `set_option linter.unusedSimpArgs false`
⚠ [1605/1661] Replayed CircuitCorrectness.ConcreteProgram
warning: CircuitCorrectness/ConcreteProgram.lean:257:61: This simp argument is unused:
  one_mul

Hint: Omit it from the simp argument list.
  simp only [expandLC, ̲List.map_cons, ̲List.map_nil, ̲evalLC, ̲List.sum_cons, ̲List.sum_nil,
        one_expand, ̲neg_one_expand, ̲cast_neg_one, ̲Nat.cast_one, ̲h1,o̵n̵e̵_̵m̵u̵l̵,̵ ̲add_zero, ̲mul_one]

Note: This linter can be disabled with `set_option linter.unusedSimpArgs false`
✔ [1661/1661] Built CircuitCorrectness.HashTrace8.Round54 (9.2s)
Build completed successfully (1661 jobs).

{"module": "CircuitCorrectness.HashTrace8.Round55", "exit_code": 0, "seconds": 11.808242584000254, "maximum_child_rss_bytes": 3155361792, "user_seconds": 9.346552, "system_seconds": 2.698084, "log": "results/clean_build_modules/CircuitCorrectness.HashTrace8.Round55.log", "command": ["/Users/hanbunko/Downloads/zkCNN/VerImgCmp/circuit_correctness/.elan/toolchains/leanprover--lean4---v4.28.0/bin/lake", "--no-cache", "build", "+CircuitCorrectness.HashTrace8.Round55"]}
⚠ [1590/1662] Replayed CircuitCorrectness.Affine
warning: CircuitCorrectness/Affine.lean:52:33: This simp argument is unused:
  add_assoc

Hint: Omit it from the simp argument list.
  simp [ih, add_left_comm,̵ ̵a̵d̵d̵_̵a̵s̵s̵o̵c̵]

Note: This linter can be disabled with `set_option linter.unusedSimpArgs false`
⚠ [1598/1662] Replayed CircuitCorrectness.PoseidonProgram
warning: CircuitCorrectness/PoseidonProgram.lean:38:15: unused variable `one`

Note: This linter can be disabled with `set_option linter.unusedVariables false`
warning: CircuitCorrectness/PoseidonProgram.lean:137:14: This simp argument is unused:
  Function.comp_def

Hint: Omit it from the simp argument list.
  simp [hc,̵ ̵F̵u̵n̵c̵t̵i̵o̵n̵.̵c̵o̵m̵p̵_̵d̵e̵f̵]

Note: This linter can be disabled with `set_option linter.unusedSimpArgs false`
warning: CircuitCorrectness/PoseidonProgram.lean:194:68: This simp argument is unused:
  one_mul

Hint: Omit it from the simp argument list.
  simp only [Instruction.value, Affine.eval_constant, Nat.cast_one, o̵n̵e̵_̵m̵u̵l̵,̵
  ̵ ̵ ̵ ̵ ̵h1, mul_one, Affine.eval_nil,
  ̲  ̲ ̲ ̲add_zero] at ho

Note: This linter can be disabled with `set_option linter.unusedSimpArgs false`
⚠ [1605/1662] Replayed CircuitCorrectness.ConcreteProgram
warning: CircuitCorrectness/ConcreteProgram.lean:257:61: This simp argument is unused:
  one_mul

Hint: Omit it from the simp argument list.
  simp only [expandLC, ̲List.map_cons, ̲List.map_nil, ̲evalLC, ̲List.sum_cons, ̲List.sum_nil,
        one_expand, ̲neg_one_expand, ̲cast_neg_one, ̲Nat.cast_one, ̲h1,o̵n̵e̵_̵m̵u̵l̵,̵ ̲add_zero, ̲mul_one]

Note: This linter can be disabled with `set_option linter.unusedSimpArgs false`
✔ [1662/1662] Built CircuitCorrectness.HashTrace8.Round55 (9.9s)
Build completed successfully (1662 jobs).

{"module": "CircuitCorrectness.HashTrace8.Round56", "exit_code": 0, "seconds": 11.57712116699986, "maximum_child_rss_bytes": 3225747456, "user_seconds": 9.388807, "system_seconds": 2.825146, "log": "results/clean_build_modules/CircuitCorrectness.HashTrace8.Round56.log", "command": ["/Users/hanbunko/Downloads/zkCNN/VerImgCmp/circuit_correctness/.elan/toolchains/leanprover--lean4---v4.28.0/bin/lake", "--no-cache", "build", "+CircuitCorrectness.HashTrace8.Round56"]}
⚠ [1590/1663] Replayed CircuitCorrectness.Affine
warning: CircuitCorrectness/Affine.lean:52:33: This simp argument is unused:
  add_assoc

Hint: Omit it from the simp argument list.
  simp [ih, add_left_comm,̵ ̵a̵d̵d̵_̵a̵s̵s̵o̵c̵]

Note: This linter can be disabled with `set_option linter.unusedSimpArgs false`
⚠ [1598/1663] Replayed CircuitCorrectness.PoseidonProgram
warning: CircuitCorrectness/PoseidonProgram.lean:38:15: unused variable `one`

Note: This linter can be disabled with `set_option linter.unusedVariables false`
warning: CircuitCorrectness/PoseidonProgram.lean:137:14: This simp argument is unused:
  Function.comp_def

Hint: Omit it from the simp argument list.
  simp [hc,̵ ̵F̵u̵n̵c̵t̵i̵o̵n̵.̵c̵o̵m̵p̵_̵d̵e̵f̵]

Note: This linter can be disabled with `set_option linter.unusedSimpArgs false`
warning: CircuitCorrectness/PoseidonProgram.lean:194:68: This simp argument is unused:
  one_mul

Hint: Omit it from the simp argument list.
  simp only [Instruction.value, Affine.eval_constant, Nat.cast_one, o̵n̵e̵_̵m̵u̵l̵,̵
  ̵ ̵ ̵ ̵ ̵h1, mul_one, Affine.eval_nil,
  ̲  ̲ ̲ ̲add_zero] at ho

Note: This linter can be disabled with `set_option linter.unusedSimpArgs false`
⚠ [1605/1663] Replayed CircuitCorrectness.ConcreteProgram
warning: CircuitCorrectness/ConcreteProgram.lean:257:61: This simp argument is unused:
  one_mul

Hint: Omit it from the simp argument list.
  simp only [expandLC, ̲List.map_cons, ̲List.map_nil, ̲evalLC, ̲List.sum_cons, ̲List.sum_nil,
        one_expand, ̲neg_one_expand, ̲cast_neg_one, ̲Nat.cast_one, ̲h1,o̵n̵e̵_̵m̵u̵l̵,̵ ̲add_zero, ̲mul_one]

Note: This linter can be disabled with `set_option linter.unusedSimpArgs false`
✔ [1663/1663] Built CircuitCorrectness.HashTrace8.Round56 (9.7s)
Build completed successfully (1663 jobs).

{"module": "CircuitCorrectness.HashWiringCertificates.Group02", "exit_code": 0, "seconds": 25.356853207999848, "maximum_child_rss_bytes": 3706224640, "user_seconds": 48.090437, "system_seconds": 3.484065, "log": "results/clean_build_modules/CircuitCorrectness.HashWiringCertificates.Group02.log", "command": ["/Users/hanbunko/Downloads/zkCNN/VerImgCmp/circuit_correctness/.elan/toolchains/leanprover--lean4---v4.28.0/bin/lake", "--no-cache", "build", "+CircuitCorrectness.HashWiringCertificates.Group02"]}
⚠ [1601/1606] Replayed CircuitCorrectness.Affine
warning: CircuitCorrectness/Affine.lean:52:33: This simp argument is unused:
  add_assoc

Hint: Omit it from the simp argument list.
  simp [ih, add_left_comm,̵ ̵a̵d̵d̵_̵a̵s̵s̵o̵c̵]

Note: This linter can be disabled with `set_option linter.unusedSimpArgs false`
⚠ [1602/1606] Replayed CircuitCorrectness.ConcreteProgram
warning: CircuitCorrectness/ConcreteProgram.lean:257:61: This simp argument is unused:
  one_mul

Hint: Omit it from the simp argument list.
  simp only [expandLC, ̲List.map_cons, ̲List.map_nil, ̲evalLC, ̲List.sum_cons, ̲List.sum_nil,
        one_expand, ̲neg_one_expand, ̲cast_neg_one, ̲Nat.cast_one, ̲h1,o̵n̵e̵_̵m̵u̵l̵,̵ ̲add_zero, ̲mul_one]

Note: This linter can be disabled with `set_option linter.unusedSimpArgs false`
✔ [1606/1606] Built CircuitCorrectness.HashWiringCertificates.Group02 (23s)
Build completed successfully (1606 jobs).

{"module": "CircuitCorrectness.HashTrace8.Round57", "exit_code": 0, "seconds": 12.964392291999502, "maximum_child_rss_bytes": 3242590208, "user_seconds": 9.9321, "system_seconds": 2.827076, "log": "results/clean_build_modules/CircuitCorrectness.HashTrace8.Round57.log", "command": ["/Users/hanbunko/Downloads/zkCNN/VerImgCmp/circuit_correctness/.elan/toolchains/leanprover--lean4---v4.28.0/bin/lake", "--no-cache", "build", "+CircuitCorrectness.HashTrace8.Round57"]}
⚠ [1590/1664] Replayed CircuitCorrectness.Affine
warning: CircuitCorrectness/Affine.lean:52:33: This simp argument is unused:
  add_assoc

Hint: Omit it from the simp argument list.
  simp [ih, add_left_comm,̵ ̵a̵d̵d̵_̵a̵s̵s̵o̵c̵]

Note: This linter can be disabled with `set_option linter.unusedSimpArgs false`
⚠ [1598/1664] Replayed CircuitCorrectness.PoseidonProgram
warning: CircuitCorrectness/PoseidonProgram.lean:38:15: unused variable `one`

Note: This linter can be disabled with `set_option linter.unusedVariables false`
warning: CircuitCorrectness/PoseidonProgram.lean:137:14: This simp argument is unused:
  Function.comp_def

Hint: Omit it from the simp argument list.
  simp [hc,̵ ̵F̵u̵n̵c̵t̵i̵o̵n̵.̵c̵o̵m̵p̵_̵d̵e̵f̵]

Note: This linter can be disabled with `set_option linter.unusedSimpArgs false`
warning: CircuitCorrectness/PoseidonProgram.lean:194:68: This simp argument is unused:
  one_mul

Hint: Omit it from the simp argument list.
  simp only [Instruction.value, Affine.eval_constant, Nat.cast_one, o̵n̵e̵_̵m̵u̵l̵,̵
  ̵ ̵ ̵ ̵ ̵h1, mul_one, Affine.eval_nil,
  ̲  ̲ ̲ ̲add_zero] at ho

Note: This linter can be disabled with `set_option linter.unusedSimpArgs false`
⚠ [1605/1664] Replayed CircuitCorrectness.ConcreteProgram
warning: CircuitCorrectness/ConcreteProgram.lean:257:61: This simp argument is unused:
  one_mul

Hint: Omit it from the simp argument list.
  simp only [expandLC, ̲List.map_cons, ̲List.map_nil, ̲evalLC, ̲List.sum_cons, ̲List.sum_nil,
        one_expand, ̲neg_one_expand, ̲cast_neg_one, ̲Nat.cast_one, ̲h1,o̵n̵e̵_̵m̵u̵l̵,̵ ̲add_zero, ̲mul_one]

Note: This linter can be disabled with `set_option linter.unusedSimpArgs false`
✔ [1664/1664] Built CircuitCorrectness.HashTrace8.Round57 (11s)
Build completed successfully (1664 jobs).

{"module": "CircuitCorrectness.HashTrace8.Round58", "exit_code": 0, "seconds": 11.721111625000049, "maximum_child_rss_bytes": 3240968192, "user_seconds": 9.604809, "system_seconds": 2.7030119999999997, "log": "results/clean_build_modules/CircuitCorrectness.HashTrace8.Round58.log", "command": ["/Users/hanbunko/Downloads/zkCNN/VerImgCmp/circuit_correctness/.elan/toolchains/leanprover--lean4---v4.28.0/bin/lake", "--no-cache", "build", "+CircuitCorrectness.HashTrace8.Round58"]}
⚠ [1590/1665] Replayed CircuitCorrectness.Affine
warning: CircuitCorrectness/Affine.lean:52:33: This simp argument is unused:
  add_assoc

Hint: Omit it from the simp argument list.
  simp [ih, add_left_comm,̵ ̵a̵d̵d̵_̵a̵s̵s̵o̵c̵]

Note: This linter can be disabled with `set_option linter.unusedSimpArgs false`
⚠ [1598/1665] Replayed CircuitCorrectness.PoseidonProgram
warning: CircuitCorrectness/PoseidonProgram.lean:38:15: unused variable `one`

Note: This linter can be disabled with `set_option linter.unusedVariables false`
warning: CircuitCorrectness/PoseidonProgram.lean:137:14: This simp argument is unused:
  Function.comp_def

Hint: Omit it from the simp argument list.
  simp [hc,̵ ̵F̵u̵n̵c̵t̵i̵o̵n̵.̵c̵o̵m̵p̵_̵d̵e̵f̵]

Note: This linter can be disabled with `set_option linter.unusedSimpArgs false`
warning: CircuitCorrectness/PoseidonProgram.lean:194:68: This simp argument is unused:
  one_mul

Hint: Omit it from the simp argument list.
  simp only [Instruction.value, Affine.eval_constant, Nat.cast_one, o̵n̵e̵_̵m̵u̵l̵,̵
  ̵ ̵ ̵ ̵ ̵h1, mul_one, Affine.eval_nil,
  ̲  ̲ ̲ ̲add_zero] at ho

Note: This linter can be disabled with `set_option linter.unusedSimpArgs false`
⚠ [1605/1665] Replayed CircuitCorrectness.ConcreteProgram
warning: CircuitCorrectness/ConcreteProgram.lean:257:61: This simp argument is unused:
  one_mul

Hint: Omit it from the simp argument list.
  simp only [expandLC, ̲List.map_cons, ̲List.map_nil, ̲evalLC, ̲List.sum_cons, ̲List.sum_nil,
        one_expand, ̲neg_one_expand, ̲cast_neg_one, ̲Nat.cast_one, ̲h1,o̵n̵e̵_̵m̵u̵l̵,̵ ̲add_zero, ̲mul_one]

Note: This linter can be disabled with `set_option linter.unusedSimpArgs false`
✔ [1665/1665] Built CircuitCorrectness.HashTrace8.Round58 (9.8s)
Build completed successfully (1665 jobs).

{"module": "CircuitCorrectness.HashWiringCertificates.Group03", "exit_code": 0, "seconds": 29.047617249999348, "maximum_child_rss_bytes": 3714695168, "user_seconds": 54.441417, "system_seconds": 3.675045, "log": "results/clean_build_modules/CircuitCorrectness.HashWiringCertificates.Group03.log", "command": ["/Users/hanbunko/Downloads/zkCNN/VerImgCmp/circuit_correctness/.elan/toolchains/leanprover--lean4---v4.28.0/bin/lake", "--no-cache", "build", "+CircuitCorrectness.HashWiringCertificates.Group03"]}
⚠ [1601/1606] Replayed CircuitCorrectness.Affine
warning: CircuitCorrectness/Affine.lean:52:33: This simp argument is unused:
  add_assoc

Hint: Omit it from the simp argument list.
  simp [ih, add_left_comm,̵ ̵a̵d̵d̵_̵a̵s̵s̵o̵c̵]

Note: This linter can be disabled with `set_option linter.unusedSimpArgs false`
⚠ [1602/1606] Replayed CircuitCorrectness.ConcreteProgram
warning: CircuitCorrectness/ConcreteProgram.lean:257:61: This simp argument is unused:
  one_mul

Hint: Omit it from the simp argument list.
  simp only [expandLC, ̲List.map_cons, ̲List.map_nil, ̲evalLC, ̲List.sum_cons, ̲List.sum_nil,
        one_expand, ̲neg_one_expand, ̲cast_neg_one, ̲Nat.cast_one, ̲h1,o̵n̵e̵_̵m̵u̵l̵,̵ ̲add_zero, ̲mul_one]

Note: This linter can be disabled with `set_option linter.unusedSimpArgs false`
✔ [1606/1606] Built CircuitCorrectness.HashWiringCertificates.Group03 (27s)
Build completed successfully (1606 jobs).

{"module": "CircuitCorrectness.HashTrace8.Round59", "exit_code": 0, "seconds": 13.039709583000331, "maximum_child_rss_bytes": 3280306176, "user_seconds": 10.18433, "system_seconds": 2.6987, "log": "results/clean_build_modules/CircuitCorrectness.HashTrace8.Round59.log", "command": ["/Users/hanbunko/Downloads/zkCNN/VerImgCmp/circuit_correctness/.elan/toolchains/leanprover--lean4---v4.28.0/bin/lake", "--no-cache", "build", "+CircuitCorrectness.HashTrace8.Round59"]}
⚠ [1590/1666] Replayed CircuitCorrectness.Affine
warning: CircuitCorrectness/Affine.lean:52:33: This simp argument is unused:
  add_assoc

Hint: Omit it from the simp argument list.
  simp [ih, add_left_comm,̵ ̵a̵d̵d̵_̵a̵s̵s̵o̵c̵]

Note: This linter can be disabled with `set_option linter.unusedSimpArgs false`
⚠ [1598/1666] Replayed CircuitCorrectness.PoseidonProgram
warning: CircuitCorrectness/PoseidonProgram.lean:38:15: unused variable `one`

Note: This linter can be disabled with `set_option linter.unusedVariables false`
warning: CircuitCorrectness/PoseidonProgram.lean:137:14: This simp argument is unused:
  Function.comp_def

Hint: Omit it from the simp argument list.
  simp [hc,̵ ̵F̵u̵n̵c̵t̵i̵o̵n̵.̵c̵o̵m̵p̵_̵d̵e̵f̵]

Note: This linter can be disabled with `set_option linter.unusedSimpArgs false`
warning: CircuitCorrectness/PoseidonProgram.lean:194:68: This simp argument is unused:
  one_mul

Hint: Omit it from the simp argument list.
  simp only [Instruction.value, Affine.eval_constant, Nat.cast_one, o̵n̵e̵_̵m̵u̵l̵,̵
  ̵ ̵ ̵ ̵ ̵h1, mul_one, Affine.eval_nil,
  ̲  ̲ ̲ ̲add_zero] at ho

Note: This linter can be disabled with `set_option linter.unusedSimpArgs false`
⚠ [1605/1666] Replayed CircuitCorrectness.ConcreteProgram
warning: CircuitCorrectness/ConcreteProgram.lean:257:61: This simp argument is unused:
  one_mul

Hint: Omit it from the simp argument list.
  simp only [expandLC, ̲List.map_cons, ̲List.map_nil, ̲evalLC, ̲List.sum_cons, ̲List.sum_nil,
        one_expand, ̲neg_one_expand, ̲cast_neg_one, ̲Nat.cast_one, ̲h1,o̵n̵e̵_̵m̵u̵l̵,̵ ̲add_zero, ̲mul_one]

Note: This linter can be disabled with `set_option linter.unusedSimpArgs false`
✔ [1666/1666] Built CircuitCorrectness.HashTrace8.Round59 (11s)
Build completed successfully (1666 jobs).

{"module": "CircuitCorrectness.HashTrace8.Round60", "exit_code": 0, "seconds": 12.40088383300008, "maximum_child_rss_bytes": 3334766592, "user_seconds": 10.141296, "system_seconds": 2.816395, "log": "results/clean_build_modules/CircuitCorrectness.HashTrace8.Round60.log", "command": ["/Users/hanbunko/Downloads/zkCNN/VerImgCmp/circuit_correctness/.elan/toolchains/leanprover--lean4---v4.28.0/bin/lake", "--no-cache", "build", "+CircuitCorrectness.HashTrace8.Round60"]}
⚠ [1590/1667] Replayed CircuitCorrectness.Affine
warning: CircuitCorrectness/Affine.lean:52:33: This simp argument is unused:
  add_assoc

Hint: Omit it from the simp argument list.
  simp [ih, add_left_comm,̵ ̵a̵d̵d̵_̵a̵s̵s̵o̵c̵]

Note: This linter can be disabled with `set_option linter.unusedSimpArgs false`
⚠ [1598/1667] Replayed CircuitCorrectness.PoseidonProgram
warning: CircuitCorrectness/PoseidonProgram.lean:38:15: unused variable `one`

Note: This linter can be disabled with `set_option linter.unusedVariables false`
warning: CircuitCorrectness/PoseidonProgram.lean:137:14: This simp argument is unused:
  Function.comp_def

Hint: Omit it from the simp argument list.
  simp [hc,̵ ̵F̵u̵n̵c̵t̵i̵o̵n̵.̵c̵o̵m̵p̵_̵d̵e̵f̵]

Note: This linter can be disabled with `set_option linter.unusedSimpArgs false`
warning: CircuitCorrectness/PoseidonProgram.lean:194:68: This simp argument is unused:
  one_mul

Hint: Omit it from the simp argument list.
  simp only [Instruction.value, Affine.eval_constant, Nat.cast_one, o̵n̵e̵_̵m̵u̵l̵,̵
  ̵ ̵ ̵ ̵ ̵h1, mul_one, Affine.eval_nil,
  ̲  ̲ ̲ ̲add_zero] at ho

Note: This linter can be disabled with `set_option linter.unusedSimpArgs false`
⚠ [1605/1667] Replayed CircuitCorrectness.ConcreteProgram
warning: CircuitCorrectness/ConcreteProgram.lean:257:61: This simp argument is unused:
  one_mul

Hint: Omit it from the simp argument list.
  simp only [expandLC, ̲List.map_cons, ̲List.map_nil, ̲evalLC, ̲List.sum_cons, ̲List.sum_nil,
        one_expand, ̲neg_one_expand, ̲cast_neg_one, ̲Nat.cast_one, ̲h1,o̵n̵e̵_̵m̵u̵l̵,̵ ̲add_zero, ̲mul_one]

Note: This linter can be disabled with `set_option linter.unusedSimpArgs false`
✔ [1667/1667] Built CircuitCorrectness.HashTrace8.Round60 (10s)
Build completed successfully (1667 jobs).

{"module": "CircuitCorrectness.HashWiringCertificates.Group04", "exit_code": 0, "seconds": 28.738896709000073, "maximum_child_rss_bytes": 3716644864, "user_seconds": 56.552319, "system_seconds": 3.621034, "log": "results/clean_build_modules/CircuitCorrectness.HashWiringCertificates.Group04.log", "command": ["/Users/hanbunko/Downloads/zkCNN/VerImgCmp/circuit_correctness/.elan/toolchains/leanprover--lean4---v4.28.0/bin/lake", "--no-cache", "build", "+CircuitCorrectness.HashWiringCertificates.Group04"]}
⚠ [1601/1607] Replayed CircuitCorrectness.Affine
warning: CircuitCorrectness/Affine.lean:52:33: This simp argument is unused:
  add_assoc

Hint: Omit it from the simp argument list.
  simp [ih, add_left_comm,̵ ̵a̵d̵d̵_̵a̵s̵s̵o̵c̵]

Note: This linter can be disabled with `set_option linter.unusedSimpArgs false`
⚠ [1602/1607] Replayed CircuitCorrectness.ConcreteProgram
warning: CircuitCorrectness/ConcreteProgram.lean:257:61: This simp argument is unused:
  one_mul

Hint: Omit it from the simp argument list.
  simp only [expandLC, ̲List.map_cons, ̲List.map_nil, ̲evalLC, ̲List.sum_cons, ̲List.sum_nil,
        one_expand, ̲neg_one_expand, ̲cast_neg_one, ̲Nat.cast_one, ̲h1,o̵n̵e̵_̵m̵u̵l̵,̵ ̲add_zero, ̲mul_one]

Note: This linter can be disabled with `set_option linter.unusedSimpArgs false`
✔ [1607/1607] Built CircuitCorrectness.HashWiringCertificates.Group04 (26s)
Build completed successfully (1607 jobs).

{"module": "CircuitCorrectness.HashWiringCertificates.Group05", "exit_code": 0, "seconds": 26.98344229200029, "maximum_child_rss_bytes": 3476652032, "user_seconds": 48.265031, "system_seconds": 3.9898219999999998, "log": "results/clean_build_modules/CircuitCorrectness.HashWiringCertificates.Group05.log", "command": ["/Users/hanbunko/Downloads/zkCNN/VerImgCmp/circuit_correctness/.elan/toolchains/leanprover--lean4---v4.28.0/bin/lake", "--no-cache", "build", "+CircuitCorrectness.HashWiringCertificates.Group05"]}
⚠ [1601/1607] Replayed CircuitCorrectness.Affine
warning: CircuitCorrectness/Affine.lean:52:33: This simp argument is unused:
  add_assoc

Hint: Omit it from the simp argument list.
  simp [ih, add_left_comm,̵ ̵a̵d̵d̵_̵a̵s̵s̵o̵c̵]

Note: This linter can be disabled with `set_option linter.unusedSimpArgs false`
⚠ [1602/1607] Replayed CircuitCorrectness.ConcreteProgram
warning: CircuitCorrectness/ConcreteProgram.lean:257:61: This simp argument is unused:
  one_mul

Hint: Omit it from the simp argument list.
  simp only [expandLC, ̲List.map_cons, ̲List.map_nil, ̲evalLC, ̲List.sum_cons, ̲List.sum_nil,
        one_expand, ̲neg_one_expand, ̲cast_neg_one, ̲Nat.cast_one, ̲h1,o̵n̵e̵_̵m̵u̵l̵,̵ ̲add_zero, ̲mul_one]

Note: This linter can be disabled with `set_option linter.unusedSimpArgs false`
✔ [1607/1607] Built CircuitCorrectness.HashWiringCertificates.Group05 (25s)
Build completed successfully (1607 jobs).

{"module": "CircuitCorrectness.HashWiringCertificates.Group06", "exit_code": 0, "seconds": 36.59051675000046, "maximum_child_rss_bytes": 2957656064, "user_seconds": 58.218445, "system_seconds": 6.3621, "log": "results/clean_build_modules/CircuitCorrectness.HashWiringCertificates.Group06.log", "command": ["/Users/hanbunko/Downloads/zkCNN/VerImgCmp/circuit_correctness/.elan/toolchains/leanprover--lean4---v4.28.0/bin/lake", "--no-cache", "build", "+CircuitCorrectness.HashWiringCertificates.Group06"]}
⚠ [1601/1608] Replayed CircuitCorrectness.Affine
warning: CircuitCorrectness/Affine.lean:52:33: This simp argument is unused:
  add_assoc

Hint: Omit it from the simp argument list.
  simp [ih, add_left_comm,̵ ̵a̵d̵d̵_̵a̵s̵s̵o̵c̵]

Note: This linter can be disabled with `set_option linter.unusedSimpArgs false`
⚠ [1602/1608] Replayed CircuitCorrectness.ConcreteProgram
warning: CircuitCorrectness/ConcreteProgram.lean:257:61: This simp argument is unused:
  one_mul

Hint: Omit it from the simp argument list.
  simp only [expandLC, ̲List.map_cons, ̲List.map_nil, ̲evalLC, ̲List.sum_cons, ̲List.sum_nil,
        one_expand, ̲neg_one_expand, ̲cast_neg_one, ̲Nat.cast_one, ̲h1,o̵n̵e̵_̵m̵u̵l̵,̵ ̲add_zero, ̲mul_one]

Note: This linter can be disabled with `set_option linter.unusedSimpArgs false`
✔ [1608/1608] Built CircuitCorrectness.HashWiringCertificates.Group06 (34s)
Build completed successfully (1608 jobs).

{"module": "CircuitCorrectness.HashWiringCertificates.Group07", "exit_code": 0, "seconds": 41.619127083999956, "maximum_child_rss_bytes": 2684207104, "user_seconds": 60.379413, "system_seconds": 8.354109, "log": "results/clean_build_modules/CircuitCorrectness.HashWiringCertificates.Group07.log", "command": ["/Users/hanbunko/Downloads/zkCNN/VerImgCmp/circuit_correctness/.elan/toolchains/leanprover--lean4---v4.28.0/bin/lake", "--no-cache", "build", "+CircuitCorrectness.HashWiringCertificates.Group07"]}
⚠ [1601/1608] Replayed CircuitCorrectness.Affine
warning: CircuitCorrectness/Affine.lean:52:33: This simp argument is unused:
  add_assoc

Hint: Omit it from the simp argument list.
  simp [ih, add_left_comm,̵ ̵a̵d̵d̵_̵a̵s̵s̵o̵c̵]

Note: This linter can be disabled with `set_option linter.unusedSimpArgs false`
⚠ [1602/1608] Replayed CircuitCorrectness.ConcreteProgram
warning: CircuitCorrectness/ConcreteProgram.lean:257:61: This simp argument is unused:
  one_mul

Hint: Omit it from the simp argument list.
  simp only [expandLC, ̲List.map_cons, ̲List.map_nil, ̲evalLC, ̲List.sum_cons, ̲List.sum_nil,
        one_expand, ̲neg_one_expand, ̲cast_neg_one, ̲Nat.cast_one, ̲h1,o̵n̵e̵_̵m̵u̵l̵,̵ ̲add_zero, ̲mul_one]

Note: This linter can be disabled with `set_option linter.unusedSimpArgs false`
✔ [1608/1608] Built CircuitCorrectness.HashWiringCertificates.Group07 (38s)
Build completed successfully (1608 jobs).

{"module": "CircuitCorrectness.HashTrace8.Round61", "exit_code": 0, "seconds": 117.94632691700008, "maximum_child_rss_bytes": 8438136832, "user_seconds": 51.629963, "system_seconds": 49.482578, "log": "results/clean_build_modules/CircuitCorrectness.HashTrace8.Round61.log", "command": ["/Users/hanbunko/Downloads/zkCNN/VerImgCmp/circuit_correctness/.elan/toolchains/leanprover--lean4---v4.28.0/bin/lake", "--no-cache", "build", "+CircuitCorrectness.HashTrace8.Round61"]}
⚠ [1590/1668] Replayed CircuitCorrectness.Affine
warning: CircuitCorrectness/Affine.lean:52:33: This simp argument is unused:
  add_assoc

Hint: Omit it from the simp argument list.
  simp [ih, add_left_comm,̵ ̵a̵d̵d̵_̵a̵s̵s̵o̵c̵]

Note: This linter can be disabled with `set_option linter.unusedSimpArgs false`
⚠ [1598/1668] Replayed CircuitCorrectness.PoseidonProgram
warning: CircuitCorrectness/PoseidonProgram.lean:38:15: unused variable `one`

Note: This linter can be disabled with `set_option linter.unusedVariables false`
warning: CircuitCorrectness/PoseidonProgram.lean:137:14: This simp argument is unused:
  Function.comp_def

Hint: Omit it from the simp argument list.
  simp [hc,̵ ̵F̵u̵n̵c̵t̵i̵o̵n̵.̵c̵o̵m̵p̵_̵d̵e̵f̵]

Note: This linter can be disabled with `set_option linter.unusedSimpArgs false`
warning: CircuitCorrectness/PoseidonProgram.lean:194:68: This simp argument is unused:
  one_mul

Hint: Omit it from the simp argument list.
  simp only [Instruction.value, Affine.eval_constant, Nat.cast_one, o̵n̵e̵_̵m̵u̵l̵,̵
  ̵ ̵ ̵ ̵ ̵h1, mul_one, Affine.eval_nil,
  ̲  ̲ ̲ ̲add_zero] at ho

Note: This linter can be disabled with `set_option linter.unusedSimpArgs false`
⚠ [1605/1668] Replayed CircuitCorrectness.ConcreteProgram
warning: CircuitCorrectness/ConcreteProgram.lean:257:61: This simp argument is unused:
  one_mul

Hint: Omit it from the simp argument list.
  simp only [expandLC, ̲List.map_cons, ̲List.map_nil, ̲evalLC, ̲List.sum_cons, ̲List.sum_nil,
        one_expand, ̲neg_one_expand, ̲cast_neg_one, ̲Nat.cast_one, ̲h1,o̵n̵e̵_̵m̵u̵l̵,̵ ̲add_zero, ̲mul_one]

Note: This linter can be disabled with `set_option linter.unusedSimpArgs false`
✔ [1668/1668] Built CircuitCorrectness.HashTrace8.Round61 (116s)
Build completed successfully (1668 jobs).

{"module": "CircuitCorrectness.HashTrace8.Round62", "exit_code": 0, "seconds": 7.368086041000424, "maximum_child_rss_bytes": 2709454848, "user_seconds": 4.872432, "system_seconds": 2.584542, "log": "results/clean_build_modules/CircuitCorrectness.HashTrace8.Round62.log", "command": ["/Users/hanbunko/Downloads/zkCNN/VerImgCmp/circuit_correctness/.elan/toolchains/leanprover--lean4---v4.28.0/bin/lake", "--no-cache", "build", "+CircuitCorrectness.HashTrace8.Round62"]}
⚠ [1590/1669] Replayed CircuitCorrectness.Affine
warning: CircuitCorrectness/Affine.lean:52:33: This simp argument is unused:
  add_assoc

Hint: Omit it from the simp argument list.
  simp [ih, add_left_comm,̵ ̵a̵d̵d̵_̵a̵s̵s̵o̵c̵]

Note: This linter can be disabled with `set_option linter.unusedSimpArgs false`
⚠ [1598/1669] Replayed CircuitCorrectness.PoseidonProgram
warning: CircuitCorrectness/PoseidonProgram.lean:38:15: unused variable `one`

Note: This linter can be disabled with `set_option linter.unusedVariables false`
warning: CircuitCorrectness/PoseidonProgram.lean:137:14: This simp argument is unused:
  Function.comp_def

Hint: Omit it from the simp argument list.
  simp [hc,̵ ̵F̵u̵n̵c̵t̵i̵o̵n̵.̵c̵o̵m̵p̵_̵d̵e̵f̵]

Note: This linter can be disabled with `set_option linter.unusedSimpArgs false`
warning: CircuitCorrectness/PoseidonProgram.lean:194:68: This simp argument is unused:
  one_mul

Hint: Omit it from the simp argument list.
  simp only [Instruction.value, Affine.eval_constant, Nat.cast_one, o̵n̵e̵_̵m̵u̵l̵,̵
  ̵ ̵ ̵ ̵ ̵h1, mul_one, Affine.eval_nil,
  ̲  ̲ ̲ ̲add_zero] at ho

Note: This linter can be disabled with `set_option linter.unusedSimpArgs false`
⚠ [1605/1669] Replayed CircuitCorrectness.ConcreteProgram
warning: CircuitCorrectness/ConcreteProgram.lean:257:61: This simp argument is unused:
  one_mul

Hint: Omit it from the simp argument list.
  simp only [expandLC, ̲List.map_cons, ̲List.map_nil, ̲evalLC, ̲List.sum_cons, ̲List.sum_nil,
        one_expand, ̲neg_one_expand, ̲cast_neg_one, ̲Nat.cast_one, ̲h1,o̵n̵e̵_̵m̵u̵l̵,̵ ̲add_zero, ̲mul_one]

Note: This linter can be disabled with `set_option linter.unusedSimpArgs false`
✔ [1669/1669] Built CircuitCorrectness.HashTrace8.Round62 (5.4s)
Build completed successfully (1669 jobs).

{"module": "CircuitCorrectness.HashTrace8.Round63", "exit_code": 0, "seconds": 6.820850207999683, "maximum_child_rss_bytes": 2726215680, "user_seconds": 4.584981, "system_seconds": 2.585769, "log": "results/clean_build_modules/CircuitCorrectness.HashTrace8.Round63.log", "command": ["/Users/hanbunko/Downloads/zkCNN/VerImgCmp/circuit_correctness/.elan/toolchains/leanprover--lean4---v4.28.0/bin/lake", "--no-cache", "build", "+CircuitCorrectness.HashTrace8.Round63"]}
⚠ [1590/1670] Replayed CircuitCorrectness.Affine
warning: CircuitCorrectness/Affine.lean:52:33: This simp argument is unused:
  add_assoc

Hint: Omit it from the simp argument list.
  simp [ih, add_left_comm,̵ ̵a̵d̵d̵_̵a̵s̵s̵o̵c̵]

Note: This linter can be disabled with `set_option linter.unusedSimpArgs false`
⚠ [1598/1670] Replayed CircuitCorrectness.PoseidonProgram
warning: CircuitCorrectness/PoseidonProgram.lean:38:15: unused variable `one`

Note: This linter can be disabled with `set_option linter.unusedVariables false`
warning: CircuitCorrectness/PoseidonProgram.lean:137:14: This simp argument is unused:
  Function.comp_def

Hint: Omit it from the simp argument list.
  simp [hc,̵ ̵F̵u̵n̵c̵t̵i̵o̵n̵.̵c̵o̵m̵p̵_̵d̵e̵f̵]

Note: This linter can be disabled with `set_option linter.unusedSimpArgs false`
warning: CircuitCorrectness/PoseidonProgram.lean:194:68: This simp argument is unused:
  one_mul

Hint: Omit it from the simp argument list.
  simp only [Instruction.value, Affine.eval_constant, Nat.cast_one, o̵n̵e̵_̵m̵u̵l̵,̵
  ̵ ̵ ̵ ̵ ̵h1, mul_one, Affine.eval_nil,
  ̲  ̲ ̲ ̲add_zero] at ho

Note: This linter can be disabled with `set_option linter.unusedSimpArgs false`
⚠ [1605/1670] Replayed CircuitCorrectness.ConcreteProgram
warning: CircuitCorrectness/ConcreteProgram.lean:257:61: This simp argument is unused:
  one_mul

Hint: Omit it from the simp argument list.
  simp only [expandLC, ̲List.map_cons, ̲List.map_nil, ̲evalLC, ̲List.sum_cons, ̲List.sum_nil,
        one_expand, ̲neg_one_expand, ̲cast_neg_one, ̲Nat.cast_one, ̲h1,o̵n̵e̵_̵m̵u̵l̵,̵ ̲add_zero, ̲mul_one]

Note: This linter can be disabled with `set_option linter.unusedSimpArgs false`
✔ [1670/1670] Built CircuitCorrectness.HashTrace8.Round63 (4.8s)
Build completed successfully (1670 jobs).

{"module": "CircuitCorrectness.HashTrace8.Round64", "exit_code": 0, "seconds": 6.332593000000088, "maximum_child_rss_bytes": 2576580608, "user_seconds": 4.146759, "system_seconds": 2.68406, "log": "results/clean_build_modules/CircuitCorrectness.HashTrace8.Round64.log", "command": ["/Users/hanbunko/Downloads/zkCNN/VerImgCmp/circuit_correctness/.elan/toolchains/leanprover--lean4---v4.28.0/bin/lake", "--no-cache", "build", "+CircuitCorrectness.HashTrace8.Round64"]}
⚠ [1590/1671] Replayed CircuitCorrectness.Affine
warning: CircuitCorrectness/Affine.lean:52:33: This simp argument is unused:
  add_assoc

Hint: Omit it from the simp argument list.
  simp [ih, add_left_comm,̵ ̵a̵d̵d̵_̵a̵s̵s̵o̵c̵]

Note: This linter can be disabled with `set_option linter.unusedSimpArgs false`
⚠ [1598/1671] Replayed CircuitCorrectness.PoseidonProgram
warning: CircuitCorrectness/PoseidonProgram.lean:38:15: unused variable `one`

Note: This linter can be disabled with `set_option linter.unusedVariables false`
warning: CircuitCorrectness/PoseidonProgram.lean:137:14: This simp argument is unused:
  Function.comp_def

Hint: Omit it from the simp argument list.
  simp [hc,̵ ̵F̵u̵n̵c̵t̵i̵o̵n̵.̵c̵o̵m̵p̵_̵d̵e̵f̵]

Note: This linter can be disabled with `set_option linter.unusedSimpArgs false`
warning: CircuitCorrectness/PoseidonProgram.lean:194:68: This simp argument is unused:
  one_mul

Hint: Omit it from the simp argument list.
  simp only [Instruction.value, Affine.eval_constant, Nat.cast_one, o̵n̵e̵_̵m̵u̵l̵,̵
  ̵ ̵ ̵ ̵ ̵h1, mul_one, Affine.eval_nil,
  ̲  ̲ ̲ ̲add_zero] at ho

Note: This linter can be disabled with `set_option linter.unusedSimpArgs false`
⚠ [1605/1671] Replayed CircuitCorrectness.ConcreteProgram
warning: CircuitCorrectness/ConcreteProgram.lean:257:61: This simp argument is unused:
  one_mul

Hint: Omit it from the simp argument list.
  simp only [expandLC, ̲List.map_cons, ̲List.map_nil, ̲evalLC, ̲List.sum_cons, ̲List.sum_nil,
        one_expand, ̲neg_one_expand, ̲cast_neg_one, ̲Nat.cast_one, ̲h1,o̵n̵e̵_̵m̵u̵l̵,̵ ̲add_zero, ̲mul_one]

Note: This linter can be disabled with `set_option linter.unusedSimpArgs false`
✔ [1671/1671] Built CircuitCorrectness.HashTrace8.Round64 (4.4s)
Build completed successfully (1671 jobs).

{"module": "CircuitCorrectness.HashWiringCertificates.Group08", "exit_code": 0, "seconds": 29.371475834000194, "maximum_child_rss_bytes": 3718299648, "user_seconds": 48.684299, "system_seconds": 4.165575, "log": "results/clean_build_modules/CircuitCorrectness.HashWiringCertificates.Group08.log", "command": ["/Users/hanbunko/Downloads/zkCNN/VerImgCmp/circuit_correctness/.elan/toolchains/leanprover--lean4---v4.28.0/bin/lake", "--no-cache", "build", "+CircuitCorrectness.HashWiringCertificates.Group08"]}
⚠ [1601/1609] Replayed CircuitCorrectness.Affine
warning: CircuitCorrectness/Affine.lean:52:33: This simp argument is unused:
  add_assoc

Hint: Omit it from the simp argument list.
  simp [ih, add_left_comm,̵ ̵a̵d̵d̵_̵a̵s̵s̵o̵c̵]

Note: This linter can be disabled with `set_option linter.unusedSimpArgs false`
⚠ [1602/1609] Replayed CircuitCorrectness.ConcreteProgram
warning: CircuitCorrectness/ConcreteProgram.lean:257:61: This simp argument is unused:
  one_mul

Hint: Omit it from the simp argument list.
  simp only [expandLC, ̲List.map_cons, ̲List.map_nil, ̲evalLC, ̲List.sum_cons, ̲List.sum_nil,
        one_expand, ̲neg_one_expand, ̲cast_neg_one, ̲Nat.cast_one, ̲h1,o̵n̵e̵_̵m̵u̵l̵,̵ ̲add_zero, ̲mul_one]

Note: This linter can be disabled with `set_option linter.unusedSimpArgs false`
✔ [1609/1609] Built CircuitCorrectness.HashWiringCertificates.Group08 (26s)
Build completed successfully (1609 jobs).

{"module": "CircuitCorrectness.HashTrace8.Output", "exit_code": 0, "seconds": 4.069082082999557, "maximum_child_rss_bytes": 2100117504, "user_seconds": 1.874458, "system_seconds": 2.484306, "log": "results/clean_build_modules/CircuitCorrectness.HashTrace8.Output.log", "command": ["/Users/hanbunko/Downloads/zkCNN/VerImgCmp/circuit_correctness/.elan/toolchains/leanprover--lean4---v4.28.0/bin/lake", "--no-cache", "build", "+CircuitCorrectness.HashTrace8.Output"]}
⚠ [1590/1672] Replayed CircuitCorrectness.Affine
warning: CircuitCorrectness/Affine.lean:52:33: This simp argument is unused:
  add_assoc

Hint: Omit it from the simp argument list.
  simp [ih, add_left_comm,̵ ̵a̵d̵d̵_̵a̵s̵s̵o̵c̵]

Note: This linter can be disabled with `set_option linter.unusedSimpArgs false`
⚠ [1598/1672] Replayed CircuitCorrectness.PoseidonProgram
warning: CircuitCorrectness/PoseidonProgram.lean:38:15: unused variable `one`

Note: This linter can be disabled with `set_option linter.unusedVariables false`
warning: CircuitCorrectness/PoseidonProgram.lean:137:14: This simp argument is unused:
  Function.comp_def

Hint: Omit it from the simp argument list.
  simp [hc,̵ ̵F̵u̵n̵c̵t̵i̵o̵n̵.̵c̵o̵m̵p̵_̵d̵e̵f̵]

Note: This linter can be disabled with `set_option linter.unusedSimpArgs false`
warning: CircuitCorrectness/PoseidonProgram.lean:194:68: This simp argument is unused:
  one_mul

Hint: Omit it from the simp argument list.
  simp only [Instruction.value, Affine.eval_constant, Nat.cast_one, o̵n̵e̵_̵m̵u̵l̵,̵
  ̵ ̵ ̵ ̵ ̵h1, mul_one, Affine.eval_nil,
  ̲  ̲ ̲ ̲add_zero] at ho

Note: This linter can be disabled with `set_option linter.unusedSimpArgs false`
⚠ [1605/1672] Replayed CircuitCorrectness.ConcreteProgram
warning: CircuitCorrectness/ConcreteProgram.lean:257:61: This simp argument is unused:
  one_mul

Hint: Omit it from the simp argument list.
  simp only [expandLC, ̲List.map_cons, ̲List.map_nil, ̲evalLC, ̲List.sum_cons, ̲List.sum_nil,
        one_expand, ̲neg_one_expand, ̲cast_neg_one, ̲Nat.cast_one, ̲h1,o̵n̵e̵_̵m̵u̵l̵,̵ ̲add_zero, ̲mul_one]

Note: This linter can be disabled with `set_option linter.unusedSimpArgs false`
✔ [1672/1672] Built CircuitCorrectness.HashTrace8.Output (2.2s)
Build completed successfully (1672 jobs).

{"module": "CircuitCorrectness.HashTrace8.All", "exit_code": 0, "seconds": 7.604413333000593, "maximum_child_rss_bytes": 2658549760, "user_seconds": 5.88111, "system_seconds": 2.591164, "log": "results/clean_build_modules/CircuitCorrectness.HashTrace8.All.log", "command": ["/Users/hanbunko/Downloads/zkCNN/VerImgCmp/circuit_correctness/.elan/toolchains/leanprover--lean4---v4.28.0/bin/lake", "--no-cache", "build", "+CircuitCorrectness.HashTrace8.All"]}
⚠ [1589/1600] Replayed CircuitCorrectness.Affine
warning: CircuitCorrectness/Affine.lean:52:33: This simp argument is unused:
  add_assoc

Hint: Omit it from the simp argument list.
  simp [ih, add_left_comm,̵ ̵a̵d̵d̵_̵a̵s̵s̵o̵c̵]

Note: This linter can be disabled with `set_option linter.unusedSimpArgs false`
⚠ [1597/1600] Replayed CircuitCorrectness.PoseidonProgram
warning: CircuitCorrectness/PoseidonProgram.lean:38:15: unused variable `one`

Note: This linter can be disabled with `set_option linter.unusedVariables false`
warning: CircuitCorrectness/PoseidonProgram.lean:137:14: This simp argument is unused:
  Function.comp_def

Hint: Omit it from the simp argument list.
  simp [hc,̵ ̵F̵u̵n̵c̵t̵i̵o̵n̵.̵c̵o̵m̵p̵_̵d̵e̵f̵]

Note: This linter can be disabled with `set_option linter.unusedSimpArgs false`
warning: CircuitCorrectness/PoseidonProgram.lean:194:68: This simp argument is unused:
  one_mul

Hint: Omit it from the simp argument list.
  simp only [Instruction.value, Affine.eval_constant, Nat.cast_one, o̵n̵e̵_̵m̵u̵l̵,̵
  ̵ ̵ ̵ ̵ ̵h1, mul_one, Affine.eval_nil,
  ̲  ̲ ̲ ̲add_zero] at ho

Note: This linter can be disabled with `set_option linter.unusedSimpArgs false`
⚠ [1605/1676] Replayed CircuitCorrectness.ConcreteProgram
warning: CircuitCorrectness/ConcreteProgram.lean:257:61: This simp argument is unused:
  one_mul

Hint: Omit it from the simp argument list.
  simp only [expandLC, ̲List.map_cons, ̲List.map_nil, ̲evalLC, ̲List.sum_cons, ̲List.sum_nil,
        one_expand, ̲neg_one_expand, ̲cast_neg_one, ̲Nat.cast_one, ̲h1,o̵n̵e̵_̵m̵u̵l̵,̵ ̲add_zero, ̲mul_one]

Note: This linter can be disabled with `set_option linter.unusedSimpArgs false`
ℹ [1676/1676] Built CircuitCorrectness.HashTrace8.All (5.6s)
info: CircuitCorrectness/HashTrace8/All.lean:390:0: 'CircuitCorrectness.HashTrace8.template_sound' depends on axioms: [propext, Classical.choice, Quot.sound]
Build completed successfully (1676 jobs).

{"module": "CircuitCorrectness.HashWiringCertificates.Group09", "exit_code": 0, "seconds": 29.621813291999388, "maximum_child_rss_bytes": 3826401280, "user_seconds": 56.176068, "system_seconds": 3.758179, "log": "results/clean_build_modules/CircuitCorrectness.HashWiringCertificates.Group09.log", "command": ["/Users/hanbunko/Downloads/zkCNN/VerImgCmp/circuit_correctness/.elan/toolchains/leanprover--lean4---v4.28.0/bin/lake", "--no-cache", "build", "+CircuitCorrectness.HashWiringCertificates.Group09"]}
⚠ [1601/1609] Replayed CircuitCorrectness.Affine
warning: CircuitCorrectness/Affine.lean:52:33: This simp argument is unused:
  add_assoc

Hint: Omit it from the simp argument list.
  simp [ih, add_left_comm,̵ ̵a̵d̵d̵_̵a̵s̵s̵o̵c̵]

Note: This linter can be disabled with `set_option linter.unusedSimpArgs false`
⚠ [1602/1609] Replayed CircuitCorrectness.ConcreteProgram
warning: CircuitCorrectness/ConcreteProgram.lean:257:61: This simp argument is unused:
  one_mul

Hint: Omit it from the simp argument list.
  simp only [expandLC, ̲List.map_cons, ̲List.map_nil, ̲evalLC, ̲List.sum_cons, ̲List.sum_nil,
        one_expand, ̲neg_one_expand, ̲cast_neg_one, ̲Nat.cast_one, ̲h1,o̵n̵e̵_̵m̵u̵l̵,̵ ̲add_zero, ̲mul_one]

Note: This linter can be disabled with `set_option linter.unusedSimpArgs false`
✔ [1609/1609] Built CircuitCorrectness.HashWiringCertificates.Group09 (27s)
Build completed successfully (1609 jobs).

{"module": "CircuitCorrectness.HashWiringCertificates.Group10", "exit_code": 0, "seconds": 29.546135040999616, "maximum_child_rss_bytes": 3943776256, "user_seconds": 56.041162, "system_seconds": 3.8373559999999998, "log": "results/clean_build_modules/CircuitCorrectness.HashWiringCertificates.Group10.log", "command": ["/Users/hanbunko/Downloads/zkCNN/VerImgCmp/circuit_correctness/.elan/toolchains/leanprover--lean4---v4.28.0/bin/lake", "--no-cache", "build", "+CircuitCorrectness.HashWiringCertificates.Group10"]}
⚠ [1601/1610] Replayed CircuitCorrectness.Affine
warning: CircuitCorrectness/Affine.lean:52:33: This simp argument is unused:
  add_assoc

Hint: Omit it from the simp argument list.
  simp [ih, add_left_comm,̵ ̵a̵d̵d̵_̵a̵s̵s̵o̵c̵]

Note: This linter can be disabled with `set_option linter.unusedSimpArgs false`
⚠ [1602/1610] Replayed CircuitCorrectness.ConcreteProgram
warning: CircuitCorrectness/ConcreteProgram.lean:257:61: This simp argument is unused:
  one_mul

Hint: Omit it from the simp argument list.
  simp only [expandLC, ̲List.map_cons, ̲List.map_nil, ̲evalLC, ̲List.sum_cons, ̲List.sum_nil,
        one_expand, ̲neg_one_expand, ̲cast_neg_one, ̲Nat.cast_one, ̲h1,o̵n̵e̵_̵m̵u̵l̵,̵ ̲add_zero, ̲mul_one]

Note: This linter can be disabled with `set_option linter.unusedSimpArgs false`
✔ [1610/1610] Built CircuitCorrectness.HashWiringCertificates.Group10 (27s)
Build completed successfully (1610 jobs).

{"module": "CircuitCorrectness.HashWiringCertificates.Group11", "exit_code": 0, "seconds": 26.555117750000136, "maximum_child_rss_bytes": 3533455360, "user_seconds": 49.951872, "system_seconds": 3.602726, "log": "results/clean_build_modules/CircuitCorrectness.HashWiringCertificates.Group11.log", "command": ["/Users/hanbunko/Downloads/zkCNN/VerImgCmp/circuit_correctness/.elan/toolchains/leanprover--lean4---v4.28.0/bin/lake", "--no-cache", "build", "+CircuitCorrectness.HashWiringCertificates.Group11"]}
⚠ [1601/1610] Replayed CircuitCorrectness.Affine
warning: CircuitCorrectness/Affine.lean:52:33: This simp argument is unused:
  add_assoc

Hint: Omit it from the simp argument list.
  simp [ih, add_left_comm,̵ ̵a̵d̵d̵_̵a̵s̵s̵o̵c̵]

Note: This linter can be disabled with `set_option linter.unusedSimpArgs false`
⚠ [1602/1610] Replayed CircuitCorrectness.ConcreteProgram
warning: CircuitCorrectness/ConcreteProgram.lean:257:61: This simp argument is unused:
  one_mul

Hint: Omit it from the simp argument list.
  simp only [expandLC, ̲List.map_cons, ̲List.map_nil, ̲evalLC, ̲List.sum_cons, ̲List.sum_nil,
        one_expand, ̲neg_one_expand, ̲cast_neg_one, ̲Nat.cast_one, ̲h1,o̵n̵e̵_̵m̵u̵l̵,̵ ̲add_zero, ̲mul_one]

Note: This linter can be disabled with `set_option linter.unusedSimpArgs false`
✔ [1610/1610] Built CircuitCorrectness.HashWiringCertificates.Group11 (24s)
Build completed successfully (1610 jobs).

{"module": "CircuitCorrectness.PackingCertificates.Data", "exit_code": 0, "seconds": 4.603863500000443, "maximum_child_rss_bytes": 2118877184, "user_seconds": 2.526399, "system_seconds": 2.518532, "log": "results/clean_build_modules/CircuitCorrectness.PackingCertificates.Data.log", "command": ["/Users/hanbunko/Downloads/zkCNN/VerImgCmp/circuit_correctness/.elan/toolchains/leanprover--lean4---v4.28.0/bin/lake", "--no-cache", "build", "+CircuitCorrectness.PackingCertificates.Data"]}
⚠ [1589/1603] Replayed CircuitCorrectness.Affine
warning: CircuitCorrectness/Affine.lean:52:33: This simp argument is unused:
  add_assoc

Hint: Omit it from the simp argument list.
  simp [ih, add_left_comm,̵ ̵a̵d̵d̵_̵a̵s̵s̵o̵c̵]

Note: This linter can be disabled with `set_option linter.unusedSimpArgs false`
⚠ [1597/1603] Replayed CircuitCorrectness.PoseidonProgram
warning: CircuitCorrectness/PoseidonProgram.lean:38:15: unused variable `one`

Note: This linter can be disabled with `set_option linter.unusedVariables false`
warning: CircuitCorrectness/PoseidonProgram.lean:137:14: This simp argument is unused:
  Function.comp_def

Hint: Omit it from the simp argument list.
  simp [hc,̵ ̵F̵u̵n̵c̵t̵i̵o̵n̵.̵c̵o̵m̵p̵_̵d̵e̵f̵]

Note: This linter can be disabled with `set_option linter.unusedSimpArgs false`
warning: CircuitCorrectness/PoseidonProgram.lean:194:68: This simp argument is unused:
  one_mul

Hint: Omit it from the simp argument list.
  simp only [Instruction.value, Affine.eval_constant, Nat.cast_one, o̵n̵e̵_̵m̵u̵l̵,̵
  ̵ ̵ ̵ ̵ ̵h1, mul_one, Affine.eval_nil,
  ̲  ̲ ̲ ̲add_zero] at ho

Note: This linter can be disabled with `set_option linter.unusedSimpArgs false`
✔ [1608/1608] Built CircuitCorrectness.PackingCertificates.Data (2.7s)
Build completed successfully (1608 jobs).

{"module": "CircuitCorrectness.HashWiringCertificates.Group12", "exit_code": 0, "seconds": 26.516692249999323, "maximum_child_rss_bytes": 3583655936, "user_seconds": 50.548098, "system_seconds": 3.611685, "log": "results/clean_build_modules/CircuitCorrectness.HashWiringCertificates.Group12.log", "command": ["/Users/hanbunko/Downloads/zkCNN/VerImgCmp/circuit_correctness/.elan/toolchains/leanprover--lean4---v4.28.0/bin/lake", "--no-cache", "build", "+CircuitCorrectness.HashWiringCertificates.Group12"]}
⚠ [1601/1611] Replayed CircuitCorrectness.Affine
warning: CircuitCorrectness/Affine.lean:52:33: This simp argument is unused:
  add_assoc

Hint: Omit it from the simp argument list.
  simp [ih, add_left_comm,̵ ̵a̵d̵d̵_̵a̵s̵s̵o̵c̵]

Note: This linter can be disabled with `set_option linter.unusedSimpArgs false`
⚠ [1602/1611] Replayed CircuitCorrectness.ConcreteProgram
warning: CircuitCorrectness/ConcreteProgram.lean:257:61: This simp argument is unused:
  one_mul

Hint: Omit it from the simp argument list.
  simp only [expandLC, ̲List.map_cons, ̲List.map_nil, ̲evalLC, ̲List.sum_cons, ̲List.sum_nil,
        one_expand, ̲neg_one_expand, ̲cast_neg_one, ̲Nat.cast_one, ̲h1,o̵n̵e̵_̵m̵u̵l̵,̵ ̲add_zero, ̲mul_one]

Note: This linter can be disabled with `set_option linter.unusedSimpArgs false`
✔ [1611/1611] Built CircuitCorrectness.HashWiringCertificates.Group12 (24s)
Build completed successfully (1611 jobs).

{"module": "CircuitCorrectness.PackingCertificates.Base", "exit_code": 0, "seconds": 4.260759084000711, "maximum_child_rss_bytes": 2087714816, "user_seconds": 2.205267, "system_seconds": 2.633269, "log": "results/clean_build_modules/CircuitCorrectness.PackingCertificates.Base.log", "command": ["/Users/hanbunko/Downloads/zkCNN/VerImgCmp/circuit_correctness/.elan/toolchains/leanprover--lean4---v4.28.0/bin/lake", "--no-cache", "build", "+CircuitCorrectness.PackingCertificates.Base"]}
⚠ [1589/1603] Replayed CircuitCorrectness.Affine
warning: CircuitCorrectness/Affine.lean:52:33: This simp argument is unused:
  add_assoc

Hint: Omit it from the simp argument list.
  simp [ih, add_left_comm,̵ ̵a̵d̵d̵_̵a̵s̵s̵o̵c̵]

Note: This linter can be disabled with `set_option linter.unusedSimpArgs false`
⚠ [1597/1603] Replayed CircuitCorrectness.PoseidonProgram
warning: CircuitCorrectness/PoseidonProgram.lean:38:15: unused variable `one`

Note: This linter can be disabled with `set_option linter.unusedVariables false`
warning: CircuitCorrectness/PoseidonProgram.lean:137:14: This simp argument is unused:
  Function.comp_def

Hint: Omit it from the simp argument list.
  simp [hc,̵ ̵F̵u̵n̵c̵t̵i̵o̵n̵.̵c̵o̵m̵p̵_̵d̵e̵f̵]

Note: This linter can be disabled with `set_option linter.unusedSimpArgs false`
warning: CircuitCorrectness/PoseidonProgram.lean:194:68: This simp argument is unused:
  one_mul

Hint: Omit it from the simp argument list.
  simp only [Instruction.value, Affine.eval_constant, Nat.cast_one, o̵n̵e̵_̵m̵u̵l̵,̵
  ̵ ̵ ̵ ̵ ̵h1, mul_one, Affine.eval_nil,
  ̲  ̲ ̲ ̲add_zero] at ho

Note: This linter can be disabled with `set_option linter.unusedSimpArgs false`
⚠ [1609/1610] Replayed CircuitCorrectness.ConcreteProgram
warning: CircuitCorrectness/ConcreteProgram.lean:257:61: This simp argument is unused:
  one_mul

Hint: Omit it from the simp argument list.
  simp only [expandLC, ̲List.map_cons, ̲List.map_nil, ̲evalLC, ̲List.sum_cons, ̲List.sum_nil,
        one_expand, ̲neg_one_expand, ̲cast_neg_one, ̲Nat.cast_one, ̲h1,o̵n̵e̵_̵m̵u̵l̵,̵ ̲add_zero, ̲mul_one]

Note: This linter can be disabled with `set_option linter.unusedSimpArgs false`
⚠ [1610/1610] Built CircuitCorrectness.PackingCertificates.Base (2.4s)
warning: CircuitCorrectness/PackingCertificates/Base.lean:32:17: This simp argument is unused:
  one_mul

Hint: Omit it from the simp argument list.
  simp only [Affine.eval_cons, ̲Affine.eval_nil, ̲ConcreteProgram.cast_neg_one,
  ̵  ̵ ̵ ̵Nat.cast_one,o̵
  ̲ ̲ ̲ ̲ ̲ne_̵m̵u̵l̵,̵n̵e̵g_one_mul, ̲h1, ̲add_zero, ̲mul_one]

Note: This linter can be disabled with `set_option linter.unusedSimpArgs false`
Build completed successfully (1610 jobs).

{"module": "CircuitCorrectness.HashWiringCertificates.All", "exit_code": 0, "seconds": 4.166392582999833, "maximum_child_rss_bytes": 2076884992, "user_seconds": 2.164671, "system_seconds": 2.5467429999999998, "log": "results/clean_build_modules/CircuitCorrectness.HashWiringCertificates.All.log", "command": ["/Users/hanbunko/Downloads/zkCNN/VerImgCmp/circuit_correctness/.elan/toolchains/leanprover--lean4---v4.28.0/bin/lake", "--no-cache", "build", "+CircuitCorrectness.HashWiringCertificates.All"]}
⚠ [1601/1618] Replayed CircuitCorrectness.Affine
warning: CircuitCorrectness/Affine.lean:52:33: This simp argument is unused:
  add_assoc

Hint: Omit it from the simp argument list.
  simp [ih, add_left_comm,̵ ̵a̵d̵d̵_̵a̵s̵s̵o̵c̵]

Note: This linter can be disabled with `set_option linter.unusedSimpArgs false`
⚠ [1602/1618] Replayed CircuitCorrectness.ConcreteProgram
warning: CircuitCorrectness/ConcreteProgram.lean:257:61: This simp argument is unused:
  one_mul

Hint: Omit it from the simp argument list.
  simp only [expandLC, ̲List.map_cons, ̲List.map_nil, ̲evalLC, ̲List.sum_cons, ̲List.sum_nil,
        one_expand, ̲neg_one_expand, ̲cast_neg_one, ̲Nat.cast_one, ̲h1,o̵n̵e̵_̵m̵u̵l̵,̵ ̲add_zero, ̲mul_one]

Note: This linter can be disabled with `set_option linter.unusedSimpArgs false`
✔ [1618/1618] Built CircuitCorrectness.HashWiringCertificates.All (2.3s)
Build completed successfully (1618 jobs).

{"module": "CircuitCorrectness.PackingCertificates.Row00", "exit_code": 0, "seconds": 5.832671916999971, "maximum_child_rss_bytes": 2287484928, "user_seconds": 3.8035, "system_seconds": 2.549528, "log": "results/clean_build_modules/CircuitCorrectness.PackingCertificates.Row00.log", "command": ["/Users/hanbunko/Downloads/zkCNN/VerImgCmp/circuit_correctness/.elan/toolchains/leanprover--lean4---v4.28.0/bin/lake", "--no-cache", "build", "+CircuitCorrectness.PackingCertificates.Row00"]}
⚠ [1589/1603] Replayed CircuitCorrectness.Affine
warning: CircuitCorrectness/Affine.lean:52:33: This simp argument is unused:
  add_assoc

Hint: Omit it from the simp argument list.
  simp [ih, add_left_comm,̵ ̵a̵d̵d̵_̵a̵s̵s̵o̵c̵]

Note: This linter can be disabled with `set_option linter.unusedSimpArgs false`
⚠ [1597/1603] Replayed CircuitCorrectness.PoseidonProgram
warning: CircuitCorrectness/PoseidonProgram.lean:38:15: unused variable `one`

Note: This linter can be disabled with `set_option linter.unusedVariables false`
warning: CircuitCorrectness/PoseidonProgram.lean:137:14: This simp argument is unused:
  Function.comp_def

Hint: Omit it from the simp argument list.
  simp [hc,̵ ̵F̵u̵n̵c̵t̵i̵o̵n̵.̵c̵o̵m̵p̵_̵d̵e̵f̵]

Note: This linter can be disabled with `set_option linter.unusedSimpArgs false`
warning: CircuitCorrectness/PoseidonProgram.lean:194:68: This simp argument is unused:
  one_mul

Hint: Omit it from the simp argument list.
  simp only [Instruction.value, Affine.eval_constant, Nat.cast_one, o̵n̵e̵_̵m̵u̵l̵,̵
  ̵ ̵ ̵ ̵ ̵h1, mul_one, Affine.eval_nil,
  ̲  ̲ ̲ ̲add_zero] at ho

Note: This linter can be disabled with `set_option linter.unusedSimpArgs false`
⚠ [1609/1611] Replayed CircuitCorrectness.ConcreteProgram
warning: CircuitCorrectness/ConcreteProgram.lean:257:61: This simp argument is unused:
  one_mul

Hint: Omit it from the simp argument list.
  simp only [expandLC, ̲List.map_cons, ̲List.map_nil, ̲evalLC, ̲List.sum_cons, ̲List.sum_nil,
        one_expand, ̲neg_one_expand, ̲cast_neg_one, ̲Nat.cast_one, ̲h1,o̵n̵e̵_̵m̵u̵l̵,̵ ̲add_zero, ̲mul_one]

Note: This linter can be disabled with `set_option linter.unusedSimpArgs false`
⚠ [1610/1611] Replayed CircuitCorrectness.PackingCertificates.Base
warning: CircuitCorrectness/PackingCertificates/Base.lean:32:17: This simp argument is unused:
  one_mul

Hint: Omit it from the simp argument list.
  simp only [Affine.eval_cons, ̲Affine.eval_nil, ̲ConcreteProgram.cast_neg_one,
  ̵  ̵ ̵ ̵Nat.cast_one,o̵
  ̲ ̲ ̲ ̲ ̲ne_̵m̵u̵l̵,̵n̵e̵g_one_mul, ̲h1, ̲add_zero, ̲mul_one]

Note: This linter can be disabled with `set_option linter.unusedSimpArgs false`
✔ [1611/1611] Built CircuitCorrectness.PackingCertificates.Row00 (3.9s)
Build completed successfully (1611 jobs).

{"module": "CircuitCorrectness.HashNodeSound", "exit_code": 0, "seconds": 4.390337583000473, "maximum_child_rss_bytes": 2156478464, "user_seconds": 2.229503, "system_seconds": 2.627293, "log": "results/clean_build_modules/CircuitCorrectness.HashNodeSound.log", "command": ["/Users/hanbunko/Downloads/zkCNN/VerImgCmp/circuit_correctness/.elan/toolchains/leanprover--lean4---v4.28.0/bin/lake", "--no-cache", "build", "+CircuitCorrectness.HashNodeSound"]}
⚠ [1601/1761] Replayed CircuitCorrectness.Affine
warning: CircuitCorrectness/Affine.lean:52:33: This simp argument is unused:
  add_assoc

Hint: Omit it from the simp argument list.
  simp [ih, add_left_comm,̵ ̵a̵d̵d̵_̵a̵s̵s̵o̵c̵]

Note: This linter can be disabled with `set_option linter.unusedSimpArgs false`
⚠ [1602/1761] Replayed CircuitCorrectness.ConcreteProgram
warning: CircuitCorrectness/ConcreteProgram.lean:257:61: This simp argument is unused:
  one_mul

Hint: Omit it from the simp argument list.
  simp only [expandLC, ̲List.map_cons, ̲List.map_nil, ̲evalLC, ̲List.sum_cons, ̲List.sum_nil,
        one_expand, ̲neg_one_expand, ̲cast_neg_one, ̲Nat.cast_one, ̲h1,o̵n̵e̵_̵m̵u̵l̵,̵ ̲add_zero, ̲mul_one]

Note: This linter can be disabled with `set_option linter.unusedSimpArgs false`
⚠ [1621/1761] Replayed CircuitCorrectness.HashWiringCertificates.Transfer
warning: CircuitCorrectness/HashWiringCertificates/Transfer.lean:23:10: This simp argument is unused:
  Function.comp_def

Hint: Omit it from the simp argument list.
  simp [F̵u̵n̵c̵t̵i̵o̵n̵.̵c̵o̵m̵p̵_̵d̵e̵f̵,̵ ̵rename8_input node i hi8, getElem!_pos, hin]

Note: This linter can be disabled with `set_option linter.unusedSimpArgs false`
⚠ [1622/1761] Replayed CircuitCorrectness.PoseidonProgram
warning: CircuitCorrectness/PoseidonProgram.lean:38:15: unused variable `one`

Note: This linter can be disabled with `set_option linter.unusedVariables false`
warning: CircuitCorrectness/PoseidonProgram.lean:137:14: This simp argument is unused:
  Function.comp_def

Hint: Omit it from the simp argument list.
  simp [hc,̵ ̵F̵u̵n̵c̵t̵i̵o̵n̵.̵c̵o̵m̵p̵_̵d̵e̵f̵]

Note: This linter can be disabled with `set_option linter.unusedSimpArgs false`
warning: CircuitCorrectness/PoseidonProgram.lean:194:68: This simp argument is unused:
  one_mul

Hint: Omit it from the simp argument list.
  simp only [Instruction.value, Affine.eval_constant, Nat.cast_one, o̵n̵e̵_̵m̵u̵l̵,̵
  ̵ ̵ ̵ ̵ ̵h1, mul_one, Affine.eval_nil,
  ̲  ̲ ̲ ̲add_zero] at ho

Note: This linter can be disabled with `set_option linter.unusedSimpArgs false`
ℹ [1691/1761] Replayed CircuitCorrectness.HashTrace8.All
info: CircuitCorrectness/HashTrace8/All.lean:390:0: 'CircuitCorrectness.HashTrace8.template_sound' depends on axioms: [propext, Classical.choice, Quot.sound]
ℹ [1757/1761] Replayed CircuitCorrectness.HashTrace2.All
info: CircuitCorrectness/HashTrace2/All.lean:380:0: 'CircuitCorrectness.HashTrace2.template_sound' depends on axioms: [propext, Classical.choice, Quot.sound]
✔ [1761/1761] Built CircuitCorrectness.HashNodeSound (2.5s)
Build completed successfully (1761 jobs).

{"module": "CircuitCorrectness.PackingCertificates.Row01", "exit_code": 0, "seconds": 6.086622416999489, "maximum_child_rss_bytes": 2309521408, "user_seconds": 3.895576, "system_seconds": 2.74304, "log": "results/clean_build_modules/CircuitCorrectness.PackingCertificates.Row01.log", "command": ["/Users/hanbunko/Downloads/zkCNN/VerImgCmp/circuit_correctness/.elan/toolchains/leanprover--lean4---v4.28.0/bin/lake", "--no-cache", "build", "+CircuitCorrectness.PackingCertificates.Row01"]}
⚠ [1589/1603] Replayed CircuitCorrectness.Affine
warning: CircuitCorrectness/Affine.lean:52:33: This simp argument is unused:
  add_assoc

Hint: Omit it from the simp argument list.
  simp [ih, add_left_comm,̵ ̵a̵d̵d̵_̵a̵s̵s̵o̵c̵]

Note: This linter can be disabled with `set_option linter.unusedSimpArgs false`
⚠ [1597/1603] Replayed CircuitCorrectness.PoseidonProgram
warning: CircuitCorrectness/PoseidonProgram.lean:38:15: unused variable `one`

Note: This linter can be disabled with `set_option linter.unusedVariables false`
warning: CircuitCorrectness/PoseidonProgram.lean:137:14: This simp argument is unused:
  Function.comp_def

Hint: Omit it from the simp argument list.
  simp [hc,̵ ̵F̵u̵n̵c̵t̵i̵o̵n̵.̵c̵o̵m̵p̵_̵d̵e̵f̵]

Note: This linter can be disabled with `set_option linter.unusedSimpArgs false`
warning: CircuitCorrectness/PoseidonProgram.lean:194:68: This simp argument is unused:
  one_mul

Hint: Omit it from the simp argument list.
  simp only [Instruction.value, Affine.eval_constant, Nat.cast_one, o̵n̵e̵_̵m̵u̵l̵,̵
  ̵ ̵ ̵ ̵ ̵h1, mul_one, Affine.eval_nil,
  ̲  ̲ ̲ ̲add_zero] at ho

Note: This linter can be disabled with `set_option linter.unusedSimpArgs false`
⚠ [1609/1612] Replayed CircuitCorrectness.ConcreteProgram
warning: CircuitCorrectness/ConcreteProgram.lean:257:61: This simp argument is unused:
  one_mul

Hint: Omit it from the simp argument list.
  simp only [expandLC, ̲List.map_cons, ̲List.map_nil, ̲evalLC, ̲List.sum_cons, ̲List.sum_nil,
        one_expand, ̲neg_one_expand, ̲cast_neg_one, ̲Nat.cast_one, ̲h1,o̵n̵e̵_̵m̵u̵l̵,̵ ̲add_zero, ̲mul_one]

Note: This linter can be disabled with `set_option linter.unusedSimpArgs false`
⚠ [1610/1612] Replayed CircuitCorrectness.PackingCertificates.Base
warning: CircuitCorrectness/PackingCertificates/Base.lean:32:17: This simp argument is unused:
  one_mul

Hint: Omit it from the simp argument list.
  simp only [Affine.eval_cons, ̲Affine.eval_nil, ̲ConcreteProgram.cast_neg_one,
  ̵  ̵ ̵ ̵Nat.cast_one,o̵
  ̲ ̲ ̲ ̲ ̲ne_̵m̵u̵l̵,̵n̵e̵g_one_mul, ̲h1, ̲add_zero, ̲mul_one]

Note: This linter can be disabled with `set_option linter.unusedSimpArgs false`
✔ [1612/1612] Built CircuitCorrectness.PackingCertificates.Row01 (4.1s)
Build completed successfully (1612 jobs).

{"module": "CircuitCorrectness.PackingCertificates.Row02", "exit_code": 0, "seconds": 6.307670707999932, "maximum_child_rss_bytes": 2375942144, "user_seconds": 4.341149, "system_seconds": 2.619986, "log": "results/clean_build_modules/CircuitCorrectness.PackingCertificates.Row02.log", "command": ["/Users/hanbunko/Downloads/zkCNN/VerImgCmp/circuit_correctness/.elan/toolchains/leanprover--lean4---v4.28.0/bin/lake", "--no-cache", "build", "+CircuitCorrectness.PackingCertificates.Row02"]}
⚠ [1590/1613] Replayed CircuitCorrectness.Affine
warning: CircuitCorrectness/Affine.lean:52:33: This simp argument is unused:
  add_assoc

Hint: Omit it from the simp argument list.
  simp [ih, add_left_comm,̵ ̵a̵d̵d̵_̵a̵s̵s̵o̵c̵]

Note: This linter can be disabled with `set_option linter.unusedSimpArgs false`
⚠ [1598/1613] Replayed CircuitCorrectness.PoseidonProgram
warning: CircuitCorrectness/PoseidonProgram.lean:38:15: unused variable `one`

Note: This linter can be disabled with `set_option linter.unusedVariables false`
warning: CircuitCorrectness/PoseidonProgram.lean:137:14: This simp argument is unused:
  Function.comp_def

Hint: Omit it from the simp argument list.
  simp [hc,̵ ̵F̵u̵n̵c̵t̵i̵o̵n̵.̵c̵o̵m̵p̵_̵d̵e̵f̵]

Note: This linter can be disabled with `set_option linter.unusedSimpArgs false`
warning: CircuitCorrectness/PoseidonProgram.lean:194:68: This simp argument is unused:
  one_mul

Hint: Omit it from the simp argument list.
  simp only [Instruction.value, Affine.eval_constant, Nat.cast_one, o̵n̵e̵_̵m̵u̵l̵,̵
  ̵ ̵ ̵ ̵ ̵h1, mul_one, Affine.eval_nil,
  ̲  ̲ ̲ ̲add_zero] at ho

Note: This linter can be disabled with `set_option linter.unusedSimpArgs false`
⚠ [1609/1613] Replayed CircuitCorrectness.ConcreteProgram
warning: CircuitCorrectness/ConcreteProgram.lean:257:61: This simp argument is unused:
  one_mul

Hint: Omit it from the simp argument list.
  simp only [expandLC, ̲List.map_cons, ̲List.map_nil, ̲evalLC, ̲List.sum_cons, ̲List.sum_nil,
        one_expand, ̲neg_one_expand, ̲cast_neg_one, ̲Nat.cast_one, ̲h1,o̵n̵e̵_̵m̵u̵l̵,̵ ̲add_zero, ̲mul_one]

Note: This linter can be disabled with `set_option linter.unusedSimpArgs false`
⚠ [1610/1613] Replayed CircuitCorrectness.PackingCertificates.Base
warning: CircuitCorrectness/PackingCertificates/Base.lean:32:17: This simp argument is unused:
  one_mul

Hint: Omit it from the simp argument list.
  simp only [Affine.eval_cons, ̲Affine.eval_nil, ̲ConcreteProgram.cast_neg_one,
  ̵  ̵ ̵ ̵Nat.cast_one,o̵
  ̲ ̲ ̲ ̲ ̲ne_̵m̵u̵l̵,̵n̵e̵g_one_mul, ̲h1, ̲add_zero, ̲mul_one]

Note: This linter can be disabled with `set_option linter.unusedSimpArgs false`
✔ [1613/1613] Built CircuitCorrectness.PackingCertificates.Row02 (4.3s)
Build completed successfully (1613 jobs).

{"module": "CircuitCorrectness.ProgramCertificates.Group00", "exit_code": 0, "seconds": 17.05175833300018, "maximum_child_rss_bytes": 2907865088, "user_seconds": 26.795148, "system_seconds": 3.168887, "log": "results/clean_build_modules/CircuitCorrectness.ProgramCertificates.Group00.log", "command": ["/Users/hanbunko/Downloads/zkCNN/VerImgCmp/circuit_correctness/.elan/toolchains/leanprover--lean4---v4.28.0/bin/lake", "--no-cache", "build", "+CircuitCorrectness.ProgramCertificates.Group00"]}
⚠ [1601/1603] Replayed CircuitCorrectness.Affine
warning: CircuitCorrectness/Affine.lean:52:33: This simp argument is unused:
  add_assoc

Hint: Omit it from the simp argument list.
  simp [ih, add_left_comm,̵ ̵a̵d̵d̵_̵a̵s̵s̵o̵c̵]

Note: This linter can be disabled with `set_option linter.unusedSimpArgs false`
⚠ [1602/1603] Replayed CircuitCorrectness.ConcreteProgram
warning: CircuitCorrectness/ConcreteProgram.lean:257:61: This simp argument is unused:
  one_mul

Hint: Omit it from the simp argument list.
  simp only [expandLC, ̲List.map_cons, ̲List.map_nil, ̲evalLC, ̲List.sum_cons, ̲List.sum_nil,
        one_expand, ̲neg_one_expand, ̲cast_neg_one, ̲Nat.cast_one, ̲h1,o̵n̵e̵_̵m̵u̵l̵,̵ ̲add_zero, ̲mul_one]

Note: This linter can be disabled with `set_option linter.unusedSimpArgs false`
✔ [1603/1603] Built CircuitCorrectness.ProgramCertificates.Group00 (15s)
Build completed successfully (1603 jobs).

{"module": "CircuitCorrectness.PackingCertificates.Row03", "exit_code": 0, "seconds": 6.313014374999511, "maximum_child_rss_bytes": 2390441984, "user_seconds": 4.408346, "system_seconds": 2.551323, "log": "results/clean_build_modules/CircuitCorrectness.PackingCertificates.Row03.log", "command": ["/Users/hanbunko/Downloads/zkCNN/VerImgCmp/circuit_correctness/.elan/toolchains/leanprover--lean4---v4.28.0/bin/lake", "--no-cache", "build", "+CircuitCorrectness.PackingCertificates.Row03"]}
⚠ [1589/1603] Replayed CircuitCorrectness.Affine
warning: CircuitCorrectness/Affine.lean:52:33: This simp argument is unused:
  add_assoc

Hint: Omit it from the simp argument list.
  simp [ih, add_left_comm,̵ ̵a̵d̵d̵_̵a̵s̵s̵o̵c̵]

Note: This linter can be disabled with `set_option linter.unusedSimpArgs false`
⚠ [1597/1603] Replayed CircuitCorrectness.PoseidonProgram
warning: CircuitCorrectness/PoseidonProgram.lean:38:15: unused variable `one`

Note: This linter can be disabled with `set_option linter.unusedVariables false`
warning: CircuitCorrectness/PoseidonProgram.lean:137:14: This simp argument is unused:
  Function.comp_def

Hint: Omit it from the simp argument list.
  simp [hc,̵ ̵F̵u̵n̵c̵t̵i̵o̵n̵.̵c̵o̵m̵p̵_̵d̵e̵f̵]

Note: This linter can be disabled with `set_option linter.unusedSimpArgs false`
warning: CircuitCorrectness/PoseidonProgram.lean:194:68: This simp argument is unused:
  one_mul

Hint: Omit it from the simp argument list.
  simp only [Instruction.value, Affine.eval_constant, Nat.cast_one, o̵n̵e̵_̵m̵u̵l̵,̵
  ̵ ̵ ̵ ̵ ̵h1, mul_one, Affine.eval_nil,
  ̲  ̲ ̲ ̲add_zero] at ho

Note: This linter can be disabled with `set_option linter.unusedSimpArgs false`
⚠ [1609/1614] Replayed CircuitCorrectness.ConcreteProgram
warning: CircuitCorrectness/ConcreteProgram.lean:257:61: This simp argument is unused:
  one_mul

Hint: Omit it from the simp argument list.
  simp only [expandLC, ̲List.map_cons, ̲List.map_nil, ̲evalLC, ̲List.sum_cons, ̲List.sum_nil,
        one_expand, ̲neg_one_expand, ̲cast_neg_one, ̲Nat.cast_one, ̲h1,o̵n̵e̵_̵m̵u̵l̵,̵ ̲add_zero, ̲mul_one]

Note: This linter can be disabled with `set_option linter.unusedSimpArgs false`
⚠ [1610/1614] Replayed CircuitCorrectness.PackingCertificates.Base
warning: CircuitCorrectness/PackingCertificates/Base.lean:32:17: This simp argument is unused:
  one_mul

Hint: Omit it from the simp argument list.
  simp only [Affine.eval_cons, ̲Affine.eval_nil, ̲ConcreteProgram.cast_neg_one,
  ̵  ̵ ̵ ̵Nat.cast_one,o̵
  ̲ ̲ ̲ ̲ ̲ne_̵m̵u̵l̵,̵n̵e̵g_one_mul, ̲h1, ̲add_zero, ̲mul_one]

Note: This linter can be disabled with `set_option linter.unusedSimpArgs false`
✔ [1614/1614] Built CircuitCorrectness.PackingCertificates.Row03 (4.4s)
Build completed successfully (1614 jobs).

{"module": "CircuitCorrectness.PackingCertificates.Row04", "exit_code": 0, "seconds": 6.272696667000673, "maximum_child_rss_bytes": 2258731008, "user_seconds": 3.993125, "system_seconds": 2.619381, "log": "results/clean_build_modules/CircuitCorrectness.PackingCertificates.Row04.log", "command": ["/Users/hanbunko/Downloads/zkCNN/VerImgCmp/circuit_correctness/.elan/toolchains/leanprover--lean4---v4.28.0/bin/lake", "--no-cache", "build", "+CircuitCorrectness.PackingCertificates.Row04"]}
⚠ [1590/1615] Replayed CircuitCorrectness.Affine
warning: CircuitCorrectness/Affine.lean:52:33: This simp argument is unused:
  add_assoc

Hint: Omit it from the simp argument list.
  simp [ih, add_left_comm,̵ ̵a̵d̵d̵_̵a̵s̵s̵o̵c̵]

Note: This linter can be disabled with `set_option linter.unusedSimpArgs false`
⚠ [1598/1615] Replayed CircuitCorrectness.PoseidonProgram
warning: CircuitCorrectness/PoseidonProgram.lean:38:15: unused variable `one`

Note: This linter can be disabled with `set_option linter.unusedVariables false`
warning: CircuitCorrectness/PoseidonProgram.lean:137:14: This simp argument is unused:
  Function.comp_def

Hint: Omit it from the simp argument list.
  simp [hc,̵ ̵F̵u̵n̵c̵t̵i̵o̵n̵.̵c̵o̵m̵p̵_̵d̵e̵f̵]

Note: This linter can be disabled with `set_option linter.unusedSimpArgs false`
warning: CircuitCorrectness/PoseidonProgram.lean:194:68: This simp argument is unused:
  one_mul

Hint: Omit it from the simp argument list.
  simp only [Instruction.value, Affine.eval_constant, Nat.cast_one, o̵n̵e̵_̵m̵u̵l̵,̵
  ̵ ̵ ̵ ̵ ̵h1, mul_one, Affine.eval_nil,
  ̲  ̲ ̲ ̲add_zero] at ho

Note: This linter can be disabled with `set_option linter.unusedSimpArgs false`
⚠ [1609/1615] Replayed CircuitCorrectness.ConcreteProgram
warning: CircuitCorrectness/ConcreteProgram.lean:257:61: This simp argument is unused:
  one_mul

Hint: Omit it from the simp argument list.
  simp only [expandLC, ̲List.map_cons, ̲List.map_nil, ̲evalLC, ̲List.sum_cons, ̲List.sum_nil,
        one_expand, ̲neg_one_expand, ̲cast_neg_one, ̲Nat.cast_one, ̲h1,o̵n̵e̵_̵m̵u̵l̵,̵ ̲add_zero, ̲mul_one]

Note: This linter can be disabled with `set_option linter.unusedSimpArgs false`
⚠ [1610/1615] Replayed CircuitCorrectness.PackingCertificates.Base
warning: CircuitCorrectness/PackingCertificates/Base.lean:32:17: This simp argument is unused:
  one_mul

Hint: Omit it from the simp argument list.
  simp only [Affine.eval_cons, ̲Affine.eval_nil, ̲ConcreteProgram.cast_neg_one,
  ̵  ̵ ̵ ̵Nat.cast_one,o̵
  ̲ ̲ ̲ ̲ ̲ne_̵m̵u̵l̵,̵n̵e̵g_one_mul, ̲h1, ̲add_zero, ̲mul_one]

Note: This linter can be disabled with `set_option linter.unusedSimpArgs false`
✔ [1615/1615] Built CircuitCorrectness.PackingCertificates.Row04 (4.4s)
Build completed successfully (1615 jobs).

{"module": "CircuitCorrectness.PackingCertificates.Row05", "exit_code": 0, "seconds": 6.0515026670000225, "maximum_child_rss_bytes": 2356051968, "user_seconds": 4.045928, "system_seconds": 2.558947, "log": "results/clean_build_modules/CircuitCorrectness.PackingCertificates.Row05.log", "command": ["/Users/hanbunko/Downloads/zkCNN/VerImgCmp/circuit_correctness/.elan/toolchains/leanprover--lean4---v4.28.0/bin/lake", "--no-cache", "build", "+CircuitCorrectness.PackingCertificates.Row05"]}
⚠ [1589/1603] Replayed CircuitCorrectness.Affine
warning: CircuitCorrectness/Affine.lean:52:33: This simp argument is unused:
  add_assoc

Hint: Omit it from the simp argument list.
  simp [ih, add_left_comm,̵ ̵a̵d̵d̵_̵a̵s̵s̵o̵c̵]

Note: This linter can be disabled with `set_option linter.unusedSimpArgs false`
⚠ [1597/1603] Replayed CircuitCorrectness.PoseidonProgram
warning: CircuitCorrectness/PoseidonProgram.lean:38:15: unused variable `one`

Note: This linter can be disabled with `set_option linter.unusedVariables false`
warning: CircuitCorrectness/PoseidonProgram.lean:137:14: This simp argument is unused:
  Function.comp_def

Hint: Omit it from the simp argument list.
  simp [hc,̵ ̵F̵u̵n̵c̵t̵i̵o̵n̵.̵c̵o̵m̵p̵_̵d̵e̵f̵]

Note: This linter can be disabled with `set_option linter.unusedSimpArgs false`
warning: CircuitCorrectness/PoseidonProgram.lean:194:68: This simp argument is unused:
  one_mul

Hint: Omit it from the simp argument list.
  simp only [Instruction.value, Affine.eval_constant, Nat.cast_one, o̵n̵e̵_̵m̵u̵l̵,̵
  ̵ ̵ ̵ ̵ ̵h1, mul_one, Affine.eval_nil,
  ̲  ̲ ̲ ̲add_zero] at ho

Note: This linter can be disabled with `set_option linter.unusedSimpArgs false`
⚠ [1609/1616] Replayed CircuitCorrectness.ConcreteProgram
warning: CircuitCorrectness/ConcreteProgram.lean:257:61: This simp argument is unused:
  one_mul

Hint: Omit it from the simp argument list.
  simp only [expandLC, ̲List.map_cons, ̲List.map_nil, ̲evalLC, ̲List.sum_cons, ̲List.sum_nil,
        one_expand, ̲neg_one_expand, ̲cast_neg_one, ̲Nat.cast_one, ̲h1,o̵n̵e̵_̵m̵u̵l̵,̵ ̲add_zero, ̲mul_one]

Note: This linter can be disabled with `set_option linter.unusedSimpArgs false`
⚠ [1610/1616] Replayed CircuitCorrectness.PackingCertificates.Base
warning: CircuitCorrectness/PackingCertificates/Base.lean:32:17: This simp argument is unused:
  one_mul

Hint: Omit it from the simp argument list.
  simp only [Affine.eval_cons, ̲Affine.eval_nil, ̲ConcreteProgram.cast_neg_one,
  ̵  ̵ ̵ ̵Nat.cast_one,o̵
  ̲ ̲ ̲ ̲ ̲ne_̵m̵u̵l̵,̵n̵e̵g_one_mul, ̲h1, ̲add_zero, ̲mul_one]

Note: This linter can be disabled with `set_option linter.unusedSimpArgs false`
✔ [1616/1616] Built CircuitCorrectness.PackingCertificates.Row05 (4.2s)
Build completed successfully (1616 jobs).

{"module": "CircuitCorrectness.ProgramCertificates.Group01", "exit_code": 0, "seconds": 17.338874791000308, "maximum_child_rss_bytes": 2914942976, "user_seconds": 27.08704, "system_seconds": 3.299495, "log": "results/clean_build_modules/CircuitCorrectness.ProgramCertificates.Group01.log", "command": ["/Users/hanbunko/Downloads/zkCNN/VerImgCmp/circuit_correctness/.elan/toolchains/leanprover--lean4---v4.28.0/bin/lake", "--no-cache", "build", "+CircuitCorrectness.ProgramCertificates.Group01"]}
⚠ [1601/1603] Replayed CircuitCorrectness.Affine
warning: CircuitCorrectness/Affine.lean:52:33: This simp argument is unused:
  add_assoc

Hint: Omit it from the simp argument list.
  simp [ih, add_left_comm,̵ ̵a̵d̵d̵_̵a̵s̵s̵o̵c̵]

Note: This linter can be disabled with `set_option linter.unusedSimpArgs false`
⚠ [1602/1603] Replayed CircuitCorrectness.ConcreteProgram
warning: CircuitCorrectness/ConcreteProgram.lean:257:61: This simp argument is unused:
  one_mul

Hint: Omit it from the simp argument list.
  simp only [expandLC, ̲List.map_cons, ̲List.map_nil, ̲evalLC, ̲List.sum_cons, ̲List.sum_nil,
        one_expand, ̲neg_one_expand, ̲cast_neg_one, ̲Nat.cast_one, ̲h1,o̵n̵e̵_̵m̵u̵l̵,̵ ̲add_zero, ̲mul_one]

Note: This linter can be disabled with `set_option linter.unusedSimpArgs false`
✔ [1603/1603] Built CircuitCorrectness.ProgramCertificates.Group01 (15s)
Build completed successfully (1603 jobs).

{"module": "CircuitCorrectness.PackingCertificates.Row06", "exit_code": 0, "seconds": 6.368966666000233, "maximum_child_rss_bytes": 2376859648, "user_seconds": 4.437219, "system_seconds": 2.694527, "log": "results/clean_build_modules/CircuitCorrectness.PackingCertificates.Row06.log", "command": ["/Users/hanbunko/Downloads/zkCNN/VerImgCmp/circuit_correctness/.elan/toolchains/leanprover--lean4---v4.28.0/bin/lake", "--no-cache", "build", "+CircuitCorrectness.PackingCertificates.Row06"]}
⚠ [1589/1603] Replayed CircuitCorrectness.Affine
warning: CircuitCorrectness/Affine.lean:52:33: This simp argument is unused:
  add_assoc

Hint: Omit it from the simp argument list.
  simp [ih, add_left_comm,̵ ̵a̵d̵d̵_̵a̵s̵s̵o̵c̵]

Note: This linter can be disabled with `set_option linter.unusedSimpArgs false`
⚠ [1597/1603] Replayed CircuitCorrectness.PoseidonProgram
warning: CircuitCorrectness/PoseidonProgram.lean:38:15: unused variable `one`

Note: This linter can be disabled with `set_option linter.unusedVariables false`
warning: CircuitCorrectness/PoseidonProgram.lean:137:14: This simp argument is unused:
  Function.comp_def

Hint: Omit it from the simp argument list.
  simp [hc,̵ ̵F̵u̵n̵c̵t̵i̵o̵n̵.̵c̵o̵m̵p̵_̵d̵e̵f̵]

Note: This linter can be disabled with `set_option linter.unusedSimpArgs false`
warning: CircuitCorrectness/PoseidonProgram.lean:194:68: This simp argument is unused:
  one_mul

Hint: Omit it from the simp argument list.
  simp only [Instruction.value, Affine.eval_constant, Nat.cast_one, o̵n̵e̵_̵m̵u̵l̵,̵
  ̵ ̵ ̵ ̵ ̵h1, mul_one, Affine.eval_nil,
  ̲  ̲ ̲ ̲add_zero] at ho

Note: This linter can be disabled with `set_option linter.unusedSimpArgs false`
⚠ [1609/1617] Replayed CircuitCorrectness.ConcreteProgram
warning: CircuitCorrectness/ConcreteProgram.lean:257:61: This simp argument is unused:
  one_mul

Hint: Omit it from the simp argument list.
  simp only [expandLC, ̲List.map_cons, ̲List.map_nil, ̲evalLC, ̲List.sum_cons, ̲List.sum_nil,
        one_expand, ̲neg_one_expand, ̲cast_neg_one, ̲Nat.cast_one, ̲h1,o̵n̵e̵_̵m̵u̵l̵,̵ ̲add_zero, ̲mul_one]

Note: This linter can be disabled with `set_option linter.unusedSimpArgs false`
⚠ [1610/1617] Replayed CircuitCorrectness.PackingCertificates.Base
warning: CircuitCorrectness/PackingCertificates/Base.lean:32:17: This simp argument is unused:
  one_mul

Hint: Omit it from the simp argument list.
  simp only [Affine.eval_cons, ̲Affine.eval_nil, ̲ConcreteProgram.cast_neg_one,
  ̵  ̵ ̵ ̵Nat.cast_one,o̵
  ̲ ̲ ̲ ̲ ̲ne_̵m̵u̵l̵,̵n̵e̵g_one_mul, ̲h1, ̲add_zero, ̲mul_one]

Note: This linter can be disabled with `set_option linter.unusedSimpArgs false`
✔ [1617/1617] Built CircuitCorrectness.PackingCertificates.Row06 (4.5s)
Build completed successfully (1617 jobs).

{"module": "CircuitCorrectness.PackingCertificates.Row07", "exit_code": 0, "seconds": 6.245146582999951, "maximum_child_rss_bytes": 2292105216, "user_seconds": 3.969737, "system_seconds": 2.555695, "log": "results/clean_build_modules/CircuitCorrectness.PackingCertificates.Row07.log", "command": ["/Users/hanbunko/Downloads/zkCNN/VerImgCmp/circuit_correctness/.elan/toolchains/leanprover--lean4---v4.28.0/bin/lake", "--no-cache", "build", "+CircuitCorrectness.PackingCertificates.Row07"]}
⚠ [1589/1603] Replayed CircuitCorrectness.Affine
warning: CircuitCorrectness/Affine.lean:52:33: This simp argument is unused:
  add_assoc

Hint: Omit it from the simp argument list.
  simp [ih, add_left_comm,̵ ̵a̵d̵d̵_̵a̵s̵s̵o̵c̵]

Note: This linter can be disabled with `set_option linter.unusedSimpArgs false`
⚠ [1597/1603] Replayed CircuitCorrectness.PoseidonProgram
warning: CircuitCorrectness/PoseidonProgram.lean:38:15: unused variable `one`

Note: This linter can be disabled with `set_option linter.unusedVariables false`
warning: CircuitCorrectness/PoseidonProgram.lean:137:14: This simp argument is unused:
  Function.comp_def

Hint: Omit it from the simp argument list.
  simp [hc,̵ ̵F̵u̵n̵c̵t̵i̵o̵n̵.̵c̵o̵m̵p̵_̵d̵e̵f̵]

Note: This linter can be disabled with `set_option linter.unusedSimpArgs false`
warning: CircuitCorrectness/PoseidonProgram.lean:194:68: This simp argument is unused:
  one_mul

Hint: Omit it from the simp argument list.
  simp only [Instruction.value, Affine.eval_constant, Nat.cast_one, o̵n̵e̵_̵m̵u̵l̵,̵
  ̵ ̵ ̵ ̵ ̵h1, mul_one, Affine.eval_nil,
  ̲  ̲ ̲ ̲add_zero] at ho

Note: This linter can be disabled with `set_option linter.unusedSimpArgs false`
⚠ [1609/1618] Replayed CircuitCorrectness.ConcreteProgram
warning: CircuitCorrectness/ConcreteProgram.lean:257:61: This simp argument is unused:
  one_mul

Hint: Omit it from the simp argument list.
  simp only [expandLC, ̲List.map_cons, ̲List.map_nil, ̲evalLC, ̲List.sum_cons, ̲List.sum_nil,
        one_expand, ̲neg_one_expand, ̲cast_neg_one, ̲Nat.cast_one, ̲h1,o̵n̵e̵_̵m̵u̵l̵,̵ ̲add_zero, ̲mul_one]

Note: This linter can be disabled with `set_option linter.unusedSimpArgs false`
⚠ [1610/1618] Replayed CircuitCorrectness.PackingCertificates.Base
warning: CircuitCorrectness/PackingCertificates/Base.lean:32:17: This simp argument is unused:
  one_mul

Hint: Omit it from the simp argument list.
  simp only [Affine.eval_cons, ̲Affine.eval_nil, ̲ConcreteProgram.cast_neg_one,
  ̵  ̵ ̵ ̵Nat.cast_one,o̵
  ̲ ̲ ̲ ̲ ̲ne_̵m̵u̵l̵,̵n̵e̵g_one_mul, ̲h1, ̲add_zero, ̲mul_one]

Note: This linter can be disabled with `set_option linter.unusedSimpArgs false`
✔ [1618/1618] Built CircuitCorrectness.PackingCertificates.Row07 (4.3s)
Build completed successfully (1618 jobs).

{"module": "CircuitCorrectness.PackingCertificates.Row08", "exit_code": 0, "seconds": 5.999204249999821, "maximum_child_rss_bytes": 2310258688, "user_seconds": 3.979665, "system_seconds": 2.548204, "log": "results/clean_build_modules/CircuitCorrectness.PackingCertificates.Row08.log", "command": ["/Users/hanbunko/Downloads/zkCNN/VerImgCmp/circuit_correctness/.elan/toolchains/leanprover--lean4---v4.28.0/bin/lake", "--no-cache", "build", "+CircuitCorrectness.PackingCertificates.Row08"]}
⚠ [1590/1619] Replayed CircuitCorrectness.Affine
warning: CircuitCorrectness/Affine.lean:52:33: This simp argument is unused:
  add_assoc

Hint: Omit it from the simp argument list.
  simp [ih, add_left_comm,̵ ̵a̵d̵d̵_̵a̵s̵s̵o̵c̵]

Note: This linter can be disabled with `set_option linter.unusedSimpArgs false`
⚠ [1598/1619] Replayed CircuitCorrectness.PoseidonProgram
warning: CircuitCorrectness/PoseidonProgram.lean:38:15: unused variable `one`

Note: This linter can be disabled with `set_option linter.unusedVariables false`
warning: CircuitCorrectness/PoseidonProgram.lean:137:14: This simp argument is unused:
  Function.comp_def

Hint: Omit it from the simp argument list.
  simp [hc,̵ ̵F̵u̵n̵c̵t̵i̵o̵n̵.̵c̵o̵m̵p̵_̵d̵e̵f̵]

Note: This linter can be disabled with `set_option linter.unusedSimpArgs false`
warning: CircuitCorrectness/PoseidonProgram.lean:194:68: This simp argument is unused:
  one_mul

Hint: Omit it from the simp argument list.
  simp only [Instruction.value, Affine.eval_constant, Nat.cast_one, o̵n̵e̵_̵m̵u̵l̵,̵
  ̵ ̵ ̵ ̵ ̵h1, mul_one, Affine.eval_nil,
  ̲  ̲ ̲ ̲add_zero] at ho

Note: This linter can be disabled with `set_option linter.unusedSimpArgs false`
⚠ [1609/1619] Replayed CircuitCorrectness.ConcreteProgram
warning: CircuitCorrectness/ConcreteProgram.lean:257:61: This simp argument is unused:
  one_mul

Hint: Omit it from the simp argument list.
  simp only [expandLC, ̲List.map_cons, ̲List.map_nil, ̲evalLC, ̲List.sum_cons, ̲List.sum_nil,
        one_expand, ̲neg_one_expand, ̲cast_neg_one, ̲Nat.cast_one, ̲h1,o̵n̵e̵_̵m̵u̵l̵,̵ ̲add_zero, ̲mul_one]

Note: This linter can be disabled with `set_option linter.unusedSimpArgs false`
⚠ [1610/1619] Replayed CircuitCorrectness.PackingCertificates.Base
warning: CircuitCorrectness/PackingCertificates/Base.lean:32:17: This simp argument is unused:
  one_mul

Hint: Omit it from the simp argument list.
  simp only [Affine.eval_cons, ̲Affine.eval_nil, ̲ConcreteProgram.cast_neg_one,
  ̵  ̵ ̵ ̵Nat.cast_one,o̵
  ̲ ̲ ̲ ̲ ̲ne_̵m̵u̵l̵,̵n̵e̵g_one_mul, ̲h1, ̲add_zero, ̲mul_one]

Note: This linter can be disabled with `set_option linter.unusedSimpArgs false`
✔ [1619/1619] Built CircuitCorrectness.PackingCertificates.Row08 (4.1s)
Build completed successfully (1619 jobs).

{"module": "CircuitCorrectness.ProgramCertificates.Group02", "exit_code": 0, "seconds": 17.59801833399979, "maximum_child_rss_bytes": 2991374336, "user_seconds": 28.453043, "system_seconds": 3.314502, "log": "results/clean_build_modules/CircuitCorrectness.ProgramCertificates.Group02.log", "command": ["/Users/hanbunko/Downloads/zkCNN/VerImgCmp/circuit_correctness/.elan/toolchains/leanprover--lean4---v4.28.0/bin/lake", "--no-cache", "build", "+CircuitCorrectness.ProgramCertificates.Group02"]}
⚠ [1601/1603] Replayed CircuitCorrectness.Affine
warning: CircuitCorrectness/Affine.lean:52:33: This simp argument is unused:
  add_assoc

Hint: Omit it from the simp argument list.
  simp [ih, add_left_comm,̵ ̵a̵d̵d̵_̵a̵s̵s̵o̵c̵]

Note: This linter can be disabled with `set_option linter.unusedSimpArgs false`
⚠ [1602/1603] Replayed CircuitCorrectness.ConcreteProgram
warning: CircuitCorrectness/ConcreteProgram.lean:257:61: This simp argument is unused:
  one_mul

Hint: Omit it from the simp argument list.
  simp only [expandLC, ̲List.map_cons, ̲List.map_nil, ̲evalLC, ̲List.sum_cons, ̲List.sum_nil,
        one_expand, ̲neg_one_expand, ̲cast_neg_one, ̲Nat.cast_one, ̲h1,o̵n̵e̵_̵m̵u̵l̵,̵ ̲add_zero, ̲mul_one]

Note: This linter can be disabled with `set_option linter.unusedSimpArgs false`
✔ [1603/1603] Built CircuitCorrectness.ProgramCertificates.Group02 (15s)
Build completed successfully (1603 jobs).

{"module": "CircuitCorrectness.PackingCertificates.Row09", "exit_code": 0, "seconds": 6.320471209000061, "maximum_child_rss_bytes": 2376351744, "user_seconds": 4.405026, "system_seconds": 2.569378, "log": "results/clean_build_modules/CircuitCorrectness.PackingCertificates.Row09.log", "command": ["/Users/hanbunko/Downloads/zkCNN/VerImgCmp/circuit_correctness/.elan/toolchains/leanprover--lean4---v4.28.0/bin/lake", "--no-cache", "build", "+CircuitCorrectness.PackingCertificates.Row09"]}
⚠ [1589/1603] Replayed CircuitCorrectness.Affine
warning: CircuitCorrectness/Affine.lean:52:33: This simp argument is unused:
  add_assoc

Hint: Omit it from the simp argument list.
  simp [ih, add_left_comm,̵ ̵a̵d̵d̵_̵a̵s̵s̵o̵c̵]

Note: This linter can be disabled with `set_option linter.unusedSimpArgs false`
⚠ [1597/1603] Replayed CircuitCorrectness.PoseidonProgram
warning: CircuitCorrectness/PoseidonProgram.lean:38:15: unused variable `one`

Note: This linter can be disabled with `set_option linter.unusedVariables false`
warning: CircuitCorrectness/PoseidonProgram.lean:137:14: This simp argument is unused:
  Function.comp_def

Hint: Omit it from the simp argument list.
  simp [hc,̵ ̵F̵u̵n̵c̵t̵i̵o̵n̵.̵c̵o̵m̵p̵_̵d̵e̵f̵]

Note: This linter can be disabled with `set_option linter.unusedSimpArgs false`
warning: CircuitCorrectness/PoseidonProgram.lean:194:68: This simp argument is unused:
  one_mul

Hint: Omit it from the simp argument list.
  simp only [Instruction.value, Affine.eval_constant, Nat.cast_one, o̵n̵e̵_̵m̵u̵l̵,̵
  ̵ ̵ ̵ ̵ ̵h1, mul_one, Affine.eval_nil,
  ̲  ̲ ̲ ̲add_zero] at ho

Note: This linter can be disabled with `set_option linter.unusedSimpArgs false`
⚠ [1609/1620] Replayed CircuitCorrectness.ConcreteProgram
warning: CircuitCorrectness/ConcreteProgram.lean:257:61: This simp argument is unused:
  one_mul

Hint: Omit it from the simp argument list.
  simp only [expandLC, ̲List.map_cons, ̲List.map_nil, ̲evalLC, ̲List.sum_cons, ̲List.sum_nil,
        one_expand, ̲neg_one_expand, ̲cast_neg_one, ̲Nat.cast_one, ̲h1,o̵n̵e̵_̵m̵u̵l̵,̵ ̲add_zero, ̲mul_one]

Note: This linter can be disabled with `set_option linter.unusedSimpArgs false`
⚠ [1610/1620] Replayed CircuitCorrectness.PackingCertificates.Base
warning: CircuitCorrectness/PackingCertificates/Base.lean:32:17: This simp argument is unused:
  one_mul

Hint: Omit it from the simp argument list.
  simp only [Affine.eval_cons, ̲Affine.eval_nil, ̲ConcreteProgram.cast_neg_one,
  ̵  ̵ ̵ ̵Nat.cast_one,o̵
  ̲ ̲ ̲ ̲ ̲ne_̵m̵u̵l̵,̵n̵e̵g_one_mul, ̲h1, ̲add_zero, ̲mul_one]

Note: This linter can be disabled with `set_option linter.unusedSimpArgs false`
✔ [1620/1620] Built CircuitCorrectness.PackingCertificates.Row09 (4.4s)
Build completed successfully (1620 jobs).

{"module": "CircuitCorrectness.PackingCertificates.Row10", "exit_code": 0, "seconds": 6.328949583999929, "maximum_child_rss_bytes": 2291499008, "user_seconds": 4.063667, "system_seconds": 2.651146, "log": "results/clean_build_modules/CircuitCorrectness.PackingCertificates.Row10.log", "command": ["/Users/hanbunko/Downloads/zkCNN/VerImgCmp/circuit_correctness/.elan/toolchains/leanprover--lean4---v4.28.0/bin/lake", "--no-cache", "build", "+CircuitCorrectness.PackingCertificates.Row10"]}
⚠ [1589/1603] Replayed CircuitCorrectness.Affine
warning: CircuitCorrectness/Affine.lean:52:33: This simp argument is unused:
  add_assoc

Hint: Omit it from the simp argument list.
  simp [ih, add_left_comm,̵ ̵a̵d̵d̵_̵a̵s̵s̵o̵c̵]

Note: This linter can be disabled with `set_option linter.unusedSimpArgs false`
⚠ [1597/1603] Replayed CircuitCorrectness.PoseidonProgram
warning: CircuitCorrectness/PoseidonProgram.lean:38:15: unused variable `one`

Note: This linter can be disabled with `set_option linter.unusedVariables false`
warning: CircuitCorrectness/PoseidonProgram.lean:137:14: This simp argument is unused:
  Function.comp_def

Hint: Omit it from the simp argument list.
  simp [hc,̵ ̵F̵u̵n̵c̵t̵i̵o̵n̵.̵c̵o̵m̵p̵_̵d̵e̵f̵]

Note: This linter can be disabled with `set_option linter.unusedSimpArgs false`
warning: CircuitCorrectness/PoseidonProgram.lean:194:68: This simp argument is unused:
  one_mul

Hint: Omit it from the simp argument list.
  simp only [Instruction.value, Affine.eval_constant, Nat.cast_one, o̵n̵e̵_̵m̵u̵l̵,̵
  ̵ ̵ ̵ ̵ ̵h1, mul_one, Affine.eval_nil,
  ̲  ̲ ̲ ̲add_zero] at ho

Note: This linter can be disabled with `set_option linter.unusedSimpArgs false`
⚠ [1609/1621] Replayed CircuitCorrectness.ConcreteProgram
warning: CircuitCorrectness/ConcreteProgram.lean:257:61: This simp argument is unused:
  one_mul

Hint: Omit it from the simp argument list.
  simp only [expandLC, ̲List.map_cons, ̲List.map_nil, ̲evalLC, ̲List.sum_cons, ̲List.sum_nil,
        one_expand, ̲neg_one_expand, ̲cast_neg_one, ̲Nat.cast_one, ̲h1,o̵n̵e̵_̵m̵u̵l̵,̵ ̲add_zero, ̲mul_one]

Note: This linter can be disabled with `set_option linter.unusedSimpArgs false`
⚠ [1610/1621] Replayed CircuitCorrectness.PackingCertificates.Base
warning: CircuitCorrectness/PackingCertificates/Base.lean:32:17: This simp argument is unused:
  one_mul

Hint: Omit it from the simp argument list.
  simp only [Affine.eval_cons, ̲Affine.eval_nil, ̲ConcreteProgram.cast_neg_one,
  ̵  ̵ ̵ ̵Nat.cast_one,o̵
  ̲ ̲ ̲ ̲ ̲ne_̵m̵u̵l̵,̵n̵e̵g_one_mul, ̲h1, ̲add_zero, ̲mul_one]

Note: This linter can be disabled with `set_option linter.unusedSimpArgs false`
✔ [1621/1621] Built CircuitCorrectness.PackingCertificates.Row10 (4.3s)
Build completed successfully (1621 jobs).

{"module": "CircuitCorrectness.PackingCertificates.Row11", "exit_code": 0, "seconds": 5.892184583000017, "maximum_child_rss_bytes": 2318270464, "user_seconds": 3.965621, "system_seconds": 2.557035, "log": "results/clean_build_modules/CircuitCorrectness.PackingCertificates.Row11.log", "command": ["/Users/hanbunko/Downloads/zkCNN/VerImgCmp/circuit_correctness/.elan/toolchains/leanprover--lean4---v4.28.0/bin/lake", "--no-cache", "build", "+CircuitCorrectness.PackingCertificates.Row11"]}
⚠ [1589/1603] Replayed CircuitCorrectness.Affine
warning: CircuitCorrectness/Affine.lean:52:33: This simp argument is unused:
  add_assoc

Hint: Omit it from the simp argument list.
  simp [ih, add_left_comm,̵ ̵a̵d̵d̵_̵a̵s̵s̵o̵c̵]

Note: This linter can be disabled with `set_option linter.unusedSimpArgs false`
⚠ [1597/1603] Replayed CircuitCorrectness.PoseidonProgram
warning: CircuitCorrectness/PoseidonProgram.lean:38:15: unused variable `one`

Note: This linter can be disabled with `set_option linter.unusedVariables false`
warning: CircuitCorrectness/PoseidonProgram.lean:137:14: This simp argument is unused:
  Function.comp_def

Hint: Omit it from the simp argument list.
  simp [hc,̵ ̵F̵u̵n̵c̵t̵i̵o̵n̵.̵c̵o̵m̵p̵_̵d̵e̵f̵]

Note: This linter can be disabled with `set_option linter.unusedSimpArgs false`
warning: CircuitCorrectness/PoseidonProgram.lean:194:68: This simp argument is unused:
  one_mul

Hint: Omit it from the simp argument list.
  simp only [Instruction.value, Affine.eval_constant, Nat.cast_one, o̵n̵e̵_̵m̵u̵l̵,̵
  ̵ ̵ ̵ ̵ ̵h1, mul_one, Affine.eval_nil,
  ̲  ̲ ̲ ̲add_zero] at ho

Note: This linter can be disabled with `set_option linter.unusedSimpArgs false`
⚠ [1609/1622] Replayed CircuitCorrectness.ConcreteProgram
warning: CircuitCorrectness/ConcreteProgram.lean:257:61: This simp argument is unused:
  one_mul

Hint: Omit it from the simp argument list.
  simp only [expandLC, ̲List.map_cons, ̲List.map_nil, ̲evalLC, ̲List.sum_cons, ̲List.sum_nil,
        one_expand, ̲neg_one_expand, ̲cast_neg_one, ̲Nat.cast_one, ̲h1,o̵n̵e̵_̵m̵u̵l̵,̵ ̲add_zero, ̲mul_one]

Note: This linter can be disabled with `set_option linter.unusedSimpArgs false`
⚠ [1610/1622] Replayed CircuitCorrectness.PackingCertificates.Base
warning: CircuitCorrectness/PackingCertificates/Base.lean:32:17: This simp argument is unused:
  one_mul

Hint: Omit it from the simp argument list.
  simp only [Affine.eval_cons, ̲Affine.eval_nil, ̲ConcreteProgram.cast_neg_one,
  ̵  ̵ ̵ ̵Nat.cast_one,o̵
  ̲ ̲ ̲ ̲ ̲ne_̵m̵u̵l̵,̵n̵e̵g_one_mul, ̲h1, ̲add_zero, ̲mul_one]

Note: This linter can be disabled with `set_option linter.unusedSimpArgs false`
✔ [1622/1622] Built CircuitCorrectness.PackingCertificates.Row11 (4.1s)
Build completed successfully (1622 jobs).

{"module": "CircuitCorrectness.ProgramCertificates.Group03", "exit_code": 0, "seconds": 21.004034624999804, "maximum_child_rss_bytes": 3236839424, "user_seconds": 35.023274, "system_seconds": 3.423397, "log": "results/clean_build_modules/CircuitCorrectness.ProgramCertificates.Group03.log", "command": ["/Users/hanbunko/Downloads/zkCNN/VerImgCmp/circuit_correctness/.elan/toolchains/leanprover--lean4---v4.28.0/bin/lake", "--no-cache", "build", "+CircuitCorrectness.ProgramCertificates.Group03"]}
⚠ [1601/1603] Replayed CircuitCorrectness.Affine
warning: CircuitCorrectness/Affine.lean:52:33: This simp argument is unused:
  add_assoc

Hint: Omit it from the simp argument list.
  simp [ih, add_left_comm,̵ ̵a̵d̵d̵_̵a̵s̵s̵o̵c̵]

Note: This linter can be disabled with `set_option linter.unusedSimpArgs false`
⚠ [1602/1603] Replayed CircuitCorrectness.ConcreteProgram
warning: CircuitCorrectness/ConcreteProgram.lean:257:61: This simp argument is unused:
  one_mul

Hint: Omit it from the simp argument list.
  simp only [expandLC, ̲List.map_cons, ̲List.map_nil, ̲evalLC, ̲List.sum_cons, ̲List.sum_nil,
        one_expand, ̲neg_one_expand, ̲cast_neg_one, ̲Nat.cast_one, ̲h1,o̵n̵e̵_̵m̵u̵l̵,̵ ̲add_zero, ̲mul_one]

Note: This linter can be disabled with `set_option linter.unusedSimpArgs false`
✔ [1603/1603] Built CircuitCorrectness.ProgramCertificates.Group03 (19s)
Build completed successfully (1603 jobs).

{"module": "CircuitCorrectness.PackingCertificates.Row12", "exit_code": 0, "seconds": 6.177710916000251, "maximum_child_rss_bytes": 2378285056, "user_seconds": 4.403809, "system_seconds": 2.557629, "log": "results/clean_build_modules/CircuitCorrectness.PackingCertificates.Row12.log", "command": ["/Users/hanbunko/Downloads/zkCNN/VerImgCmp/circuit_correctness/.elan/toolchains/leanprover--lean4---v4.28.0/bin/lake", "--no-cache", "build", "+CircuitCorrectness.PackingCertificates.Row12"]}
⚠ [1589/1603] Replayed CircuitCorrectness.Affine
warning: CircuitCorrectness/Affine.lean:52:33: This simp argument is unused:
  add_assoc

Hint: Omit it from the simp argument list.
  simp [ih, add_left_comm,̵ ̵a̵d̵d̵_̵a̵s̵s̵o̵c̵]

Note: This linter can be disabled with `set_option linter.unusedSimpArgs false`
⚠ [1597/1603] Replayed CircuitCorrectness.PoseidonProgram
warning: CircuitCorrectness/PoseidonProgram.lean:38:15: unused variable `one`

Note: This linter can be disabled with `set_option linter.unusedVariables false`
warning: CircuitCorrectness/PoseidonProgram.lean:137:14: This simp argument is unused:
  Function.comp_def

Hint: Omit it from the simp argument list.
  simp [hc,̵ ̵F̵u̵n̵c̵t̵i̵o̵n̵.̵c̵o̵m̵p̵_̵d̵e̵f̵]

Note: This linter can be disabled with `set_option linter.unusedSimpArgs false`
warning: CircuitCorrectness/PoseidonProgram.lean:194:68: This simp argument is unused:
  one_mul

Hint: Omit it from the simp argument list.
  simp only [Instruction.value, Affine.eval_constant, Nat.cast_one, o̵n̵e̵_̵m̵u̵l̵,̵
  ̵ ̵ ̵ ̵ ̵h1, mul_one, Affine.eval_nil,
  ̲  ̲ ̲ ̲add_zero] at ho

Note: This linter can be disabled with `set_option linter.unusedSimpArgs false`
⚠ [1609/1623] Replayed CircuitCorrectness.ConcreteProgram
warning: CircuitCorrectness/ConcreteProgram.lean:257:61: This simp argument is unused:
  one_mul

Hint: Omit it from the simp argument list.
  simp only [expandLC, ̲List.map_cons, ̲List.map_nil, ̲evalLC, ̲List.sum_cons, ̲List.sum_nil,
        one_expand, ̲neg_one_expand, ̲cast_neg_one, ̲Nat.cast_one, ̲h1,o̵n̵e̵_̵m̵u̵l̵,̵ ̲add_zero, ̲mul_one]

Note: This linter can be disabled with `set_option linter.unusedSimpArgs false`
⚠ [1610/1623] Replayed CircuitCorrectness.PackingCertificates.Base
warning: CircuitCorrectness/PackingCertificates/Base.lean:32:17: This simp argument is unused:
  one_mul

Hint: Omit it from the simp argument list.
  simp only [Affine.eval_cons, ̲Affine.eval_nil, ̲ConcreteProgram.cast_neg_one,
  ̵  ̵ ̵ ̵Nat.cast_one,o̵
  ̲ ̲ ̲ ̲ ̲ne_̵m̵u̵l̵,̵n̵e̵g_one_mul, ̲h1, ̲add_zero, ̲mul_one]

Note: This linter can be disabled with `set_option linter.unusedSimpArgs false`
✔ [1623/1623] Built CircuitCorrectness.PackingCertificates.Row12 (4.4s)
Build completed successfully (1623 jobs).

{"module": "CircuitCorrectness.PackingCertificates.Row13", "exit_code": 0, "seconds": 6.251351041999442, "maximum_child_rss_bytes": 2269872128, "user_seconds": 3.974573, "system_seconds": 2.655212, "log": "results/clean_build_modules/CircuitCorrectness.PackingCertificates.Row13.log", "command": ["/Users/hanbunko/Downloads/zkCNN/VerImgCmp/circuit_correctness/.elan/toolchains/leanprover--lean4---v4.28.0/bin/lake", "--no-cache", "build", "+CircuitCorrectness.PackingCertificates.Row13"]}
⚠ [1590/1624] Replayed CircuitCorrectness.Affine
warning: CircuitCorrectness/Affine.lean:52:33: This simp argument is unused:
  add_assoc

Hint: Omit it from the simp argument list.
  simp [ih, add_left_comm,̵ ̵a̵d̵d̵_̵a̵s̵s̵o̵c̵]

Note: This linter can be disabled with `set_option linter.unusedSimpArgs false`
⚠ [1598/1624] Replayed CircuitCorrectness.PoseidonProgram
warning: CircuitCorrectness/PoseidonProgram.lean:38:15: unused variable `one`

Note: This linter can be disabled with `set_option linter.unusedVariables false`
warning: CircuitCorrectness/PoseidonProgram.lean:137:14: This simp argument is unused:
  Function.comp_def

Hint: Omit it from the simp argument list.
  simp [hc,̵ ̵F̵u̵n̵c̵t̵i̵o̵n̵.̵c̵o̵m̵p̵_̵d̵e̵f̵]

Note: This linter can be disabled with `set_option linter.unusedSimpArgs false`
warning: CircuitCorrectness/PoseidonProgram.lean:194:68: This simp argument is unused:
  one_mul

Hint: Omit it from the simp argument list.
  simp only [Instruction.value, Affine.eval_constant, Nat.cast_one, o̵n̵e̵_̵m̵u̵l̵,̵
  ̵ ̵ ̵ ̵ ̵h1, mul_one, Affine.eval_nil,
  ̲  ̲ ̲ ̲add_zero] at ho

Note: This linter can be disabled with `set_option linter.unusedSimpArgs false`
⚠ [1609/1624] Replayed CircuitCorrectness.ConcreteProgram
warning: CircuitCorrectness/ConcreteProgram.lean:257:61: This simp argument is unused:
  one_mul

Hint: Omit it from the simp argument list.
  simp only [expandLC, ̲List.map_cons, ̲List.map_nil, ̲evalLC, ̲List.sum_cons, ̲List.sum_nil,
        one_expand, ̲neg_one_expand, ̲cast_neg_one, ̲Nat.cast_one, ̲h1,o̵n̵e̵_̵m̵u̵l̵,̵ ̲add_zero, ̲mul_one]

Note: This linter can be disabled with `set_option linter.unusedSimpArgs false`
⚠ [1610/1624] Replayed CircuitCorrectness.PackingCertificates.Base
warning: CircuitCorrectness/PackingCertificates/Base.lean:32:17: This simp argument is unused:
  one_mul

Hint: Omit it from the simp argument list.
  simp only [Affine.eval_cons, ̲Affine.eval_nil, ̲ConcreteProgram.cast_neg_one,
  ̵  ̵ ̵ ̵Nat.cast_one,o̵
  ̲ ̲ ̲ ̲ ̲ne_̵m̵u̵l̵,̵n̵e̵g_one_mul, ̲h1, ̲add_zero, ̲mul_one]

Note: This linter can be disabled with `set_option linter.unusedSimpArgs false`
✔ [1624/1624] Built CircuitCorrectness.PackingCertificates.Row13 (4.4s)
Build completed successfully (1624 jobs).

{"module": "CircuitCorrectness.PackingCertificates.Row14", "exit_code": 0, "seconds": 5.9256824160002, "maximum_child_rss_bytes": 2307391488, "user_seconds": 3.947224, "system_seconds": 2.5689859999999998, "log": "results/clean_build_modules/CircuitCorrectness.PackingCertificates.Row14.log", "command": ["/Users/hanbunko/Downloads/zkCNN/VerImgCmp/circuit_correctness/.elan/toolchains/leanprover--lean4---v4.28.0/bin/lake", "--no-cache", "build", "+CircuitCorrectness.PackingCertificates.Row14"]}
⚠ [1589/1603] Replayed CircuitCorrectness.Affine
warning: CircuitCorrectness/Affine.lean:52:33: This simp argument is unused:
  add_assoc

Hint: Omit it from the simp argument list.
  simp [ih, add_left_comm,̵ ̵a̵d̵d̵_̵a̵s̵s̵o̵c̵]

Note: This linter can be disabled with `set_option linter.unusedSimpArgs false`
⚠ [1597/1603] Replayed CircuitCorrectness.PoseidonProgram
warning: CircuitCorrectness/PoseidonProgram.lean:38:15: unused variable `one`

Note: This linter can be disabled with `set_option linter.unusedVariables false`
warning: CircuitCorrectness/PoseidonProgram.lean:137:14: This simp argument is unused:
  Function.comp_def

Hint: Omit it from the simp argument list.
  simp [hc,̵ ̵F̵u̵n̵c̵t̵i̵o̵n̵.̵c̵o̵m̵p̵_̵d̵e̵f̵]

Note: This linter can be disabled with `set_option linter.unusedSimpArgs false`
warning: CircuitCorrectness/PoseidonProgram.lean:194:68: This simp argument is unused:
  one_mul

Hint: Omit it from the simp argument list.
  simp only [Instruction.value, Affine.eval_constant, Nat.cast_one, o̵n̵e̵_̵m̵u̵l̵,̵
  ̵ ̵ ̵ ̵ ̵h1, mul_one, Affine.eval_nil,
  ̲  ̲ ̲ ̲add_zero] at ho

Note: This linter can be disabled with `set_option linter.unusedSimpArgs false`
⚠ [1609/1625] Replayed CircuitCorrectness.ConcreteProgram
warning: CircuitCorrectness/ConcreteProgram.lean:257:61: This simp argument is unused:
  one_mul

Hint: Omit it from the simp argument list.
  simp only [expandLC, ̲List.map_cons, ̲List.map_nil, ̲evalLC, ̲List.sum_cons, ̲List.sum_nil,
        one_expand, ̲neg_one_expand, ̲cast_neg_one, ̲Nat.cast_one, ̲h1,o̵n̵e̵_̵m̵u̵l̵,̵ ̲add_zero, ̲mul_one]

Note: This linter can be disabled with `set_option linter.unusedSimpArgs false`
⚠ [1610/1625] Replayed CircuitCorrectness.PackingCertificates.Base
warning: CircuitCorrectness/PackingCertificates/Base.lean:32:17: This simp argument is unused:
  one_mul

Hint: Omit it from the simp argument list.
  simp only [Affine.eval_cons, ̲Affine.eval_nil, ̲ConcreteProgram.cast_neg_one,
  ̵  ̵ ̵ ̵Nat.cast_one,o̵
  ̲ ̲ ̲ ̲ ̲ne_̵m̵u̵l̵,̵n̵e̵g_one_mul, ̲h1, ̲add_zero, ̲mul_one]

Note: This linter can be disabled with `set_option linter.unusedSimpArgs false`
✔ [1625/1625] Built CircuitCorrectness.PackingCertificates.Row14 (4.0s)
Build completed successfully (1625 jobs).

{"module": "CircuitCorrectness.PackingCertificates.Row15", "exit_code": 0, "seconds": 6.190141166000103, "maximum_child_rss_bytes": 2363555840, "user_seconds": 4.404946, "system_seconds": 2.553155, "log": "results/clean_build_modules/CircuitCorrectness.PackingCertificates.Row15.log", "command": ["/Users/hanbunko/Downloads/zkCNN/VerImgCmp/circuit_correctness/.elan/toolchains/leanprover--lean4---v4.28.0/bin/lake", "--no-cache", "build", "+CircuitCorrectness.PackingCertificates.Row15"]}
⚠ [1589/1603] Replayed CircuitCorrectness.Affine
warning: CircuitCorrectness/Affine.lean:52:33: This simp argument is unused:
  add_assoc

Hint: Omit it from the simp argument list.
  simp [ih, add_left_comm,̵ ̵a̵d̵d̵_̵a̵s̵s̵o̵c̵]

Note: This linter can be disabled with `set_option linter.unusedSimpArgs false`
⚠ [1597/1603] Replayed CircuitCorrectness.PoseidonProgram
warning: CircuitCorrectness/PoseidonProgram.lean:38:15: unused variable `one`

Note: This linter can be disabled with `set_option linter.unusedVariables false`
warning: CircuitCorrectness/PoseidonProgram.lean:137:14: This simp argument is unused:
  Function.comp_def

Hint: Omit it from the simp argument list.
  simp [hc,̵ ̵F̵u̵n̵c̵t̵i̵o̵n̵.̵c̵o̵m̵p̵_̵d̵e̵f̵]

Note: This linter can be disabled with `set_option linter.unusedSimpArgs false`
warning: CircuitCorrectness/PoseidonProgram.lean:194:68: This simp argument is unused:
  one_mul

Hint: Omit it from the simp argument list.
  simp only [Instruction.value, Affine.eval_constant, Nat.cast_one, o̵n̵e̵_̵m̵u̵l̵,̵
  ̵ ̵ ̵ ̵ ̵h1, mul_one, Affine.eval_nil,
  ̲  ̲ ̲ ̲add_zero] at ho

Note: This linter can be disabled with `set_option linter.unusedSimpArgs false`
⚠ [1609/1626] Replayed CircuitCorrectness.ConcreteProgram
warning: CircuitCorrectness/ConcreteProgram.lean:257:61: This simp argument is unused:
  one_mul

Hint: Omit it from the simp argument list.
  simp only [expandLC, ̲List.map_cons, ̲List.map_nil, ̲evalLC, ̲List.sum_cons, ̲List.sum_nil,
        one_expand, ̲neg_one_expand, ̲cast_neg_one, ̲Nat.cast_one, ̲h1,o̵n̵e̵_̵m̵u̵l̵,̵ ̲add_zero, ̲mul_one]

Note: This linter can be disabled with `set_option linter.unusedSimpArgs false`
⚠ [1610/1626] Replayed CircuitCorrectness.PackingCertificates.Base
warning: CircuitCorrectness/PackingCertificates/Base.lean:32:17: This simp argument is unused:
  one_mul

Hint: Omit it from the simp argument list.
  simp only [Affine.eval_cons, ̲Affine.eval_nil, ̲ConcreteProgram.cast_neg_one,
  ̵  ̵ ̵ ̵Nat.cast_one,o̵
  ̲ ̲ ̲ ̲ ̲ne_̵m̵u̵l̵,̵n̵e̵g_one_mul, ̲h1, ̲add_zero, ̲mul_one]

Note: This linter can be disabled with `set_option linter.unusedSimpArgs false`
✔ [1626/1626] Built CircuitCorrectness.PackingCertificates.Row15 (4.4s)
Build completed successfully (1626 jobs).

{"module": "CircuitCorrectness.ProgramCertificates.Group04", "exit_code": 0, "seconds": 21.720212709000407, "maximum_child_rss_bytes": 3322822656, "user_seconds": 36.647689, "system_seconds": 3.642558, "log": "results/clean_build_modules/CircuitCorrectness.ProgramCertificates.Group04.log", "command": ["/Users/hanbunko/Downloads/zkCNN/VerImgCmp/circuit_correctness/.elan/toolchains/leanprover--lean4---v4.28.0/bin/lake", "--no-cache", "build", "+CircuitCorrectness.ProgramCertificates.Group04"]}
⚠ [1601/1604] Replayed CircuitCorrectness.Affine
warning: CircuitCorrectness/Affine.lean:52:33: This simp argument is unused:
  add_assoc

Hint: Omit it from the simp argument list.
  simp [ih, add_left_comm,̵ ̵a̵d̵d̵_̵a̵s̵s̵o̵c̵]

Note: This linter can be disabled with `set_option linter.unusedSimpArgs false`
⚠ [1602/1604] Replayed CircuitCorrectness.ConcreteProgram
warning: CircuitCorrectness/ConcreteProgram.lean:257:61: This simp argument is unused:
  one_mul

Hint: Omit it from the simp argument list.
  simp only [expandLC, ̲List.map_cons, ̲List.map_nil, ̲evalLC, ̲List.sum_cons, ̲List.sum_nil,
        one_expand, ̲neg_one_expand, ̲cast_neg_one, ̲Nat.cast_one, ̲h1,o̵n̵e̵_̵m̵u̵l̵,̵ ̲add_zero, ̲mul_one]

Note: This linter can be disabled with `set_option linter.unusedSimpArgs false`
✔ [1604/1604] Built CircuitCorrectness.ProgramCertificates.Group04 (19s)
Build completed successfully (1604 jobs).

{"module": "CircuitCorrectness.PackingCertificates", "exit_code": 0, "seconds": 4.069867375000285, "maximum_child_rss_bytes": 2061008896, "user_seconds": 1.91807, "system_seconds": 2.515987, "log": "results/clean_build_modules/CircuitCorrectness.PackingCertificates.log", "command": ["/Users/hanbunko/Downloads/zkCNN/VerImgCmp/circuit_correctness/.elan/toolchains/leanprover--lean4---v4.28.0/bin/lake", "--no-cache", "build", "+CircuitCorrectness.PackingCertificates"]}
⚠ [1589/1603] Replayed CircuitCorrectness.Affine
warning: CircuitCorrectness/Affine.lean:52:33: This simp argument is unused:
  add_assoc

Hint: Omit it from the simp argument list.
  simp [ih, add_left_comm,̵ ̵a̵d̵d̵_̵a̵s̵s̵o̵c̵]

Note: This linter can be disabled with `set_option linter.unusedSimpArgs false`
⚠ [1597/1603] Replayed CircuitCorrectness.PoseidonProgram
warning: CircuitCorrectness/PoseidonProgram.lean:38:15: unused variable `one`

Note: This linter can be disabled with `set_option linter.unusedVariables false`
warning: CircuitCorrectness/PoseidonProgram.lean:137:14: This simp argument is unused:
  Function.comp_def

Hint: Omit it from the simp argument list.
  simp [hc,̵ ̵F̵u̵n̵c̵t̵i̵o̵n̵.̵c̵o̵m̵p̵_̵d̵e̵f̵]

Note: This linter can be disabled with `set_option linter.unusedSimpArgs false`
warning: CircuitCorrectness/PoseidonProgram.lean:194:68: This simp argument is unused:
  one_mul

Hint: Omit it from the simp argument list.
  simp only [Instruction.value, Affine.eval_constant, Nat.cast_one, o̵n̵e̵_̵m̵u̵l̵,̵
  ̵ ̵ ̵ ̵ ̵h1, mul_one, Affine.eval_nil,
  ̲  ̲ ̲ ̲add_zero] at ho

Note: This linter can be disabled with `set_option linter.unusedSimpArgs false`
⚠ [1609/1627] Replayed CircuitCorrectness.ConcreteProgram
warning: CircuitCorrectness/ConcreteProgram.lean:257:61: This simp argument is unused:
  one_mul

Hint: Omit it from the simp argument list.
  simp only [expandLC, ̲List.map_cons, ̲List.map_nil, ̲evalLC, ̲List.sum_cons, ̲List.sum_nil,
        one_expand, ̲neg_one_expand, ̲cast_neg_one, ̲Nat.cast_one, ̲h1,o̵n̵e̵_̵m̵u̵l̵,̵ ̲add_zero, ̲mul_one]

Note: This linter can be disabled with `set_option linter.unusedSimpArgs false`
⚠ [1610/1627] Replayed CircuitCorrectness.PackingCertificates.Base
warning: CircuitCorrectness/PackingCertificates/Base.lean:32:17: This simp argument is unused:
  one_mul

Hint: Omit it from the simp argument list.
  simp only [Affine.eval_cons, ̲Affine.eval_nil, ̲ConcreteProgram.cast_neg_one,
  ̵  ̵ ̵ ̵Nat.cast_one,o̵
  ̲ ̲ ̲ ̲ ̲ne_̵m̵u̵l̵,̵n̵e̵g_one_mul, ̲h1, ̲add_zero, ̲mul_one]

Note: This linter can be disabled with `set_option linter.unusedSimpArgs false`
✔ [1627/1627] Built CircuitCorrectness.PackingCertificates (2.2s)
Build completed successfully (1627 jobs).

{"module": "CircuitCorrectness.ProgramCertificates.Group05", "exit_code": 0, "seconds": 24.039958542000022, "maximum_child_rss_bytes": 3170877440, "user_seconds": 37.419116, "system_seconds": 3.57685, "log": "results/clean_build_modules/CircuitCorrectness.ProgramCertificates.Group05.log", "command": ["/Users/hanbunko/Downloads/zkCNN/VerImgCmp/circuit_correctness/.elan/toolchains/leanprover--lean4---v4.28.0/bin/lake", "--no-cache", "build", "+CircuitCorrectness.ProgramCertificates.Group05"]}
⚠ [1601/1604] Replayed CircuitCorrectness.Affine
warning: CircuitCorrectness/Affine.lean:52:33: This simp argument is unused:
  add_assoc

Hint: Omit it from the simp argument list.
  simp [ih, add_left_comm,̵ ̵a̵d̵d̵_̵a̵s̵s̵o̵c̵]

Note: This linter can be disabled with `set_option linter.unusedSimpArgs false`
⚠ [1602/1604] Replayed CircuitCorrectness.ConcreteProgram
warning: CircuitCorrectness/ConcreteProgram.lean:257:61: This simp argument is unused:
  one_mul

Hint: Omit it from the simp argument list.
  simp only [expandLC, ̲List.map_cons, ̲List.map_nil, ̲evalLC, ̲List.sum_cons, ̲List.sum_nil,
        one_expand, ̲neg_one_expand, ̲cast_neg_one, ̲Nat.cast_one, ̲h1,o̵n̵e̵_̵m̵u̵l̵,̵ ̲add_zero, ̲mul_one]

Note: This linter can be disabled with `set_option linter.unusedSimpArgs false`
✔ [1604/1604] Built CircuitCorrectness.ProgramCertificates.Group05 (22s)
Build completed successfully (1604 jobs).

{"module": "CircuitCorrectness.ProgramCertificates.Group06", "exit_code": 0, "seconds": 23.028007333999994, "maximum_child_rss_bytes": 3211378688, "user_seconds": 35.444147, "system_seconds": 3.446821, "log": "results/clean_build_modules/CircuitCorrectness.ProgramCertificates.Group06.log", "command": ["/Users/hanbunko/Downloads/zkCNN/VerImgCmp/circuit_correctness/.elan/toolchains/leanprover--lean4---v4.28.0/bin/lake", "--no-cache", "build", "+CircuitCorrectness.ProgramCertificates.Group06"]}
⚠ [1601/1604] Replayed CircuitCorrectness.Affine
warning: CircuitCorrectness/Affine.lean:52:33: This simp argument is unused:
  add_assoc

Hint: Omit it from the simp argument list.
  simp [ih, add_left_comm,̵ ̵a̵d̵d̵_̵a̵s̵s̵o̵c̵]

Note: This linter can be disabled with `set_option linter.unusedSimpArgs false`
⚠ [1602/1604] Replayed CircuitCorrectness.ConcreteProgram
warning: CircuitCorrectness/ConcreteProgram.lean:257:61: This simp argument is unused:
  one_mul

Hint: Omit it from the simp argument list.
  simp only [expandLC, ̲List.map_cons, ̲List.map_nil, ̲evalLC, ̲List.sum_cons, ̲List.sum_nil,
        one_expand, ̲neg_one_expand, ̲cast_neg_one, ̲Nat.cast_one, ̲h1,o̵n̵e̵_̵m̵u̵l̵,̵ ̲add_zero, ̲mul_one]

Note: This linter can be disabled with `set_option linter.unusedSimpArgs false`
✔ [1604/1604] Built CircuitCorrectness.ProgramCertificates.Group06 (21s)
Build completed successfully (1604 jobs).

{"module": "CircuitCorrectness.ProgramCertificates.Group07", "exit_code": 0, "seconds": 24.267167832999803, "maximum_child_rss_bytes": 3249061888, "user_seconds": 36.079733, "system_seconds": 3.620765, "log": "results/clean_build_modules/CircuitCorrectness.ProgramCertificates.Group07.log", "command": ["/Users/hanbunko/Downloads/zkCNN/VerImgCmp/circuit_correctness/.elan/toolchains/leanprover--lean4---v4.28.0/bin/lake", "--no-cache", "build", "+CircuitCorrectness.ProgramCertificates.Group07"]}
⚠ [1601/1604] Replayed CircuitCorrectness.Affine
warning: CircuitCorrectness/Affine.lean:52:33: This simp argument is unused:
  add_assoc

Hint: Omit it from the simp argument list.
  simp [ih, add_left_comm,̵ ̵a̵d̵d̵_̵a̵s̵s̵o̵c̵]

Note: This linter can be disabled with `set_option linter.unusedSimpArgs false`
⚠ [1602/1604] Replayed CircuitCorrectness.ConcreteProgram
warning: CircuitCorrectness/ConcreteProgram.lean:257:61: This simp argument is unused:
  one_mul

Hint: Omit it from the simp argument list.
  simp only [expandLC, ̲List.map_cons, ̲List.map_nil, ̲evalLC, ̲List.sum_cons, ̲List.sum_nil,
        one_expand, ̲neg_one_expand, ̲cast_neg_one, ̲Nat.cast_one, ̲h1,o̵n̵e̵_̵m̵u̵l̵,̵ ̲add_zero, ̲mul_one]

Note: This linter can be disabled with `set_option linter.unusedSimpArgs false`
✔ [1604/1604] Built CircuitCorrectness.ProgramCertificates.Group07 (22s)
Build completed successfully (1604 jobs).

{"module": "CircuitCorrectness.ProgramCertificates.Group08", "exit_code": 0, "seconds": 25.11372462500003, "maximum_child_rss_bytes": 3311042560, "user_seconds": 37.941439, "system_seconds": 3.603608, "log": "results/clean_build_modules/CircuitCorrectness.ProgramCertificates.Group08.log", "command": ["/Users/hanbunko/Downloads/zkCNN/VerImgCmp/circuit_correctness/.elan/toolchains/leanprover--lean4---v4.28.0/bin/lake", "--no-cache", "build", "+CircuitCorrectness.ProgramCertificates.Group08"]}
⚠ [1601/1605] Replayed CircuitCorrectness.Affine
warning: CircuitCorrectness/Affine.lean:52:33: This simp argument is unused:
  add_assoc

Hint: Omit it from the simp argument list.
  simp [ih, add_left_comm,̵ ̵a̵d̵d̵_̵a̵s̵s̵o̵c̵]

Note: This linter can be disabled with `set_option linter.unusedSimpArgs false`
⚠ [1602/1605] Replayed CircuitCorrectness.ConcreteProgram
warning: CircuitCorrectness/ConcreteProgram.lean:257:61: This simp argument is unused:
  one_mul

Hint: Omit it from the simp argument list.
  simp only [expandLC, ̲List.map_cons, ̲List.map_nil, ̲evalLC, ̲List.sum_cons, ̲List.sum_nil,
        one_expand, ̲neg_one_expand, ̲cast_neg_one, ̲Nat.cast_one, ̲h1,o̵n̵e̵_̵m̵u̵l̵,̵ ̲add_zero, ̲mul_one]

Note: This linter can be disabled with `set_option linter.unusedSimpArgs false`
✔ [1605/1605] Built CircuitCorrectness.ProgramCertificates.Group08 (23s)
Build completed successfully (1605 jobs).

{"module": "CircuitCorrectness.ProgramCertificates.Group09", "exit_code": 0, "seconds": 23.328093416999764, "maximum_child_rss_bytes": 3254878208, "user_seconds": 35.885074, "system_seconds": 3.485764, "log": "results/clean_build_modules/CircuitCorrectness.ProgramCertificates.Group09.log", "command": ["/Users/hanbunko/Downloads/zkCNN/VerImgCmp/circuit_correctness/.elan/toolchains/leanprover--lean4---v4.28.0/bin/lake", "--no-cache", "build", "+CircuitCorrectness.ProgramCertificates.Group09"]}
⚠ [1601/1605] Replayed CircuitCorrectness.Affine
warning: CircuitCorrectness/Affine.lean:52:33: This simp argument is unused:
  add_assoc

Hint: Omit it from the simp argument list.
  simp [ih, add_left_comm,̵ ̵a̵d̵d̵_̵a̵s̵s̵o̵c̵]

Note: This linter can be disabled with `set_option linter.unusedSimpArgs false`
⚠ [1602/1605] Replayed CircuitCorrectness.ConcreteProgram
warning: CircuitCorrectness/ConcreteProgram.lean:257:61: This simp argument is unused:
  one_mul

Hint: Omit it from the simp argument list.
  simp only [expandLC, ̲List.map_cons, ̲List.map_nil, ̲evalLC, ̲List.sum_cons, ̲List.sum_nil,
        one_expand, ̲neg_one_expand, ̲cast_neg_one, ̲Nat.cast_one, ̲h1,o̵n̵e̵_̵m̵u̵l̵,̵ ̲add_zero, ̲mul_one]

Note: This linter can be disabled with `set_option linter.unusedSimpArgs false`
✔ [1605/1605] Built CircuitCorrectness.ProgramCertificates.Group09 (21s)
Build completed successfully (1605 jobs).

{"module": "CircuitCorrectness.ProgramCertificates.Group10", "exit_code": 0, "seconds": 24.504790584000148, "maximum_child_rss_bytes": 3263168512, "user_seconds": 38.920099, "system_seconds": 3.5262729999999998, "log": "results/clean_build_modules/CircuitCorrectness.ProgramCertificates.Group10.log", "command": ["/Users/hanbunko/Downloads/zkCNN/VerImgCmp/circuit_correctness/.elan/toolchains/leanprover--lean4---v4.28.0/bin/lake", "--no-cache", "build", "+CircuitCorrectness.ProgramCertificates.Group10"]}
⚠ [1601/1605] Replayed CircuitCorrectness.Affine
warning: CircuitCorrectness/Affine.lean:52:33: This simp argument is unused:
  add_assoc

Hint: Omit it from the simp argument list.
  simp [ih, add_left_comm,̵ ̵a̵d̵d̵_̵a̵s̵s̵o̵c̵]

Note: This linter can be disabled with `set_option linter.unusedSimpArgs false`
⚠ [1602/1605] Replayed CircuitCorrectness.ConcreteProgram
warning: CircuitCorrectness/ConcreteProgram.lean:257:61: This simp argument is unused:
  one_mul

Hint: Omit it from the simp argument list.
  simp only [expandLC, ̲List.map_cons, ̲List.map_nil, ̲evalLC, ̲List.sum_cons, ̲List.sum_nil,
        one_expand, ̲neg_one_expand, ̲cast_neg_one, ̲Nat.cast_one, ̲h1,o̵n̵e̵_̵m̵u̵l̵,̵ ̲add_zero, ̲mul_one]

Note: This linter can be disabled with `set_option linter.unusedSimpArgs false`
✔ [1605/1605] Built CircuitCorrectness.ProgramCertificates.Group10 (22s)
Build completed successfully (1605 jobs).

{"module": "CircuitCorrectness.Target", "exit_code": 0, "seconds": 4.003521999999975, "maximum_child_rss_bytes": 2051719168, "user_seconds": 1.8858, "system_seconds": 2.514306, "log": "results/clean_build_modules/CircuitCorrectness.Target.log", "command": ["/Users/hanbunko/Downloads/zkCNN/VerImgCmp/circuit_correctness/.elan/toolchains/leanprover--lean4---v4.28.0/bin/lake", "--no-cache", "build", "+CircuitCorrectness.Target"]}
✔ [1598/1598] Built CircuitCorrectness.Target (2.2s)
Build completed successfully (1598 jobs).

{"module": "CircuitCorrectness.ProgramCertificates.Group11", "exit_code": 0, "seconds": 7.416843125000014, "maximum_child_rss_bytes": 2510913536, "user_seconds": 6.686459, "system_seconds": 2.643827, "log": "results/clean_build_modules/CircuitCorrectness.ProgramCertificates.Group11.log", "command": ["/Users/hanbunko/Downloads/zkCNN/VerImgCmp/circuit_correctness/.elan/toolchains/leanprover--lean4---v4.28.0/bin/lake", "--no-cache", "build", "+CircuitCorrectness.ProgramCertificates.Group11"]}
⚠ [1601/1605] Replayed CircuitCorrectness.Affine
warning: CircuitCorrectness/Affine.lean:52:33: This simp argument is unused:
  add_assoc

Hint: Omit it from the simp argument list.
  simp [ih, add_left_comm,̵ ̵a̵d̵d̵_̵a̵s̵s̵o̵c̵]

Note: This linter can be disabled with `set_option linter.unusedSimpArgs false`
⚠ [1602/1605] Replayed CircuitCorrectness.ConcreteProgram
warning: CircuitCorrectness/ConcreteProgram.lean:257:61: This simp argument is unused:
  one_mul

Hint: Omit it from the simp argument list.
  simp only [expandLC, ̲List.map_cons, ̲List.map_nil, ̲evalLC, ̲List.sum_cons, ̲List.sum_nil,
        one_expand, ̲neg_one_expand, ̲cast_neg_one, ̲Nat.cast_one, ̲h1,o̵n̵e̵_̵m̵u̵l̵,̵ ̲add_zero, ̲mul_one]

Note: This linter can be disabled with `set_option linter.unusedSimpArgs false`
✔ [1605/1605] Built CircuitCorrectness.ProgramCertificates.Group11 (5.6s)
Build completed successfully (1605 jobs).

{"module": "CircuitCorrectness.Composition", "exit_code": 0, "seconds": 4.176958583000669, "maximum_child_rss_bytes": 2056421376, "user_seconds": 1.860056, "system_seconds": 2.706727, "log": "results/clean_build_modules/CircuitCorrectness.Composition.log", "command": ["/Users/hanbunko/Downloads/zkCNN/VerImgCmp/circuit_correctness/.elan/toolchains/leanprover--lean4---v4.28.0/bin/lake", "--no-cache", "build", "+CircuitCorrectness.Composition"]}
✔ [1599/1599] Built CircuitCorrectness.Composition (2.3s)
Build completed successfully (1599 jobs).

{"module": "CircuitCorrectness.ProgramCertificates.All", "exit_code": 0, "seconds": 5.140389000000141, "maximum_child_rss_bytes": 2165096448, "user_seconds": 3.54577, "system_seconds": 2.674304, "log": "results/clean_build_modules/CircuitCorrectness.ProgramCertificates.All.log", "command": ["/Users/hanbunko/Downloads/zkCNN/VerImgCmp/circuit_correctness/.elan/toolchains/leanprover--lean4---v4.28.0/bin/lake", "--no-cache", "build", "+CircuitCorrectness.ProgramCertificates.All"]}
⚠ [1601/1615] Replayed CircuitCorrectness.Affine
warning: CircuitCorrectness/Affine.lean:52:33: This simp argument is unused:
  add_assoc

Hint: Omit it from the simp argument list.
  simp [ih, add_left_comm,̵ ̵a̵d̵d̵_̵a̵s̵s̵o̵c̵]

Note: This linter can be disabled with `set_option linter.unusedSimpArgs false`
⚠ [1602/1615] Replayed CircuitCorrectness.ConcreteProgram
warning: CircuitCorrectness/ConcreteProgram.lean:257:61: This simp argument is unused:
  one_mul

Hint: Omit it from the simp argument list.
  simp only [expandLC, ̲List.map_cons, ̲List.map_nil, ̲evalLC, ̲List.sum_cons, ̲List.sum_nil,
        one_expand, ̲neg_one_expand, ̲cast_neg_one, ̲Nat.cast_one, ̲h1,o̵n̵e̵_̵m̵u̵l̵,̵ ̲add_zero, ̲mul_one]

Note: This linter can be disabled with `set_option linter.unusedSimpArgs false`
✔ [1615/1615] Built CircuitCorrectness.ProgramCertificates.All (3.3s)
Build completed successfully (1615 jobs).

{"module": "CircuitCorrectness.Seed", "exit_code": 0, "seconds": 4.609139416999824, "maximum_child_rss_bytes": 2119368704, "user_seconds": 2.8994429999999998, "system_seconds": 2.597243, "log": "results/clean_build_modules/CircuitCorrectness.Seed.log", "command": ["/Users/hanbunko/Downloads/zkCNN/VerImgCmp/circuit_correctness/.elan/toolchains/leanprover--lean4---v4.28.0/bin/lake", "--no-cache", "build", "+CircuitCorrectness.Seed"]}
✔ [1646/1646] Built CircuitCorrectness.Seed (2.7s)
Build completed successfully (1646 jobs).

{"module": "CircuitCorrectness.InputBridge", "exit_code": 0, "seconds": 4.261884666000697, "maximum_child_rss_bytes": 2058829824, "user_seconds": 1.8862539999999999, "system_seconds": 2.767335, "log": "results/clean_build_modules/CircuitCorrectness.InputBridge.log", "command": ["/Users/hanbunko/Downloads/zkCNN/VerImgCmp/circuit_correctness/.elan/toolchains/leanprover--lean4---v4.28.0/bin/lake", "--no-cache", "build", "+CircuitCorrectness.InputBridge"]}
⚠ [1647/1653] Replayed CircuitCorrectness.Affine
warning: CircuitCorrectness/Affine.lean:52:33: This simp argument is unused:
  add_assoc

Hint: Omit it from the simp argument list.
  simp [ih, add_left_comm,̵ ̵a̵d̵d̵_̵a̵s̵s̵o̵c̵]

Note: This linter can be disabled with `set_option linter.unusedSimpArgs false`
⚠ [1648/1653] Replayed CircuitCorrectness.PoseidonProgram
warning: CircuitCorrectness/PoseidonProgram.lean:38:15: unused variable `one`

Note: This linter can be disabled with `set_option linter.unusedVariables false`
warning: CircuitCorrectness/PoseidonProgram.lean:137:14: This simp argument is unused:
  Function.comp_def

Hint: Omit it from the simp argument list.
  simp [hc,̵ ̵F̵u̵n̵c̵t̵i̵o̵n̵.̵c̵o̵m̵p̵_̵d̵e̵f̵]

Note: This linter can be disabled with `set_option linter.unusedSimpArgs false`
warning: CircuitCorrectness/PoseidonProgram.lean:194:68: This simp argument is unused:
  one_mul

Hint: Omit it from the simp argument list.
  simp only [Instruction.value, Affine.eval_constant, Nat.cast_one, o̵n̵e̵_̵m̵u̵l̵,̵
  ̵ ̵ ̵ ̵ ̵h1, mul_one, Affine.eval_nil,
  ̲  ̲ ̲ ̲add_zero] at ho

Note: This linter can be disabled with `set_option linter.unusedSimpArgs false`
⚠ [1652/1653] Replayed CircuitCorrectness.DctProgram
warning: CircuitCorrectness/DctProgram.lean:71:2: try 'simp' instead of 'simpa'

Note: This linter can be disabled with `set_option linter.unnecessarySimpa false`
warning: CircuitCorrectness/DctProgram.lean:239:31: Used `tac1 <;> tac2` where `(tac1; tac2)` would suffice

Note: This linter can be disabled with `set_option linter.unnecessarySeqFocus false`
✔ [1653/1653] Built CircuitCorrectness.InputBridge (2.3s)
Build completed successfully (1653 jobs).

{"module": "CircuitCorrectness.SatisfyingWitness", "exit_code": 0, "seconds": 4.262326625000242, "maximum_child_rss_bytes": 2058518528, "user_seconds": 1.874507, "system_seconds": 2.745065, "log": "results/clean_build_modules/CircuitCorrectness.SatisfyingWitness.log", "command": ["/Users/hanbunko/Downloads/zkCNN/VerImgCmp/circuit_correctness/.elan/toolchains/leanprover--lean4---v4.28.0/bin/lake", "--no-cache", "build", "+CircuitCorrectness.SatisfyingWitness"]}
⚠ [1647/1662] Replayed CircuitCorrectness.Affine
warning: CircuitCorrectness/Affine.lean:52:33: This simp argument is unused:
  add_assoc

Hint: Omit it from the simp argument list.
  simp [ih, add_left_comm,̵ ̵a̵d̵d̵_̵a̵s̵s̵o̵c̵]

Note: This linter can be disabled with `set_option linter.unusedSimpArgs false`
⚠ [1648/1662] Replayed CircuitCorrectness.ConcreteProgram
warning: CircuitCorrectness/ConcreteProgram.lean:257:61: This simp argument is unused:
  one_mul

Hint: Omit it from the simp argument list.
  simp only [expandLC, ̲List.map_cons, ̲List.map_nil, ̲evalLC, ̲List.sum_cons, ̲List.sum_nil,
        one_expand, ̲neg_one_expand, ̲cast_neg_one, ̲Nat.cast_one, ̲h1,o̵n̵e̵_̵m̵u̵l̵,̵ ̲add_zero, ̲mul_one]

Note: This linter can be disabled with `set_option linter.unusedSimpArgs false`
✔ [1662/1662] Built CircuitCorrectness.SatisfyingWitness (2.3s)
Build completed successfully (1662 jobs).

{"module": "CircuitCorrectness.ActualHash", "exit_code": 0, "seconds": 4.295370208999884, "maximum_child_rss_bytes": 2141257728, "user_seconds": 1.928385, "system_seconds": 2.597342, "log": "results/clean_build_modules/CircuitCorrectness.ActualHash.log", "command": ["/Users/hanbunko/Downloads/zkCNN/VerImgCmp/circuit_correctness/.elan/toolchains/leanprover--lean4---v4.28.0/bin/lake", "--no-cache", "build", "+CircuitCorrectness.ActualHash"]}
⚠ [1601/1828] Replayed CircuitCorrectness.Affine
warning: CircuitCorrectness/Affine.lean:52:33: This simp argument is unused:
  add_assoc

Hint: Omit it from the simp argument list.
  simp [ih, add_left_comm,̵ ̵a̵d̵d̵_̵a̵s̵s̵o̵c̵]

Note: This linter can be disabled with `set_option linter.unusedSimpArgs false`
⚠ [1602/1828] Replayed CircuitCorrectness.ConcreteProgram
warning: CircuitCorrectness/ConcreteProgram.lean:257:61: This simp argument is unused:
  one_mul

Hint: Omit it from the simp argument list.
  simp only [expandLC, ̲List.map_cons, ̲List.map_nil, ̲evalLC, ̲List.sum_cons, ̲List.sum_nil,
        one_expand, ̲neg_one_expand, ̲cast_neg_one, ̲Nat.cast_one, ̲h1,o̵n̵e̵_̵m̵u̵l̵,̵ ̲add_zero, ̲mul_one]

Note: This linter can be disabled with `set_option linter.unusedSimpArgs false`
⚠ [1621/1828] Replayed CircuitCorrectness.HashWiringCertificates.Transfer
warning: CircuitCorrectness/HashWiringCertificates/Transfer.lean:23:10: This simp argument is unused:
  Function.comp_def

Hint: Omit it from the simp argument list.
  simp [F̵u̵n̵c̵t̵i̵o̵n̵.̵c̵o̵m̵p̵_̵d̵e̵f̵,̵ ̵rename8_input node i hi8, getElem!_pos, hin]

Note: This linter can be disabled with `set_option linter.unusedSimpArgs false`
⚠ [1622/1828] Replayed CircuitCorrectness.PoseidonProgram
warning: CircuitCorrectness/PoseidonProgram.lean:38:15: unused variable `one`

Note: This linter can be disabled with `set_option linter.unusedVariables false`
warning: CircuitCorrectness/PoseidonProgram.lean:137:14: This simp argument is unused:
  Function.comp_def

Hint: Omit it from the simp argument list.
  simp [hc,̵ ̵F̵u̵n̵c̵t̵i̵o̵n̵.̵c̵o̵m̵p̵_̵d̵e̵f̵]

Note: This linter can be disabled with `set_option linter.unusedSimpArgs false`
warning: CircuitCorrectness/PoseidonProgram.lean:194:68: This simp argument is unused:
  one_mul

Hint: Omit it from the simp argument list.
  simp only [Instruction.value, Affine.eval_constant, Nat.cast_one, o̵n̵e̵_̵m̵u̵l̵,̵
  ̵ ̵ ̵ ̵ ̵h1, mul_one, Affine.eval_nil,
  ̲  ̲ ̲ ̲add_zero] at ho

Note: This linter can be disabled with `set_option linter.unusedSimpArgs false`
ℹ [1691/1828] Replayed CircuitCorrectness.HashTrace8.All
info: CircuitCorrectness/HashTrace8/All.lean:390:0: 'CircuitCorrectness.HashTrace8.template_sound' depends on axioms: [propext, Classical.choice, Quot.sound]
ℹ [1757/1828] Replayed CircuitCorrectness.HashTrace2.All
info: CircuitCorrectness/HashTrace2/All.lean:380:0: 'CircuitCorrectness.HashTrace2.template_sound' depends on axioms: [propext, Classical.choice, Quot.sound]
⚠ [1763/1828] Replayed CircuitCorrectness.PackingCertificates.Base
warning: CircuitCorrectness/PackingCertificates/Base.lean:32:17: This simp argument is unused:
  one_mul

Hint: Omit it from the simp argument list.
  simp only [Affine.eval_cons, ̲Affine.eval_nil, ̲ConcreteProgram.cast_neg_one,
  ̵  ̵ ̵ ̵Nat.cast_one,o̵
  ̲ ̲ ̲ ̲ ̲ne_̵m̵u̵l̵,̵n̵e̵g_one_mul, ̲h1, ̲add_zero, ̲mul_one]

Note: This linter can be disabled with `set_option linter.unusedSimpArgs false`
⚠ [1826/1828] Replayed CircuitCorrectness.DctProgram
warning: CircuitCorrectness/DctProgram.lean:71:2: try 'simp' instead of 'simpa'

Note: This linter can be disabled with `set_option linter.unnecessarySimpa false`
warning: CircuitCorrectness/DctProgram.lean:239:31: Used `tac1 <;> tac2` where `(tac1; tac2)` would suffice

Note: This linter can be disabled with `set_option linter.unnecessarySeqFocus false`
✔ [1828/1828] Built CircuitCorrectness.ActualHash (2.3s)
Build completed successfully (1828 jobs).

{"module": "CircuitCorrectness.Complete", "exit_code": 0, "seconds": 4.314172041000347, "maximum_child_rss_bytes": 2152005632, "user_seconds": 1.987371, "system_seconds": 2.610169, "log": "results/clean_build_modules/CircuitCorrectness.Complete.log", "command": ["/Users/hanbunko/Downloads/zkCNN/VerImgCmp/circuit_correctness/.elan/toolchains/leanprover--lean4---v4.28.0/bin/lake", "--no-cache", "build", "+CircuitCorrectness.Complete"]}
⚠ [1601/1866] Replayed CircuitCorrectness.Affine
warning: CircuitCorrectness/Affine.lean:52:33: This simp argument is unused:
  add_assoc

Hint: Omit it from the simp argument list.
  simp [ih, add_left_comm,̵ ̵a̵d̵d̵_̵a̵s̵s̵o̵c̵]

Note: This linter can be disabled with `set_option linter.unusedSimpArgs false`
⚠ [1602/1866] Replayed CircuitCorrectness.ConcreteProgram
warning: CircuitCorrectness/ConcreteProgram.lean:257:61: This simp argument is unused:
  one_mul

Hint: Omit it from the simp argument list.
  simp only [expandLC, ̲List.map_cons, ̲List.map_nil, ̲evalLC, ̲List.sum_cons, ̲List.sum_nil,
        one_expand, ̲neg_one_expand, ̲cast_neg_one, ̲Nat.cast_one, ̲h1,o̵n̵e̵_̵m̵u̵l̵,̵ ̲add_zero, ̲mul_one]

Note: This linter can be disabled with `set_option linter.unusedSimpArgs false`
⚠ [1621/1866] Replayed CircuitCorrectness.HashWiringCertificates.Transfer
warning: CircuitCorrectness/HashWiringCertificates/Transfer.lean:23:10: This simp argument is unused:
  Function.comp_def

Hint: Omit it from the simp argument list.
  simp [F̵u̵n̵c̵t̵i̵o̵n̵.̵c̵o̵m̵p̵_̵d̵e̵f̵,̵ ̵rename8_input node i hi8, getElem!_pos, hin]

Note: This linter can be disabled with `set_option linter.unusedSimpArgs false`
⚠ [1622/1866] Replayed CircuitCorrectness.PoseidonProgram
warning: CircuitCorrectness/PoseidonProgram.lean:38:15: unused variable `one`

Note: This linter can be disabled with `set_option linter.unusedVariables false`
warning: CircuitCorrectness/PoseidonProgram.lean:137:14: This simp argument is unused:
  Function.comp_def

Hint: Omit it from the simp argument list.
  simp [hc,̵ ̵F̵u̵n̵c̵t̵i̵o̵n̵.̵c̵o̵m̵p̵_̵d̵e̵f̵]

Note: This linter can be disabled with `set_option linter.unusedSimpArgs false`
warning: CircuitCorrectness/PoseidonProgram.lean:194:68: This simp argument is unused:
  one_mul

Hint: Omit it from the simp argument list.
  simp only [Instruction.value, Affine.eval_constant, Nat.cast_one, o̵n̵e̵_̵m̵u̵l̵,̵
  ̵ ̵ ̵ ̵ ̵h1, mul_one, Affine.eval_nil,
  ̲  ̲ ̲ ̲add_zero] at ho

Note: This linter can be disabled with `set_option linter.unusedSimpArgs false`
ℹ [1691/1866] Replayed CircuitCorrectness.HashTrace8.All
info: CircuitCorrectness/HashTrace8/All.lean:390:0: 'CircuitCorrectness.HashTrace8.template_sound' depends on axioms: [propext, Classical.choice, Quot.sound]
ℹ [1757/1866] Replayed CircuitCorrectness.HashTrace2.All
info: CircuitCorrectness/HashTrace2/All.lean:380:0: 'CircuitCorrectness.HashTrace2.template_sound' depends on axioms: [propext, Classical.choice, Quot.sound]
⚠ [1763/1866] Replayed CircuitCorrectness.PackingCertificates.Base
warning: CircuitCorrectness/PackingCertificates/Base.lean:32:17: This simp argument is unused:
  one_mul

Hint: Omit it from the simp argument list.
  simp only [Affine.eval_cons, ̲Affine.eval_nil, ̲ConcreteProgram.cast_neg_one,
  ̵  ̵ ̵ ̵Nat.cast_one,o̵
  ̲ ̲ ̲ ̲ ̲ne_̵m̵u̵l̵,̵n̵e̵g_one_mul, ̲h1, ̲add_zero, ̲mul_one]

Note: This linter can be disabled with `set_option linter.unusedSimpArgs false`
⚠ [1826/1866] Replayed CircuitCorrectness.DctProgram
warning: CircuitCorrectness/DctProgram.lean:71:2: try 'simp' instead of 'simpa'

Note: This linter can be disabled with `set_option linter.unnecessarySimpa false`
warning: CircuitCorrectness/DctProgram.lean:239:31: Used `tac1 <;> tac2` where `(tac1; tac2)` would suffice

Note: This linter can be disabled with `set_option linter.unnecessarySeqFocus false`
✔ [1866/1866] Built CircuitCorrectness.Complete (2.3s)
Build completed successfully (1866 jobs).

{"module": "CircuitCorrectness", "exit_code": 0, "seconds": 4.151339208000536, "maximum_child_rss_bytes": 2122629120, "user_seconds": 1.8811039999999999, "system_seconds": 2.598233, "log": "results/clean_build_modules/CircuitCorrectness.log", "command": ["/Users/hanbunko/Downloads/zkCNN/VerImgCmp/circuit_correctness/.elan/toolchains/leanprover--lean4---v4.28.0/bin/lake", "--no-cache", "build", "+CircuitCorrectness"]}
⚠ [1607/1868] Replayed CircuitCorrectness.Affine
warning: CircuitCorrectness/Affine.lean:52:33: This simp argument is unused:
  add_assoc

Hint: Omit it from the simp argument list.
  simp [ih, add_left_comm,̵ ̵a̵d̵d̵_̵a̵s̵s̵o̵c̵]

Note: This linter can be disabled with `set_option linter.unusedSimpArgs false`
⚠ [1608/1868] Replayed CircuitCorrectness.ConcreteProgram
warning: CircuitCorrectness/ConcreteProgram.lean:257:61: This simp argument is unused:
  one_mul

Hint: Omit it from the simp argument list.
  simp only [expandLC, ̲List.map_cons, ̲List.map_nil, ̲evalLC, ̲List.sum_cons, ̲List.sum_nil,
        one_expand, ̲neg_one_expand, ̲cast_neg_one, ̲Nat.cast_one, ̲h1,o̵n̵e̵_̵m̵u̵l̵,̵ ̲add_zero, ̲mul_one]

Note: This linter can be disabled with `set_option linter.unusedSimpArgs false`
⚠ [1625/1868] Replayed CircuitCorrectness.HashWiringCertificates.Transfer
warning: CircuitCorrectness/HashWiringCertificates/Transfer.lean:23:10: This simp argument is unused:
  Function.comp_def

Hint: Omit it from the simp argument list.
  simp [F̵u̵n̵c̵t̵i̵o̵n̵.̵c̵o̵m̵p̵_̵d̵e̵f̵,̵ ̵rename8_input node i hi8, getElem!_pos, hin]

Note: This linter can be disabled with `set_option linter.unusedSimpArgs false`
⚠ [1626/1868] Replayed CircuitCorrectness.PoseidonProgram
warning: CircuitCorrectness/PoseidonProgram.lean:38:15: unused variable `one`

Note: This linter can be disabled with `set_option linter.unusedVariables false`
warning: CircuitCorrectness/PoseidonProgram.lean:137:14: This simp argument is unused:
  Function.comp_def

Hint: Omit it from the simp argument list.
  simp [hc,̵ ̵F̵u̵n̵c̵t̵i̵o̵n̵.̵c̵o̵m̵p̵_̵d̵e̵f̵]

Note: This linter can be disabled with `set_option linter.unusedSimpArgs false`
warning: CircuitCorrectness/PoseidonProgram.lean:194:68: This simp argument is unused:
  one_mul

Hint: Omit it from the simp argument list.
  simp only [Instruction.value, Affine.eval_constant, Nat.cast_one, o̵n̵e̵_̵m̵u̵l̵,̵
  ̵ ̵ ̵ ̵ ̵h1, mul_one, Affine.eval_nil,
  ̲  ̲ ̲ ̲add_zero] at ho

Note: This linter can be disabled with `set_option linter.unusedSimpArgs false`
ℹ [1695/1868] Replayed CircuitCorrectness.HashTrace8.All
info: CircuitCorrectness/HashTrace8/All.lean:390:0: 'CircuitCorrectness.HashTrace8.template_sound' depends on axioms: [propext, Classical.choice, Quot.sound]
ℹ [1761/1868] Replayed CircuitCorrectness.HashTrace2.All
info: CircuitCorrectness/HashTrace2/All.lean:380:0: 'CircuitCorrectness.HashTrace2.template_sound' depends on axioms: [propext, Classical.choice, Quot.sound]
⚠ [1766/1868] Replayed CircuitCorrectness.PackingCertificates.Base
warning: CircuitCorrectness/PackingCertificates/Base.lean:32:17: This simp argument is unused:
  one_mul

Hint: Omit it from the simp argument list.
  simp only [Affine.eval_cons, ̲Affine.eval_nil, ̲ConcreteProgram.cast_neg_one,
  ̵  ̵ ̵ ̵Nat.cast_one,o̵
  ̲ ̲ ̲ ̲ ̲ne_̵m̵u̵l̵,̵n̵e̵g_one_mul, ̲h1, ̲add_zero, ̲mul_one]

Note: This linter can be disabled with `set_option linter.unusedSimpArgs false`
⚠ [1828/1868] Replayed CircuitCorrectness.DctProgram
warning: CircuitCorrectness/DctProgram.lean:71:2: try 'simp' instead of 'simpa'

Note: This linter can be disabled with `set_option linter.unnecessarySimpa false`
warning: CircuitCorrectness/DctProgram.lean:239:31: Used `tac1 <;> tac2` where `(tac1; tac2)` would suffice

Note: This linter can be disabled with `set_option linter.unnecessarySeqFocus false`
✔ [1868/1868] Built CircuitCorrectness (2.2s)
Build completed successfully (1868 jobs).

{"module": "Certification", "exit_code": 0, "seconds": 5.028016082999784, "maximum_child_rss_bytes": 2165702656, "user_seconds": 2.770359, "system_seconds": 2.623134, "log": "results/clean_build_modules/Certification.log", "command": ["/Users/hanbunko/Downloads/zkCNN/VerImgCmp/circuit_correctness/.elan/toolchains/leanprover--lean4---v4.28.0/bin/lake", "--no-cache", "build", "+Certification"]}
⚠ [1607/1869] Replayed CircuitCorrectness.Affine
warning: CircuitCorrectness/Affine.lean:52:33: This simp argument is unused:
  add_assoc

Hint: Omit it from the simp argument list.
  simp [ih, add_left_comm,̵ ̵a̵d̵d̵_̵a̵s̵s̵o̵c̵]

Note: This linter can be disabled with `set_option linter.unusedSimpArgs false`
⚠ [1608/1869] Replayed CircuitCorrectness.ConcreteProgram
warning: CircuitCorrectness/ConcreteProgram.lean:257:61: This simp argument is unused:
  one_mul

Hint: Omit it from the simp argument list.
  simp only [expandLC, ̲List.map_cons, ̲List.map_nil, ̲evalLC, ̲List.sum_cons, ̲List.sum_nil,
        one_expand, ̲neg_one_expand, ̲cast_neg_one, ̲Nat.cast_one, ̲h1,o̵n̵e̵_̵m̵u̵l̵,̵ ̲add_zero, ̲mul_one]

Note: This linter can be disabled with `set_option linter.unusedSimpArgs false`
⚠ [1625/1869] Replayed CircuitCorrectness.HashWiringCertificates.Transfer
warning: CircuitCorrectness/HashWiringCertificates/Transfer.lean:23:10: This simp argument is unused:
  Function.comp_def

Hint: Omit it from the simp argument list.
  simp [F̵u̵n̵c̵t̵i̵o̵n̵.̵c̵o̵m̵p̵_̵d̵e̵f̵,̵ ̵rename8_input node i hi8, getElem!_pos, hin]

Note: This linter can be disabled with `set_option linter.unusedSimpArgs false`
⚠ [1626/1869] Replayed CircuitCorrectness.PoseidonProgram
warning: CircuitCorrectness/PoseidonProgram.lean:38:15: unused variable `one`

Note: This linter can be disabled with `set_option linter.unusedVariables false`
warning: CircuitCorrectness/PoseidonProgram.lean:137:14: This simp argument is unused:
  Function.comp_def

Hint: Omit it from the simp argument list.
  simp [hc,̵ ̵F̵u̵n̵c̵t̵i̵o̵n̵.̵c̵o̵m̵p̵_̵d̵e̵f̵]

Note: This linter can be disabled with `set_option linter.unusedSimpArgs false`
warning: CircuitCorrectness/PoseidonProgram.lean:194:68: This simp argument is unused:
  one_mul

Hint: Omit it from the simp argument list.
  simp only [Instruction.value, Affine.eval_constant, Nat.cast_one, o̵n̵e̵_̵m̵u̵l̵,̵
  ̵ ̵ ̵ ̵ ̵h1, mul_one, Affine.eval_nil,
  ̲  ̲ ̲ ̲add_zero] at ho

Note: This linter can be disabled with `set_option linter.unusedSimpArgs false`
ℹ [1695/1869] Replayed CircuitCorrectness.HashTrace8.All
info: CircuitCorrectness/HashTrace8/All.lean:390:0: 'CircuitCorrectness.HashTrace8.template_sound' depends on axioms: [propext, Classical.choice, Quot.sound]
ℹ [1761/1869] Replayed CircuitCorrectness.HashTrace2.All
info: CircuitCorrectness/HashTrace2/All.lean:380:0: 'CircuitCorrectness.HashTrace2.template_sound' depends on axioms: [propext, Classical.choice, Quot.sound]
⚠ [1766/1869] Replayed CircuitCorrectness.PackingCertificates.Base
warning: CircuitCorrectness/PackingCertificates/Base.lean:32:17: This simp argument is unused:
  one_mul

Hint: Omit it from the simp argument list.
  simp only [Affine.eval_cons, ̲Affine.eval_nil, ̲ConcreteProgram.cast_neg_one,
  ̵  ̵ ̵ ̵Nat.cast_one,o̵
  ̲ ̲ ̲ ̲ ̲ne_̵m̵u̵l̵,̵n̵e̵g_one_mul, ̲h1, ̲add_zero, ̲mul_one]

Note: This linter can be disabled with `set_option linter.unusedSimpArgs false`
⚠ [1828/1869] Replayed CircuitCorrectness.DctProgram
warning: CircuitCorrectness/DctProgram.lean:71:2: try 'simp' instead of 'simpa'

Note: This linter can be disabled with `set_option linter.unnecessarySimpa false`
warning: CircuitCorrectness/DctProgram.lean:239:31: Used `tac1 <;> tac2` where `(tac1; tac2)` would suffice

Note: This linter can be disabled with `set_option linter.unnecessarySeqFocus false`
ℹ [1869/1869] Built Certification (3.2s)
info: Certification.lean:12:0: 'CircuitCorrectness.Target.step_soundness' depends on axioms: [propext, Classical.choice, Quot.sound]
info: Certification.lean:13:0: 'CircuitCorrectness.Target.step_completeness' depends on axioms: [propext, Classical.choice, Quot.sound]
info: Certification.lean:14:0: 'CircuitCorrectness.Target.step_determinism' depends on axioms: [propext, Classical.choice, Quot.sound]
info: Certification.lean:16:0: CircuitCorrectness.Target.connected_steps (images : ℕ → CircuitCorrectness.Spec.Image)
  (states : ℕ → CircuitCorrectness.Spec.State) (witnesses : ℕ → CircuitCorrectness.Assignment) (count : ℕ)
  (hc : CircuitCorrectness.Target.ConnectedSteps images states witnesses count) :
  states count = CircuitCorrectness.Target.execute images count (states 0)
info: Certification.lean:17:0: CircuitCorrectness.Target.connected360 (images : ℕ → CircuitCorrectness.Spec.Image)
  (states : ℕ → CircuitCorrectness.Spec.State) (witnesses : ℕ → CircuitCorrectness.Assignment)
  (hc : CircuitCorrectness.Target.ConnectedSteps images states witnesses 360) :
  states 360 = CircuitCorrectness.Target.execute images 360 (states 0)
info: Certification.lean:18:0: 'CircuitCorrectness.Target.connected360' depends on axioms: [propext, Classical.choice, Quot.sound]
Build completed successfully (1869 jobs).
